0,44,35,24,1,-25,-10,-3,-2,38,25,6,29,-21,-12,-3,-1,-18,-29,-8,35,-30,-13,-3,-1,-19,-24,25,-11,-31,-15,-1,0,-16,13,15,-42,-36,-20,0,-2,35,23,-23,-29,-35,-20,-2,-1,70,36,6,-6,9,6,-5,-1,-7,45,21,21,33,6,-5,2
0,-8,-26,7,12,-25,-10,-3,-2,-15,-47,6,29,-21,-12,-3,-1,-18,-34,37,31,-19,-13,-3,-1,-19,-20,29,16,-31,-15,-1,0,-16,-18,26,3,-36,-20,0,-2,-13,4,33,9,-35,-20,-2,-1,-10,-7,29,-11,-35,-18,-5,-1,-7,-22,-6,-14,-28,-12,-5,1
0,44,30,24,1,-21,-10,-3,-2,53,25,-18,29,-17,-12,-3,-1,76,-13,-12,35,-27,-13,-3,-1,27,-16,1,16,-31,-15,-1,0,-16,-18,26,-22,-36,-20,0,-2,-13,23,25,-29,-35,-20,-2,-1,30,36,6,-6,13,26,-5,-1,44,45,21,21,25,82,10,2
0,-8,30,-10,-66,-25,-10,-3,-2,-15,11,18,-51,-33,-12,-3,-1,-18,9,37,-8,-30,-13,-3,-1,-11,23,29,-19,-31,-15,-1,0,-16,-18,15,-1,-36,-20,0,-2,-13,-25,10,24,-35,-20,-2,-1,-10,-11,6,30,1,6,21,-1,-7,31,21,21,37,82,127,1
0,-8,-11,1,23,18,-10,-3,-2,0,16,0,9,15,-12,-3,-1,16,0,-29,11,12,-13,-3,-1,-19,-36,-32,16,6,-2,-1,0,-16,1,26,23,30,48,0,-2,-13,-3,33,20,-5,-20,-2,-1,-10,-32,29,-20,-35,-18,-5,-1,-7,-2,5,-57,-28,-12,-5,7
0,-8,-26,-39,-5,-25,34,-3,-2,-15,-33,18,-16,-9,96,26,-1,-18,13,9,-24,20,39,-3,-1,27,23,-28,-15,30,-15,-1,0,80,9,-35,15,14,1,0,-2,98,34,33,32,25,-3,-2,-1,57,15,20,17,-27,-18,-5,-1,-7,-26,-28,-14,-28,-12,-5,4
0,-8,-1,-5,-21,5,-10,-3,-2,8,25,-6,-6,30,15,-3,-1,-18,17,-16,0,28,-13,-3,-1,-19,-16,25,20,-18,-15,-1,0,-16,9,23,15,-32,-20,0,-2,19,23,-27,5,-5,-20,-2,-1,30,15,-21,17,-7,-18,-5,-1,-7,2,-12,-28,-28,-12,-5,8
0,123,35,7,23,43,5,-3,-2,68,25,18,-11,-17,-12,-3,-1,36,17,17,-24,-30,-13,-3,-1,42,27,29,16,-31,-15,-1,0,-9,-6,-12,23,-36,-20,0,-2,-13,-25,-9,32,-22,-20,-2,-1,4,-11,25,17,-35,-18,-5,-1,95,45,21,-48,-28,-12,-5,5
0,44,40,24,1,-25,-10,-3,-2,53,20,-12,29,-21,-12,-3,-1,16,-13,-8,35,-19,-13,-3,-1,-19,-36,5,16,-31,-15,-1,0,-16,-10,26,-14,-36,-20,0,-2,-13,26,33,-25,-22,20,79,-1,30,36,11,3,29,35,21,-1,-7,36,21,6,1,-6,-5,2
0,-8,-21,-22,-10,9,12,-3,-2,-15,-42,24,29,30,42,-3,-1,-18,-42,29,35,31,9,-3,-1,-19,-32,29,24,30,-15,-1,0,-16,-6,26,23,5,-20,0,-2,-13,12,33,28,-18,-20,-2,-1,-10,2,29,21,-35,-18,-5,-1,-7,-22,-23,-18,-24,-12,-5,1
0,-8,-26,-61,1,9,-2,-3,-2,-15,-47,-48,29,30,-6,-3,-1,-18,-38,25,35,12,-13,-3,-1,-11,7,29,24,18,-15,-1,0,-2,17,-4,23,5,-20,0,-2,-13,-25,-27,28,-1,-20,-2,-1,-10,-32,-26,30,-19,-18,-5,-1,-7,-26,-50,6,-12,-12,-5,1
0,-8,-26,24,1,-21,-10,-3,-2,-15,-20,24,19,-5,-12,-3,-1,-18,17,33,-24,12,-13,-3,-1,-19,27,25,-39,26,-9,-1,0,-9,32,3,-42,22,-6,0,-2,-13,30,21,-18,29,-3,-2,-1,-10,6,29,30,25,-18,-5,-1,-7,-26,5,21,5,-12,-5,0
0,-8,40,12,-10,-16,-10,-3,-2,-15,-20,24,29,30,-12,-3,-1,-18,-42,37,35,31,17,-3,-1,-19,-20,29,24,26,-2,-1,0,-16,1,26,23,-7,-20,0,-2,11,30,33,32,-18,-20,-2,-1,4,36,29,21,-31,-18,-5,-1,-7,40,21,6,-16,-12,-5,1
0,-8,-6,24,23,9,-10,-3,-2,-15,-20,24,29,26,-6,-3,-1,-18,-25,37,35,16,-13,-3,-1,-19,-24,29,24,30,-15,-1,0,-16,1,26,23,-11,-20,0,-2,-5,23,33,32,-18,-20,-2,-1,30,36,29,26,-27,-18,-5,-1,-7,2,-1,1,-20,-12,-5,1
0,-8,4,18,-33,-25,-10,-3,-2,-15,16,-6,14,-17,-12,-3,-1,-18,4,0,0,20,-13,-3,-1,-19,-16,29,24,35,-9,-1,0,-16,-29,-35,-42,22,28,0,-2,-13,-25,-27,-29,8,54,-2,-1,-10,-24,6,-43,9,40,-5,-1,-7,-2,21,11,9,11,-5,9
0,70,45,12,23,43,63,-3,-2,53,20,-18,-16,-29,-12,-3,-1,49,26,17,-24,-30,-13,-3,-1,-11,-8,21,-3,-31,-15,-1,0,-16,-29,-8,23,-36,-20,0,-2,-13,-25,-5,28,-35,-20,-2,-1,4,-28,6,3,-35,-18,-5,-1,70,45,21,-38,-28,-12,-5,5
0,18,14,18,23,43,56,-3,-2,45,25,0,-11,-1,22,-3,-1,36,17,0,-27,-30,-13,-3,-1,50,27,29,8,-31,-15,-1,0,39,21,-4,23,-23,-20,0,-2,-13,-25,-23,32,-18,-20,-2,-1,-10,-32,-7,26,-31,-18,-5,-1,-7,31,16,-33,-28,-12,-5,5
0,-8,-1,24,-38,-25,-10,-3,-2,-15,7,12,-46,-33,-12,-3,-1,-18,21,13,-27,-30,-13,-3,-1,4,27,1,-35,-31,-15,-1,0,32,32,26,23,1,-20,0,-2,-5,34,10,1,33,14,-2,-1,-10,19,20,-20,1,45,-5,-1,-7,-7,16,16,21,6,-5,6
0,-8,-26,-56,6,13,-10,-3,-2,-15,-47,-30,29,26,-12,-3,-1,-18,-42,17,35,-3,-13,-3,-1,-19,-36,25,24,-22,-15,-1,0,-16,-2,26,15,-36,-20,0,-2,-13,23,33,24,-35,-20,-2,-1,-10,2,25,30,-35,-18,-5,-1,-7,-26,-50,6,5,-12,-5,1
0,-8,14,24,-5,-25,-10,-3,-2,0,20,-24,29,-5,-12,-3,-1,2,13,-25,27,20,-13,-3,-1,-19,3,29,24,35,5,-1,0,-16,-29,-27,-22,26,8,0,-2,-13,-25,-27,-29,16,14,-2,-1,-10,-11,-17,-20,25,1,-5,-1,-7,2,16,21,21,-6,-5,9
0,-8,-11,12,-10,-21,-10,-3,-2,0,16,0,24,22,-6,-3,-1,23,13,-29,-16,24,47,-3,-1,19,11,-36,-39,14,37,-1,0,12,24,-35,-42,14,28,0,-2,-5,26,-12,-18,33,-3,-2,-1,-10,2,11,12,13,-18,-5,-1,-7,-17,16,-9,-16,-12,-5,0
0,-8,9,-5,1,35,5,-3,-2,45,25,-18,-31,-21,-12,-3,-1,49,21,-8,-27,-30,-13,-3,-1,4,11,29,16,-14,-15,-1,0,-16,-29,-27,11,30,-6,0,-2,-13,-25,-27,-29,29,31,-2,-1,-10,-24,-26,-6,25,26,-5,-1,-7,21,21,6,5,-12,-5,5
0,-8,-21,18,-33,-25,-10,-3,-2,-15,-11,24,-41,-33,-12,-3,-1,-18,21,17,-27,-3,17,-3,-1,42,27,5,-15,35,44,-1,0,25,32,26,23,30,8,0,-2,-13,-7,14,32,20,-20,-2,-1,-10,-32,11,26,-23,-18,-5,-1,-7,-26,16,-4,-28,-12,-5,4
0,-8,14,1,1,-21,-10,-3,-2,8,25,24,19,3,-12,-3,-1,23,21,9,-16,16,2,-3,-1,34,-1,-36,-39,6,31,-1,0,32,1,-35,-42,-7,35,0,-2,27,12,-27,-29,-5,31,-2,-1,-10,27,16,3,29,11,-5,-1,-7,-2,5,-4,-12,-12,-5,0
0,-8,-11,7,-21,-25,-10,-3,-2,15,25,24,19,-33,-12,-3,-1,56,4,9,11,-30,-13,-3,-1,42,19,25,-3,-31,-15,-1,0,-16,-2,26,19,-15,-20,0,-2,-13,-11,33,-18,20,31,-2,-1,-10,-11,25,-25,17,35,-5,-1,-7,-22,16,16,5,0,-5,8
0,-8,-6,7,18,13,-10,-3,-2,15,16,-36,-26,30,-12,-3,-1,29,9,-20,-20,31,-13,-3,-1,12,27,25,16,-2,-15,-1,0,-16,5,26,23,-15,-20,0,-2,-13,12,-5,1,29,-8,-2,-1,-10,15,-3,-25,17,35,-5,-1,-7,-17,10,21,33,23,-5,8
0,-8,-26,-10,18,-21,-10,-3,-2,-15,-24,24,29,7,-12,-3,-1,-18,17,-4,-4,28,-13,-3,-1,12,27,-20,-39,30,5,-1,0,18,28,-16,-42,10,14,0,-2,-13,19,14,-29,20,9,-2,-1,-10,2,29,30,29,-4,-5,-1,-7,-22,-23,6,5,-12,-5,0
0,-8,25,18,-60,-25,-10,-3,-2,-15,2,24,-46,-33,-12,-3,-1,-11,26,37,-24,-30,-13,-3,-1,-19,-5,29,-19,-31,-15,-1,0,-16,-29,19,-1,-36,-20,0,-2,-13,-25,10,24,-35,-20,-2,-1,-10,-11,6,26,-11,1,21,-1,-7,21,21,21,37,82,127,1
0,-8,-26,-27,-10,-25,-10,-3,-2,-15,-33,18,-26,-33,-12,-3,-1,-18,4,17,-27,-23,2,-3,-1,19,19,-28,-35,22,31,-1,0,32,28,-27,-10,30,1,0,-2,11,26,33,32,-1,-20,-2,-1,-10,-32,-12,30,-35,-18,-5,-1,-7,-26,-34,21,-20,-12,-5,4
0,-8,4,-10,-21,-12,-10,-3,-2,-15,-20,24,29,3,-12,-3,-1,-18,-4,37,35,-7,-13,-3,-1,-19,-8,29,24,10,-15,-1,0,-16,13,26,23,-3,-20,0,-2,-13,0,33,32,3,-20,-2,-1,-10,10,29,30,-11,-18,-5,-1,-7,-7,-17,1,17,0,-5,1
0,-8,-26,-5,6,-25,-10,-3,-2,-15,-42,24,9,-33,-12,-3,-1,-18,-25,37,-4,-30,-13,-3,-1,-19,-8,29,24,-2,-15,-1,0,-16,1,26,23,22,55,0,-2,-13,8,33,-18,-14,71,127,-1,-10,-7,25,-20,21,60,46,-1,-7,-22,-6,21,33,11,-5,6
0,-8,-1,7,-60,-25,-10,-3,-2,-15,7,6,-51,-33,-12,-3,-1,-18,26,4,-27,-30,-13,-3,-1,19,27,-28,-39,-31,-15,-1,0,12,32,-4,19,1,-13,0,-2,19,34,33,16,29,42,-2,-1,4,32,20,-25,21,35,-5,-1,-7,-2,10,11,13,-6,-5,6
0,-8,-26,-10,6,-21,-10,-3,-2,-8,2,0,-16,-33,-12,-3,-1,-4,26,21,-27,-30,-13,-3,-1,12,27,9,-39,-31,-15,-1,0,12,32,23,-10,-19,-20,0,-2,19,34,33,20,33,14,-2,-1,-10,-2,29,-11,17,50,-5,-1,-7,-26,-28,16,33,17,-5,6
0,-8,-6,-5,1,35,-10,-3,-2,-15,20,0,19,30,15,-3,-1,-18,26,9,35,20,9,-3,-1,-19,-16,13,4,18,31,-1,0,-16,-29,-35,-42,-3,35,0,-2,-13,-25,-27,-29,8,20,-2,-1,70,23,-26,-43,21,1,-5,-1,-7,7,5,21,29,-6,-5,9
0,-8,40,24,18,-8,-10,-3,-2,-15,-7,-24,14,30,8,-3,-1,-18,-42,-29,23,31,39,-3,-1,-19,-36,-32,24,18,-15,-1,0,-16,-29,-35,19,5,-20,0,-2,-13,-25,-27,1,29,-20,-2,-1,-10,-19,-17,26,29,16,-5,-1,-7,45,21,21,17,-6,-5,3
0,18,35,24,6,-16,-10,-3,-2,23,16,-36,14,15,-12,-3,-1,-18,-42,-16,31,-3,-13,-3,-1,-19,-28,29,-7,-31,-15,-1,0,-16,-25,11,23,10,-13,0,-2,-13,-25,-27,-10,29,20,-2,-1,-10,-7,-44,-25,21,16,-5,-1,-7,50,21,16,5,-6,-5,3
0,-8,-26,-22,18,9,-10,-3,-2,-15,-33,24,9,30,15,-3,-1,-18,-34,13,-24,31,17,-3,-1,-19,-36,-36,-7,26,-15,-1,0,-16,-29,0,19,-23,-20,0,-2,11,34,25,-14,-35,-20,-2,-1,43,32,20,-11,-31,-18,-5,-1,-7,-26,-17,1,29,11,-5,2
0,-8,9,-10,-66,-25,-10,-3,-2,-15,-7,24,-51,-33,-12,-3,-1,-18,-17,37,-8,-30,-13,-3,-1,-19,-1,29,-3,-31,-15,-1,0,-16,-29,-12,15,-32,-20,0,-2,-13,-25,-20,32,-18,-20,-2,-1,-10,-28,-26,21,13,1,21,-1,-7,7,21,21,37,82,67,1
0,18,45,24,18,-8,-10,-3,-2,15,25,-18,4,26,8,-3,-1,23,26,-25,4,31,2,-3,-1,-4,19,5,20,35,24,-1,0,-16,-18,7,-10,26,14,0,-2,-13,-25,-27,-25,33,9,-2,-1,-10,-19,-30,7,25,-13,-5,-1,-7,36,21,11,-12,-12,-5,9
0,-8,-1,-5,1,-4,-10,-3,-2,-15,7,-36,-41,-21,-12,-3,-1,-18,-4,37,35,-15,-13,-3,-1,-19,11,29,24,-14,-15,-1,0,-16,17,26,23,-19,-20,0,-2,-13,19,33,32,-18,-20,-2,-1,-10,19,29,30,-3,-18,-5,-1,-7,2,-1,-4,1,-12,-5,1
0,-8,-26,-56,18,5,-10,-3,-2,-15,-47,-6,24,-25,22,-3,-1,-18,-21,37,-4,-7,107,-3,-1,-4,27,5,-23,22,70,-1,0,74,32,26,23,30,48,0,-2,35,-11,-12,13,33,3,-2,-1,-10,-32,-44,21,21,-18,-5,-1,-7,-26,-50,21,1,-12,-5,4
0,-8,-11,24,-16,-25,-10,-3,-2,15,20,18,29,-5,-12,-3,-1,36,26,-16,0,16,-13,-3,-1,27,27,-24,-39,22,5,-1,0,39,9,-35,-42,14,35,0,-2,-5,30,-20,-29,3,42,-2,-1,-10,23,20,3,25,40,-5,-1,-7,-12,-12,21,29,6,-5,0
0,-8,-26,-10,12,-25,-10,-3,-2,-15,-42,24,-1,-33,-12,-3,-1,-18,0,37,-24,-30,-13,-3,-1,12,27,-3,-39,-18,18,-1,0,53,28,-35,-34,26,48,0,-2,82,34,25,32,20,-14,-2,-1,17,15,20,30,-23,-18,-5,-1,-7,-26,-23,21,-20,-12,-5,4
0,-8,-16,7,-60,-25,-10,-3,-2,-15,-47,18,-21,-33,-12,-3,-1,-18,-42,33,11,-30,-13,-3,-1,-19,-36,17,24,-27,-15,-1,0,-16,-29,-12,19,-11,-20,0,-2,-13,-25,-27,16,3,-20,-2,-1,-10,-11,11,21,29,26,46,-1,-7,-17,-1,1,21,64,110,1
0,-8,20,18,6,-25,-10,-3,-2,23,16,-30,14,-25,-12,-3,-1,63,0,-25,23,-30,-13,-3,-1,12,-8,-11,4,-31,-15,-1,0,-16,-29,3,-18,-36,-20,0,-2,-13,-22,29,-29,-35,-20,-2,-1,-10,6,6,-43,-11,6,-5,-1,-7,26,21,21,37,82,39,2
0,-8,-26,-22,18,-25,-10,-3,-2,-15,-33,18,-36,-33,-12,-3,-1,-18,9,13,-27,-27,-13,-3,-1,12,27,-20,4,14,-15,-1,0,60,28,-27,15,5,-13,0,-2,90,34,33,32,20,-14,-2,-1,-10,-15,11,12,-35,-18,-5,-1,-7,-26,-6,-14,-28,-12,-5,4
0,-8,-21,18,12,-21,-10,-3,-2,0,11,24,29,-21,-12,-3,-1,16,26,37,35,-15,-13,-3,-1,12,27,29,24,-27,-15,-1,0,-16,-2,26,11,-36,-20,0,-2,-13,-7,33,13,-35,-20,-2,-1,-10,-15,29,3,-35,-18,-5,-1,-7,-17,21,-4,-28,-12,-5,1
0,-8,-26,-50,12,13,-10,-3,-2,-15,-47,6,4,-29,-12,-3,-1,-18,-4,29,-27,-30,-13,-3,-1,12,27,-20,-39,-14,-2,-1,0,67,17,-8,15,30,48,0,-2,90,34,25,13,33,3,-2,-1,17,-24,-44,7,17,-18,-5,-1,-7,-26,-50,21,9,-12,-5,4
0,-8,25,24,-21,-25,-10,-3,-2,38,11,-48,19,-5,-12,-3,-1,29,13,-20,0,0,-13,-3,-1,-19,-8,29,24,-10,-15,-1,0,-9,17,15,19,-11,-20,0,-2,11,34,-20,-14,20,14,-2,-1,43,36,-26,-38,9,40,-5,-1,-7,7,16,21,29,0,-5,8
0,-8,-11,-10,12,-12,-10,-3,-2,15,25,6,24,11,-12,-3,-1,36,13,-25,23,31,2,-3,-1,27,27,21,16,26,24,-1,0,-16,-10,-8,-38,10,35,0,-2,-5,4,-23,-29,-1,26,-2,-1,17,36,6,-6,21,16,-5,-1,-7,-2,-1,11,9,-6,-5,9
0,-8,4,18,23,39,70,-3,-2,-8,20,12,-11,-1,35,-3,-1,9,26,-8,-27,-30,-13,-3,-1,34,27,-3,-39,-31,-15,-1,0,-9,13,26,-10,-36,-20,0,-2,-13,-25,29,13,-35,-20,-2,-1,-10,-32,20,7,-35,-18,-5,-1,-7,17,21,-33,-28,-12,-5,5
0,18,50,18,-55,-25,-10,-3,-2,38,16,6,-6,-33,-12,-3,-1,43,-4,-4,23,-30,-13,-3,-1,-11,-36,-3,8,-31,-15,-1,0,-16,-29,-4,7,-36,-20,0,-2,-13,-25,14,-6,-35,-20,-2,-1,-10,-2,29,30,29,16,-5,-1,-7,50,16,1,21,6,-5,2
0,-8,-26,-22,-10,35,12,-3,-2,-8,11,6,-6,15,42,-3,-1,23,26,4,4,31,17,-3,-1,19,27,29,24,6,-15,-1,0,-16,-10,-4,15,14,-20,0,-2,-13,-25,-16,32,-14,-20,-2,-1,-10,-32,25,-6,-35,-18,-5,-1,-7,-22,-1,-48,-28,-12,-5,9
0,-8,-26,-10,1,9,-2,-3,-2,-15,-24,24,29,30,-12,-3,-1,-18,0,37,35,4,-13,-3,-1,-4,23,29,12,-22,-15,-1,0,12,32,26,-10,-36,-20,0,-2,-5,30,33,-3,-35,-20,-2,-1,-10,6,29,7,-31,-18,-5,-1,-7,-26,-34,1,-4,-12,-5,1
0,-8,-1,1,-10,-8,-10,-3,-2,-15,-24,24,29,30,8,-3,-1,-18,-42,37,35,31,-13,-3,-1,-19,-24,29,24,22,-15,-1,0,-16,-14,26,23,14,-20,0,-2,-13,4,33,32,-1,-20,-2,-1,-10,10,29,30,-7,-18,-5,-1,-7,12,-1,1,-12,-12,-5,1
0,-8,-6,-5,12,-8,-10,-3,-2,23,11,-48,-6,-5,-12,-3,-1,29,0,13,23,-23,-13,-3,-1,-11,-1,29,20,-22,-15,-1,0,-16,1,-8,-6,14,-20,0,-2,-13,19,-27,-25,25,9,-2,-1,-10,15,-17,-43,-7,21,-5,-1,-7,-17,16,21,33,11,-5,8
0,18,40,24,23,22,-10,-3,-2,60,25,-30,-51,-33,-12,-3,-1,16,21,-12,-27,-30,-13,-3,-1,-4,27,21,-19,-31,-15,-1,0,5,28,26,23,-23,-20,0,-2,-13,-22,-27,13,12,-20,-2,-1,-10,-28,-21,26,1,-18,-5,-1,-7,36,21,6,-24,-12,-5,5
0,-8,-26,1,6,-25,-10,-3,-2,-15,-38,24,9,-33,-12,-3,-1,-18,-25,37,-4,-30,-13,-3,-1,-19,3,29,-7,-31,-15,-1,0,-16,1,26,23,26,14,0,-2,-13,4,33,-29,-9,65,79,-1,-10,-2,29,-25,5,60,71,-1,-7,-22,-6,21,37,59,-5,6
0,-8,-6,18,12,-8,-10,-3,-2,-8,16,-24,-1,18,-6,-3,-1,16,13,-29,-27,31,9,-3,-1,27,11,-36,-39,22,5,-1,0,32,17,-35,-42,22,1,0,-2,-5,34,-27,-29,25,-3,-2,-1,-10,10,6,12,21,-18,-5,-1,-7,-22,-6,1,-16,-12,-5,0
0,-8,-11,18,-44,-25,-10,-3,-2,-15,-47,18,4,-33,-12,-3,-1,-18,-42,33,35,-23,-13,-3,-1,-19,-36,21,24,2,-15,-1,0,-16,-29,-8,11,22,-20,0,-2,-13,-25,-27,-14,33,3,-2,-1,-10,-19,-3,17,29,40,122,-1,-7,-12,16,21,37,82,127,1
0,-8,-26,-67,12,5,-10,-3,-2,-15,-47,6,29,3,-12,-3,-1,-18,0,37,35,-3,-13,-3,-1,34,27,-3,24,-22,-15,-1,0,-9,-10,-12,23,-11,-20,0,-2,-13,-25,-12,32,-9,-20,-2,-1,-10,-32,-35,30,-11,-18,-5,-1,-7,-26,-67,1,17,-12,-5,1
0,-8,-26,-33,12,-25,-10,-3,-2,-15,-29,18,-31,-33,-12,-3,-1,-11,13,9,-12,-3,-13,-3,-1,34,15,-32,12,10,24,-1,0,80,24,-4,23,30,48,0,-2,43,30,33,32,-5,-14,-2,-1,-10,-32,-17,30,-35,-18,-5,-1,-7,-26,-12,6,-28,-12,-5,4
0,-8,-11,-5,18,9,-10,-3,-2,15,16,-24,14,22,-12,-3,-1,36,4,-16,31,-7,-13,-3,-1,-11,-32,1,16,-31,-15,-1,0,-16,-29,-35,11,5,-20,0,-2,-13,-25,-27,-25,20,20,-2,-1,-10,6,-7,-34,-11,35,-5,-1,-7,-7,-12,11,37,47,-5,3
0,-8,14,24,23,26,-10,-3,-2,-15,25,6,-1,30,8,-3,-1,-18,9,-25,-20,31,17,-3,-1,-19,-36,-36,-15,30,-15,-1,0,-16,-29,-31,19,5,-20,0,-2,-13,-25,6,28,-26,-20,-2,-1,4,15,29,12,-3,21,21,-1,-7,26,21,21,37,59,10,2
0,-8,25,18,-21,-25,-10,-3,-2,-15,25,-48,4,-21,22,-3,-1,-18,17,-8,0,8,39,-3,-1,-19,-20,17,8,14,-15,-1,0,-16,-22,19,7,-36,-20,0,-2,-5,26,-1,16,-18,-20,-2,-1,83,10,-44,-29,13,-18,-5,-1,19,21,-6,1,13,-12,-5,8
0,-8,30,24,-10,-25,-10,-3,-2,30,20,24,29,-9,-12,-3,-1,-18,-42,-20,15,16,-13,-3,-1,-19,-36,-36,-3,2,-15,-1,0,-16,-29,-20,19,-27,-20,0,-2,-5,8,29,5,-22,-20,-2,-1,-10,36,29,30,29,16,-5,-1,-7,21,5,-18,-12,-6,-5,2
0,-8,-26,-5,6,-4,-10,-3,-2,-15,-33,24,14,-21,-12,-3,-1,-18,0,37,-20,-30,-13,-3,-1,12,27,29,12,-2,-15,-1,0,12,32,7,-10,30,-6,0,-2,-13,30,3,-29,29,14,-2,-1,-10,6,20,-25,25,1,-5,-1,-7,-22,-12,21,17,-6,-5,6
0,-8,-26,-61,-27,26,92,21,-2,-15,-42,6,-11,-17,76,-3,-1,-18,0,37,8,28,69,-3,-1,-11,27,25,20,35,5,-1,0,-16,13,0,-30,22,-20,0,-2,-13,-25,-27,-10,3,-20,-2,-1,-10,-32,-44,-11,-3,-18,-5,-1,-7,-26,-67,-18,-4,-12,-5,9
0,44,30,24,6,-16,-10,-3,-2,68,20,0,29,-5,-12,-3,-1,29,-17,-29,27,0,-13,-3,-1,-19,-36,-32,24,-6,-15,-1,0,-16,-29,3,-1,-36,-20,0,-2,-13,0,33,-14,-22,-3,-2,-1,30,32,29,26,25,35,-5,-1,44,36,-1,-14,-28,-12,-5,2
0,-8,4,1,12,-8,-10,-3,-2,0,20,-59,-46,26,-12,-3,-1,-4,17,-29,-16,31,2,-3,-1,-19,15,-16,16,26,24,-1,0,-16,-22,-4,-26,-7,41,0,-2,-13,-25,-27,-29,3,31,-2,-1,-10,-11,-44,-20,21,-4,-5,-1,-7,7,5,1,-12,-12,-5,9
0,-8,9,24,1,-25,-10,-3,-2,-8,25,-30,14,-21,-12,-3,-1,-18,21,-20,11,-7,-13,-3,-1,-19,-20,-36,8,-10,-15,-1,0,-16,-29,-35,19,-32,-20,0,-2,-13,-25,-9,20,-35,-20,-2,-1,-10,-7,25,21,-3,16,21,-1,-7,2,5,1,21,76,127,2
0,-8,35,24,18,-21,-10,-3,-2,23,25,-12,24,-1,-12,-3,-1,-11,-13,-16,27,-7,-13,-3,-1,-19,-36,13,24,-2,-15,-1,0,-16,-29,-23,11,30,21,0,-2,-13,-11,-27,-29,29,42,-2,-1,17,36,2,7,29,16,-5,-1,-7,21,21,21,13,-6,-5,3
0,-8,-26,-44,18,-16,-10,-3,-2,-15,-47,6,14,-33,-12,-3,-1,-18,-29,37,-4,-30,62,52,-1,-19,11,13,-35,-2,83,127,0,18,32,-23,-42,22,48,0,127,114,23,3,1,33,-3,-2,127,127,36,29,30,17,-18,-5,-1,-7,-26,-28,21,-4,-12,-5,4
0,-8,-26,-33,18,-21,-10,-3,-2,-15,-33,24,-6,26,8,-3,-1,-11,21,0,-8,28,-13,-3,-1,50,27,-20,4,26,51,-1,0,46,32,26,23,30,41,0,-2,-13,-18,-12,32,-26,-20,-2,-1,-10,-32,-17,21,-35,-18,-5,-1,-7,-26,-28,-9,-28,-12,-5,4
0,-8,30,24,23,26,-10,-3,-2,8,25,-30,19,30,-6,-3,-1,-18,21,29,31,31,32,-3,-1,-19,-28,5,-3,30,44,-1,0,-16,-29,-35,-42,1,48,0,-2,-13,-25,-27,-29,16,26,-2,-1,-10,-7,6,-16,25,6,-5,-1,-7,17,21,21,21,-12,-5,9
0,-8,-21,-27,-10,-12,-10,-3,-2,-15,-11,24,29,15,-12,-3,-1,-18,-8,37,35,16,-13,-3,-1,-19,3,29,24,-10,-15,-1,0,-16,-2,26,23,-32,-20,0,-2,-13,26,33,28,-31,-20,-2,-1,-10,19,29,30,-31,-18,-5,-1,-7,-22,-17,1,9,-12,-5,1
0,-8,-26,24,6,-25,-10,-3,-2,-15,-47,18,24,-33,-12,-3,-1,-18,-42,37,23,-30,-13,-3,-1,-19,-24,29,4,-31,-15,-1,0,-16,-22,26,7,-36,-20,0,-2,-13,-14,33,16,-35,-20,-2,-1,-10,-28,29,12,-35,-18,-5,-1,-7,-26,-1,16,-24,-12,-5,1
0,-8,-21,1,-55,-25,-10,-3,-2,-15,-20,6,-51,-33,-12,-3,-1,-18,4,4,-27,-30,-13,-3,-1,-11,23,-32,-39,-31,-15,-1,0,-2,28,-27,15,18,8,0,-2,3,30,33,9,-14,59,-2,-1,-10,6,16,-25,1,50,-5,-1,-7,-26,-12,6,21,6,-5,6
0,-8,-21,-10,-5,-16,-10,-3,-2,-15,7,0,-11,26,15,-3,-1,23,4,-29,-24,16,39,-3,-1,12,27,-7,20,18,-15,-1,0,-16,-10,23,19,-23,-20,0,-2,-13,-25,25,-3,25,-20,-2,-1,-10,-15,11,-11,5,-18,-5,-1,-7,-22,21,21,-16,-12,-5,8
0,-8,-16,18,-21,-25,-10,-3,-2,-15,-15,12,24,-1,-12,-3,-1,29,21,-16,-16,28,-13,-3,-1,27,27,-32,-39,6,37,-1,0,12,17,-35,-42,-3,35,0,-2,-13,19,-16,-29,16,20,-2,-1,-10,6,16,17,25,-13,-5,-1,-7,-22,-17,1,-8,-12,-5,0
0,-8,-26,-5,-10,-25,-10,-3,-2,-15,-11,24,-26,-33,-12,-3,-1,2,26,13,-12,12,-13,-3,-1,65,15,-36,-3,35,-15,-1,0,67,21,-16,15,30,35,0,-2,11,19,25,32,12,-3,-2,-1,-10,-32,2,7,-35,-18,-5,-1,-7,-26,-6,-18,-28,-12,-5,4
0,-8,-26,-10,-10,-25,-10,-3,-2,-15,-20,18,-36,-33,-12,-3,-1,-18,21,-4,-8,-27,-13,-3,-1,34,23,-28,24,-18,18,-1,0,60,13,-12,23,26,48,0,-2,82,34,33,32,-1,-14,-2,-1,43,2,16,12,-35,-18,-5,-1,-7,-26,5,-14,-28,-12,-5,4
0,-8,-16,24,12,-16,-10,-3,-2,-8,7,24,29,7,-12,-3,-1,9,26,21,19,16,-13,-3,-1,-11,23,9,24,-6,-15,-1,0,-16,-6,26,11,-36,-20,0,-2,-13,8,25,24,-1,-20,-2,-1,-10,10,11,-16,25,-18,-5,-1,-7,-17,5,21,21,-12,-5,8
0,-8,-11,-10,23,-8,-10,-3,-2,-8,20,24,29,7,-12,-3,-1,23,0,-20,-16,24,-6,-3,-1,42,-12,-36,-39,10,11,-1,0,12,1,-35,-42,-15,35,0,-2,-13,30,-27,-29,3,26,-2,-1,-10,19,20,3,29,-4,-5,-1,-7,-7,10,6,-8,-12,-5,0
0,-8,9,18,-16,-4,-10,-3,-2,-15,16,24,19,26,-12,-3,-1,-11,26,4,-12,-7,17,-3,-1,12,23,-32,-39,-6,18,-1,0,5,13,-35,-42,-7,14,0,-2,11,15,-27,-25,20,-8,-2,-1,4,23,-7,17,17,-18,-5,-1,-7,2,16,-4,-24,-12,-5,0
0,-8,-26,-22,12,-25,-10,-3,-2,-15,-24,24,4,-33,-12,-3,-1,-11,21,29,-24,-7,-13,-3,-1,34,27,-16,-27,35,37,-1,0,39,32,-4,15,30,-6,0,-2,-13,-3,25,32,12,-20,-2,-1,-10,-32,-17,30,-19,-18,-5,-1,-7,-26,-12,16,-28,-12,-5,4
0,-8,-26,-44,12,35,-2,-3,-2,-15,-33,12,9,7,15,-3,-1,2,13,-12,-27,0,32,-3,-1,4,23,1,-31,30,-9,-1,0,-16,-22,3,23,18,-20,0,-2,-13,-25,-27,16,25,3,-2,-1,-10,-32,-35,12,1,-4,-5,-1,-7,-26,-56,21,29,-12,-5,8
0,-8,-26,7,-49,-25,-10,-3,-2,-15,-11,6,-46,-33,-12,-3,-1,-18,9,-8,-27,-30,-13,-3,-1,-11,15,-36,-39,-31,-15,-1,0,-9,17,-12,3,1,1,0,-2,-5,30,33,16,-1,42,-2,-1,-10,6,16,-34,-11,60,46,-1,-7,-26,-6,21,29,29,-5,6
0,-8,25,1,1,39,19,-3,-2,-15,25,-24,-11,-13,8,-3,-1,9,21,4,-4,-30,-13,-3,-1,27,23,13,16,2,-15,-1,0,-16,-25,-35,-34,30,-20,0,-2,-13,-25,-27,-29,25,-3,-2,-1,-10,15,-26,-6,25,-4,-5,-1,-7,21,21,16,-8,-12,-5,5
0,18,35,24,-10,-21,-10,-3,-2,45,7,-54,4,-1,-12,-3,-1,63,13,-4,19,0,-13,-3,-1,4,23,29,24,35,-9,-1,0,-16,-29,-35,-42,18,21,0,-2,-13,-25,-27,-29,-9,42,-2,-1,-10,23,-44,-43,-15,40,-5,-1,-7,31,21,21,37,35,-5,9
0,-8,-26,24,-5,-25,-10,-3,-2,-15,-38,24,29,-25,-12,-3,-1,-18,-29,37,35,-7,-13,-3,-1,-19,-24,29,20,-22,-15,-1,0,-16,-22,26,23,-27,-20,0,-2,-13,-11,33,28,-35,-20,-2,-1,-10,-28,29,26,-31,-18,-5,-1,-7,-26,-1,21,-20,-12,-5,1
0,-8,-11,-16,12,5,-10,-3,-2,8,20,-6,-11,26,1,-3,-1,9,26,-8,-20,31,39,-3,-1,-19,-20,25,12,35,31,-1,0,-16,-29,-12,23,30,-13,0,-2,-13,-18,29,1,33,20,-2,-1,-10,-15,29,-25,25,16,-5,-1,-7,-26,-12,16,13,-12,-5,8
0,-8,-16,7,18,5,-2,-3,-2,-15,-15,24,24,30,56,-3,-1,-18,17,37,11,8,62,-3,-1,-4,27,-24,-39,2,37,-1,0,18,21,-35,-42,1,35,0,-2,35,23,-27,-29,16,-3,-2,-1,17,36,-17,-2,5,-18,-5,-1,-7,-12,10,11,-24,-12,-5,0
0,-8,-6,18,18,-8,-10,-3,-2,30,25,24,9,22,-12,-3,-1,56,4,-4,27,16,-13,-3,-1,4,19,17,16,-27,-15,-1,0,-16,17,26,-22,-36,-20,0,-2,-5,34,21,5,-35,-20,-2,-1,-10,23,2,26,-35,-18,-5,-1,-7,-12,16,16,-28,-12,-5,8
0,-8,-26,7,6,-12,-10,-3,-2,-15,-29,24,-11,-33,-12,-3,-1,-18,-4,37,-24,-30,-13,-3,-1,-19,15,29,-19,-31,-15,-1,0,-2,32,26,15,-3,-13,0,-2,19,34,33,-6,33,31,-2,-1,-10,2,29,7,29,30,-5,-1,-7,-22,10,21,25,-6,-5,6
0,-8,-16,7,6,-21,-10,-3,-2,-15,-7,6,-26,-33,-12,-3,-1,-18,13,-8,-27,-30,-13,-3,-1,-19,23,-28,-39,-31,-15,-1,0,-16,28,3,-6,1,-6,0,-2,-13,34,14,1,12,48,-2,-1,4,27,6,-38,-19,45,-5,-1,-7,-12,-6,21,33,11,-5,6
0,44,55,24,23,43,19,-3,-2,15,25,-36,-11,-5,-6,-3,-1,9,26,0,-20,-30,-13,-3,-1,12,27,29,24,-6,-15,-1,0,-16,-10,-20,-1,26,-20,0,-2,-13,-25,-27,-25,25,14,-2,-1,17,27,-26,-25,29,21,-5,-1,70,36,21,21,33,-6,-5,5
0,-8,-26,-27,6,9,-10,-3,-2,-15,-38,24,-11,26,-12,-3,-1,-18,-25,21,4,12,-13,-3,-1,-19,-28,29,24,-18,-15,-1,0,-16,-10,26,23,-27,-20,0,-2,3,34,-1,5,12,-20,-2,-1,-10,6,11,-38,21,11,-5,-1,-7,-26,-34,16,33,59,-5,8
0,-8,-21,18,6,-16,-10,-3,-2,-15,-47,-24,19,7,-12,-3,-1,-18,-42,-29,-8,28,-6,-3,-1,-19,-36,-36,-31,35,18,-1,0,-16,-29,-35,-10,26,-13,0,-2,-13,-14,10,20,20,-20,-2,-1,-10,2,29,30,13,1,-5,-1,-7,-22,5,16,29,82,96,2
0,-8,-6,7,23,35,5,-3,-2,0,20,-42,-31,22,15,-3,-1,36,21,-4,-24,28,-6,-3,-1,12,27,29,12,10,-15,-1,0,-16,-25,0,23,5,-20,0,-2,-13,-11,25,-18,25,14,-2,-1,-10,6,2,-29,17,21,-5,-1,-7,-12,16,21,17,-6,-5,8
0,-8,55,-22,-66,-25,-10,-3,-2,0,25,6,-51,-33,-12,-3,-1,-4,26,37,-4,-30,-13,-3,-1,-19,-5,29,0,-31,-15,-1,0,-16,-29,19,7,-36,-20,0,-2,-13,-25,10,32,-26,-20,-2,-1,-10,-11,11,30,9,21,71,-1,-7,31,21,21,37,82,125,1
0,-8,-26,-39,18,-8,-10,-3,-2,-15,-42,18,4,-33,-12,-3,-1,-18,9,29,-20,-30,-13,-3,-1,19,27,-7,-11,10,-15,-1,0,67,32,26,23,14,-20,0,-2,74,19,25,32,25,-14,-2,-1,-10,-32,-44,30,1,-18,-5,-1,-7,-26,-45,21,-4,-12,-5,4
0,-8,-26,1,-5,-25,-10,-3,-2,-15,7,0,-6,7,-12,-3,-1,-4,26,-20,-24,12,-6,-3,-1,-11,23,-36,-39,-10,37,-1,0,-2,24,-35,-42,-15,48,0,-2,-13,23,-20,-29,-26,54,-2,-1,-10,-2,-3,-43,-7,35,-5,-1,-7,-26,-6,6,37,0,-5,0
0,-8,-26,-67,-16,43,19,-3,-2,-15,-47,-42,24,30,1,-3,-1,2,9,37,35,24,-13,-3,-1,57,27,25,24,30,-15,-1,0,-9,-14,-35,23,18,-20,0,-2,-13,-25,-27,28,20,-20,-2,-1,-10,-32,-44,12,29,40,-5,-1,-7,-26,-67,1,37,23,-5,1
0,-8,25,-10,1,5,-10,-3,-2,-15,20,6,-26,15,22,-3,-1,9,13,-12,-27,-23,47,-3,-1,42,-20,-36,-39,-18,37,-1,0,39,-14,-35,-42,-7,14,0,-2,35,-3,-27,-29,12,-8,-2,-1,4,23,-30,-29,13,-18,-5,-1,-7,7,16,21,1,-12,-5,0
0,-8,-26,-27,12,43,27,-3,-2,-15,-15,24,9,30,42,-3,-1,-18,-25,-20,-24,31,17,-3,-1,-19,-24,13,8,35,37,-1,0,-16,17,26,23,26,14,0,-2,-13,-7,-9,20,-9,-20,-2,-1,-10,-32,-35,21,-35,-18,-5,-1,-7,-26,-17,-18,-28,-12,-5,7
0,-8,-26,-22,18,-21,-10,-3,-2,-15,-47,0,19,-33,-12,-3,-1,-18,-29,37,0,-30,-13,-3,-1,-19,-12,29,-31,-31,-15,-1,0,-16,-2,26,23,18,14,0,-2,-13,30,33,5,3,59,-2,-1,-10,-19,20,-2,-27,60,46,-1,-7,-26,-28,16,37,53,-5,6
0,-8,-16,-5,23,43,106,94,-2,-15,-24,-6,-11,-1,96,26,-1,-18,-42,-29,-27,24,32,-3,-1,-19,-28,5,12,35,70,-1,0,-16,17,26,23,1,-6,0,-2,-13,-18,-9,24,-35,-20,-2,-1,-10,-32,6,-2,-35,-18,-5,-1,-7,-26,21,-28,-28,-12,-5,7
0,44,50,24,-33,-25,-10,-3,-2,23,25,18,19,-33,-12,-3,-1,16,13,13,27,-30,-13,-3,-1,-19,-36,13,8,-31,-15,-1,0,-16,-25,26,-14,-36,-20,0,-2,-13,12,29,-22,-35,-20,-2,-1,30,36,2,-6,-11,-13,-5,-1,44,45,21,21,37,29,-5,2
0,-8,-21,1,-27,-25,-10,-3,-2,-15,-11,12,-46,-33,-12,-3,-1,-18,21,0,-27,-19,24,-3,-1,19,27,-36,-23,30,11,-1,0,18,32,26,23,26,-6,0,-2,-13,15,18,32,-1,-20,-2,-1,-10,-32,-21,30,-23,-18,-5,-1,-7,-26,5,-9,-28,-12,-5,4
0,-8,20,7,12,-4,-10,-3,-2,15,25,-12,14,30,-12,-3,-1,-18,13,33,27,31,-6,-3,-1,-19,-36,-24,-11,35,5,-1,0,-16,-29,-35,-26,30,-20,0,-2,-13,-25,-27,-25,33,-3,-2,-1,4,32,-21,-6,29,-9,-5,-1,-7,7,16,21,9,-12,-5,9
0,-8,-11,7,-16,-21,-10,-3,-2,-15,11,12,24,18,-12,-3,-1,-4,17,-25,-20,20,17,-3,-1,12,-5,-36,-39,-10,37,-1,0,12,1,-35,-42,-19,35,0,-2,19,12,-27,-29,-14,26,-2,-1,-10,27,6,3,21,6,-5,-1,-7,-7,-1,6,9,-12,-5,0
0,-8,-11,7,1,-16,-10,-3,-2,-15,16,6,24,11,-12,-3,-1,-18,-13,-29,4,28,-13,-3,-1,-19,-36,-36,12,-6,-15,-1,0,-16,-29,-23,23,-19,-20,0,-2,-13,-25,21,13,-35,-20,-2,-1,-10,-19,29,12,-3,-13,-5,-1,-7,-12,21,-4,5,-12,-5,2
0,-8,-26,-22,23,-25,-10,-3,-2,-15,-33,24,-11,-33,-12,-3,-1,-11,13,21,-27,-15,84,52,-1,27,27,1,-11,30,51,-1,0,46,32,26,23,26,-6,0,-2,-13,-11,-23,24,8,-20,-2,-1,-10,-32,-30,30,-15,-18,-5,-1,-7,-26,-6,6,-28,-12,-5,4
0,-8,9,-10,23,13,-10,-3,-2,-15,20,24,14,26,-6,-3,-1,-18,0,25,11,31,2,-3,-1,-19,-32,29,24,14,-15,-1,0,-16,1,26,23,-15,-20,0,-2,-13,30,3,24,-5,-20,-2,-1,-10,36,-12,30,-19,-18,-5,-1,-7,17,21,11,-28,-12,-5,8
0,-8,-26,-33,12,18,-10,-3,-2,-15,-33,24,-16,18,1,-3,-1,-18,-25,37,-16,24,-6,-3,-1,-19,-36,9,24,6,-15,-1,0,-16,-10,19,23,-11,-20,0,-2,11,30,-12,-25,20,3,-2,-1,17,27,6,-20,-15,40,-5,-1,-7,-26,-34,-9,33,76,-5,8
0,-8,9,18,1,-25,-10,-3,-2,8,20,-24,19,-25,-12,-3,-1,-18,-21,-20,15,-30,-13,-3,-1,-19,-32,9,-7,-22,-15,-1,0,-16,1,26,23,26,8,0,-2,-13,-22,-12,-22,16,14,-2,-1,-10,-24,-26,17,13,-18,-5,-1,-7,-2,5,-14,-24,-12,-5,3
0,18,9,12,-10,-25,-10,-3,-2,60,7,-42,-6,-5,-12,-3,-1,49,-17,-29,-4,28,-13,-3,-1,19,7,9,16,30,-9,-1,0,-16,-22,-8,-38,5,14,0,-2,-13,-25,-27,-29,3,9,-2,-1,-10,-11,-30,-43,17,6,-5,-1,-7,-7,10,11,21,0,-5,9
0,-8,20,24,-33,-25,-10,-3,-2,8,25,-65,29,7,42,-3,-1,-18,21,-4,35,0,-13,-3,-1,-19,-24,29,4,-31,-15,-1,0,-16,-25,19,7,-36,-20,0,-2,-13,-3,6,13,-26,-20,-2,-1,-10,19,-40,17,-35,-18,-5,-1,-7,31,10,-43,-28,-12,-5,8
0,-8,-6,7,-21,-25,-10,-3,-2,-15,11,24,24,-5,-12,-3,-1,2,26,9,-4,28,32,-3,-1,42,19,-36,-39,-14,37,-1,0,39,17,-35,-42,-19,35,0,-2,19,19,-27,-29,12,14,-2,-1,-10,27,2,12,21,-13,-5,-1,-7,7,16,-4,-20,-12,-5,0
0,-8,-1,-5,-44,-21,-10,-3,-2,-15,20,24,29,11,-12,-3,-1,-4,26,9,-20,16,17,-3,-1,27,15,-36,-39,-6,24,-1,0,5,21,-35,-42,-15,41,0,-2,11,34,-27,-29,-9,26,-2,-1,-10,23,11,-6,29,16,-5,-1,-7,-7,5,1,13,-12,-5,0
0,-8,-11,7,12,-8,-10,-3,-2,-15,20,-24,-16,11,-12,-3,-1,-18,26,-29,-27,12,9,-3,-1,-19,3,-11,16,26,-9,-1,0,-16,-10,26,15,-32,-20,0,-2,-13,19,10,1,16,-20,-2,-1,-10,27,-30,-43,1,21,-5,-1,-7,-7,10,16,21,11,-5,8
0,70,40,24,-16,-25,-10,-3,-2,60,20,6,24,-25,-12,-3,-1,83,-25,-12,35,-27,-13,-3,-1,-19,-36,-16,24,-22,-15,-1,0,-16,-25,19,11,-36,-20,0,-2,-13,12,33,-10,-35,-20,-2,-1,43,36,16,-6,5,26,21,-1,44,50,21,11,21,41,10,2
0,-8,-1,12,-66,-25,-10,-3,-2,-15,7,-18,-51,-33,-12,-3,-1,-18,21,-16,-27,-30,-13,-3,-1,-11,27,-36,-39,-31,-15,-1,0,-9,32,-27,-14,-19,-20,0,-2,11,34,33,32,33,31,-2,-1,-10,32,25,-25,5,60,-5,-1,-7,-7,10,21,21,29,-5,6
0,-8,20,18,-38,-25,-10,-3,-2,-15,11,12,14,-5,-12,-3,-1,-18,-17,29,11,20,-6,-3,-1,-19,-36,1,8,30,18,-1,0,-16,-29,-35,-42,5,48,0,-2,-13,-25,-27,-29,-5,59,-2,-1,-10,-19,-7,-2,25,55,-5,-1,-7,-2,-1,1,9,-6,-5,9
0,-8,20,24,6,1,-10,-3,-2,-15,-20,-42,29,30,-12,-3,-1,-18,-42,4,31,-11,-13,-3,-1,-19,-36,-16,16,-18,-15,-1,0,-16,-29,-35,-6,26,-6,0,-2,-13,-25,-27,-29,12,48,-2,-1,-10,-15,-7,7,25,40,-5,-1,-7,26,10,1,5,-12,-5,3
0,-8,9,24,18,-8,-10,-3,-2,-15,16,24,-6,26,1,-3,-1,-11,21,21,-24,4,47,-3,-1,12,27,-36,-39,-2,51,-1,0,32,21,-35,-42,5,55,0,-2,43,19,-27,-22,29,14,-2,-1,30,32,11,21,21,-13,-5,-1,-7,21,21,11,-12,-12,-5,0
0,-8,-1,12,-16,-25,-10,-3,-2,-8,25,6,29,-33,-12,-3,-1,-4,13,13,27,-30,-13,-3,-1,-19,-20,29,24,-2,-15,-1,0,-16,-22,-20,-22,30,8,0,-2,-13,-25,-27,-29,25,20,-2,-1,-10,15,-7,-6,29,1,-5,-1,-7,12,5,16,13,-12,-5,3
0,-8,-21,-10,-27,-25,-10,-3,-2,-15,-20,6,-51,-33,-12,-3,-1,-18,13,-8,-27,-30,-13,-3,-1,-4,27,-32,-19,-22,-15,-1,0,5,32,23,3,1,14,0,-2,3,34,-5,-29,-26,59,-2,-1,-10,10,2,-38,-15,55,-5,-1,-7,-22,-1,16,29,23,-5,6
0,-8,35,-16,-16,9,-2,-3,-2,0,20,-24,-11,-1,1,-3,-1,36,9,4,-8,-30,-13,-3,-1,42,23,1,16,6,-15,-1,0,-2,-25,-35,-38,22,1,0,-2,-13,-25,-27,-29,-9,42,-2,-1,4,2,-26,-20,21,26,-5,-1,19,26,21,1,1,-12,-5,5
0,-8,-1,7,18,1,-10,-3,-2,0,25,-18,29,18,-12,-3,-1,9,17,-29,11,31,2,-3,-1,12,23,9,20,35,-9,-1,0,-16,-2,3,-30,18,35,0,-2,-13,-14,-27,-29,16,9,-2,-1,-10,23,6,-25,29,1,-5,-1,-7,7,10,21,17,-6,-5,9
0,-8,50,7,1,26,5,-3,-2,15,25,24,9,-9,-12,-3,-1,-18,26,-12,-27,-30,-13,-3,-1,-19,7,-7,-39,-31,-15,-1,0,-16,-2,19,-42,-36,-20,0,-2,-13,-25,25,-6,-35,-20,-2,-1,43,-11,20,-6,-35,-18,-5,-1,19,45,21,-38,-28,-12,-5,5
0,-8,-26,-44,1,43,70,-3,-2,-15,20,0,-51,-13,49,-3,-1,9,26,-8,-4,28,9,-3,-1,4,23,29,16,-27,-15,-1,0,-16,-18,3,23,-27,-20,0,-2,-13,-25,-27,24,-26,-20,-2,-1,-10,-32,-44,12,-35,-18,-5,-1,-7,-26,-45,1,-28,-12,-5,9
0,-8,-6,18,23,43,27,-3,-2,-15,-20,-18,4,30,62,-3,-1,-18,-42,-29,-16,31,24,-3,-1,-19,-36,-24,16,35,51,-1,0,-16,-2,26,23,10,1,0,-2,-13,4,29,20,-35,-20,-2,-1,-10,-11,29,-11,-35,-18,-5,-1,-7,7,10,-48,-28,-12,-5,7
0,-8,-6,7,12,-16,-10,-3,-2,-15,20,-12,4,7,-12,-3,-1,2,21,-20,19,-7,-13,-3,-1,-19,-24,-3,24,-2,-15,-1,0,-16,-29,-20,-6,30,-6,0,-2,-13,12,-16,-29,20,14,-2,-1,-10,36,-21,-11,29,-4,-5,-1,-7,7,5,6,5,-12,-5,3
0,-8,4,24,1,-21,-10,-3,-2,-15,-24,24,14,7,-12,-3,-1,-18,-42,-8,-8,28,-13,-3,-1,-19,-36,-36,-7,30,-15,-1,0,-16,-29,-35,11,18,-20,0,-2,-13,-25,-5,32,3,3,79,-1,-10,-19,29,30,29,60,127,-1,-7,-2,21,-4,9,23,24,2
0,18,20,18,23,1,-10,-3,-2,83,20,-12,29,11,-12,-3,-1,16,-29,-12,35,-3,-13,-3,-1,-19,-36,-3,24,-2,-15,-1,0,-16,-29,-31,11,26,14,0,-2,-13,-25,-27,-22,20,42,-2,-1,-10,19,-21,-29,17,50,-5,-1,-7,21,21,21,29,17,-5,3
0,18,40,24,23,-4,-10,-3,-2,38,-2,-48,-1,15,-12,-3,-1,-18,-42,-29,15,-3,-13,-3,-1,-19,-36,-28,20,-22,-15,-1,0,-16,-29,11,-14,-36,-20,0,-2,-13,-3,18,-25,-35,-20,-2,-1,-10,36,-30,-38,-15,-4,-5,-1,19,45,21,21,33,6,-5,2
0,18,20,24,23,26,-2,-3,-2,-15,-15,-24,-1,30,49,-3,-1,-18,-42,-29,8,31,17,-3,-1,-19,-16,17,12,-18,-15,-1,0,-16,21,26,-10,-36,-20,0,-2,-13,-25,14,32,-1,-20,-2,-1,-10,-19,-21,21,25,-18,-5,-1,-7,21,21,-4,-12,-12,-5,3
0,-8,-21,-22,18,22,12,-3,-2,-15,2,0,-6,22,62,-3,-1,-4,17,-29,-27,20,32,-3,-1,34,23,-3,8,6,-15,-1,0,-16,-6,15,23,-3,-20,0,-2,-13,-25,21,5,29,3,-2,-1,-10,-32,29,-6,21,-4,-5,-1,-7,-26,-6,16,5,-12,-5,8
0,-8,9,18,18,1,-10,-3,-2,15,25,24,4,26,-12,-3,-1,29,26,13,11,31,-6,-3,-1,4,7,29,24,-6,-15,-1,0,-9,28,26,-1,-36,-20,0,-2,27,34,-9,24,-35,-20,-2,-1,4,23,-30,21,-31,-18,-5,-1,-7,-2,16,16,-20,-12,-5,8
0,-8,25,24,18,-21,-10,-3,-2,-15,25,0,-26,-33,-12,-3,-1,-4,26,9,-12,-30,-13,-3,-1,12,27,29,24,26,-2,-1,0,-9,9,-20,-38,30,8,0,-2,-13,-25,-27,-22,33,20,-2,-1,-10,-2,-7,21,29,-4,-5,-1,-7,2,5,-9,-12,-12,-5,5
0,-8,-16,-10,23,-8,-10,-3,127,60,25,24,24,-17,-12,-3,-1,89,26,13,-24,-30,-13,-3,-1,95,27,29,-11,-31,-15,-1,0,18,13,-16,19,-27,-20,0,-2,-13,-25,-27,13,3,-20,-2,-1,-10,-19,2,30,1,-18,-5,-1,-7,-17,21,16,-20,-12,-5,5
0,70,-1,12,6,1,-10,-3,-2,53,25,0,-1,15,-12,-3,-1,23,26,-16,19,12,-13,-3,-1,-11,15,5,24,-6,-15,-1,0,-16,9,26,-1,-36,-20,0,-2,-5,30,33,9,-35,-20,-2,-1,-10,36,11,30,-35,-18,-5,-1,-7,-12,16,21,-8,-12,-5,8
0,-8,-26,-5,-21,-25,-10,-3,-2,-15,-11,18,-41,-33,1,26,-1,-4,26,-8,-27,-15,107,127,-1,19,27,-3,4,35,44,-1,0,12,28,19,11,30,-6,0,-2,-13,-25,-27,9,8,-20,-2,-1,-10,-32,-30,30,-23,-18,-5,-1,-7,-26,-17,-4,-28,-12,-5,4
0,-8,20,12,-21,-21,-10,-3,-2,-15,7,12,19,15,-12,-3,-1,-18,-4,13,-27,28,17,-3,-1,-19,-24,29,8,26,-2,-1,0,-16,-14,26,23,-27,-20,0,-2,11,34,3,9,20,-8,-2,-1,4,32,-40,-29,29,21,-5,-1,-7,26,21,16,17,-6,-5,8
0,-8,50,24,23,26,5,-3,-2,0,25,18,9,15,8,-3,-1,9,26,4,-27,-30,-13,-3,-1,42,27,13,-23,-31,-15,-1,0,-16,17,26,23,-36,-20,0,-2,-13,-25,-16,32,-1,-20,-2,-1,17,-7,-3,30,-3,-18,-5,-1,19,45,21,16,-16,-12,-5,5
0,-8,20,12,18,1,-10,-3,-2,0,25,0,-46,18,-12,-3,-1,2,9,0,-27,0,17,-3,-1,27,7,-20,-39,-2,-2,-1,0,12,5,-35,-42,14,-13,0,-2,11,8,-27,-14,12,-20,-2,-1,4,19,-21,12,-23,-18,-5,-1,-7,2,10,-33,-28,-12,-5,0
0,-8,-1,1,-60,1,-10,-3,-2,-15,2,0,-51,30,1,-3,-1,-18,26,-8,-27,16,17,-3,-1,4,23,-36,-39,2,11,-1,0,32,17,-35,-42,-19,28,0,-2,3,30,-23,-25,16,9,-2,-1,-10,36,6,12,25,-4,-5,-1,-7,-7,-1,1,-16,-12,-5,0
0,-8,20,-10,-55,-25,-10,-3,-2,45,25,24,-1,-33,-12,-3,-1,29,-13,-12,35,-23,-13,-3,-1,-19,-36,-3,24,-10,-15,-1,0,-16,-29,3,23,22,-6,0,-2,-13,-25,-27,-22,25,20,-2,-1,-10,15,2,-25,9,40,-5,-1,-7,12,10,21,33,23,-5,3
0,-8,-16,24,-38,-25,-10,-3,-2,-15,-29,24,-1,-33,-12,-3,-1,-18,-21,37,0,-30,-13,-3,-1,-19,-5,29,-3,-31,-15,-1,0,-16,28,26,15,-27,-20,0,-2,-13,0,3,24,8,-20,-2,-1,-10,19,25,21,29,50,127,-1,-7,-17,-12,6,37,47,39,1
0,-8,-26,-10,-33,-25,-10,-3,-2,-15,-29,24,-41,-21,-12,-3,-1,-18,13,4,0,24,-13,-3,-1,34,23,-36,12,26,18,-1,0,80,28,19,23,30,41,0,-2,90,34,29,32,-9,-20,-2,-1,-10,-28,-3,21,-35,-18,-5,-1,-7,-26,10,-9,-28,-12,-5,4
0,-8,-1,1,1,13,12,-3,-2,-15,-11,24,29,30,15,-3,-1,-18,-4,37,35,24,-6,-3,-1,-19,7,29,24,18,-15,-1,0,-16,17,26,23,14,-20,0,-2,-13,15,33,32,16,-20,-2,-1,-10,-15,29,30,13,-18,-5,-1,-7,2,-1,1,-4,-12,-5,1
0,-8,30,24,18,-12,-10,-3,-2,23,25,0,4,18,-12,-3,-1,2,13,-25,-8,28,-13,-3,-1,-19,-36,-36,8,14,-15,-1,0,-16,-29,-31,23,-7,-20,0,-2,-13,-25,10,28,-35,-20,-2,-1,-10,19,29,30,9,-13,-5,-1,-7,36,5,-18,25,82,110,2
0,18,50,18,-49,-25,-10,-3,-2,45,20,0,19,-33,-12,-3,-1,36,-8,-4,35,-30,-13,-3,-1,-19,-36,-3,20,-31,-15,-1,0,-16,-29,11,7,-36,-20,0,-2,-13,-22,33,9,8,9,-2,-1,4,23,29,30,29,35,-5,-1,70,50,-1,-18,-8,-6,-5,2
0,-8,-26,-56,12,-16,-10,-3,-2,-15,-42,6,24,-9,-12,-3,-1,-18,9,33,19,12,-13,-3,-1,19,27,-20,20,-6,-15,-1,0,67,28,-4,23,30,55,0,-2,35,34,33,32,-1,-8,-2,-1,-10,-24,-17,30,-35,-18,-5,-1,-7,-26,-56,11,-28,-12,-5,4
0,44,25,12,23,26,-10,-3,-2,60,7,-30,-1,15,-12,-3,-1,-18,-42,-29,23,8,-13,-3,-1,-19,-36,-24,24,-18,-15,-1,0,-16,-29,15,-1,-36,-20,0,-2,-13,-7,33,-25,-35,-20,-2,-1,-10,27,25,12,29,30,-5,-1,19,50,5,-14,-16,-12,-5,2
0,-8,-16,24,1,-25,-10,-3,-2,-15,-24,24,29,-29,-12,-3,-1,-18,-34,37,31,-30,-13,-3,-1,-19,-12,29,16,-31,-15,-1,0,-16,1,26,-6,-36,-20,0,-2,-13,0,33,24,-35,-20,-2,-1,-10,2,29,7,-35,-18,-5,-1,-7,-17,16,6,-28,-12,-5,1
0,-8,4,24,-21,-25,-10,-3,-2,-15,-11,6,29,-21,-12,-3,-1,-18,-34,21,11,0,-13,-3,-1,-19,-36,-36,-11,14,-15,-1,0,-16,-29,-35,-6,5,-20,0,-2,-13,-25,-27,20,-5,-20,-2,-1,-10,-28,2,30,5,21,71,-1,-7,-7,21,21,33,82,127,2
0,-8,-26,-16,18,-16,-10,-3,-2,-15,-24,24,4,-29,-12,-3,-1,-18,13,33,-24,-30,-13,-3,-1,-4,27,9,-39,-31,-15,-1,0,-2,32,7,-26,-19,-20,0,-2,3,30,33,32,25,37,79,-1,-10,6,29,-11,-23,55,127,-1,-7,-26,-28,16,37,82,82,6
0,-8,-26,-39,23,9,-10,-3,-2,-15,-29,24,29,-1,-12,-3,-1,-4,21,37,35,0,-13,-3,-1,12,-5,13,24,-10,-15,-1,0,-16,-29,-12,23,10,-20,0,-2,-13,-25,-5,32,16,-20,-2,-1,-10,-32,-17,30,25,-13,-5,-1,-7,-26,-45,16,17,0,-5,1
0,-8,-1,1,1,9,-2,-3,-2,-15,-2,24,29,26,-12,-3,-1,-18,4,37,35,0,-13,-3,-1,12,27,29,24,-14,-15,-1,0,5,32,26,-1,-36,-20,0,-2,-13,23,33,32,-22,-20,-2,-1,-10,23,29,30,-35,-18,-5,-1,-7,-17,-12,1,-28,-12,-5,1
0,-8,9,7,-21,1,-10,-3,-2,-15,25,18,29,22,56,-3,-1,9,26,25,-24,-30,-13,-3,-1,-11,3,29,-3,-31,-15,-1,0,-16,-29,-16,11,-36,-20,0,-2,-13,-25,-9,28,-35,-20,-2,-1,-10,2,6,-6,-35,-18,-5,-1,-7,17,21,-43,-28,-12,-5,5
0,-8,-21,7,23,-16,-10,-3,-2,-15,-11,24,9,-29,-12,-3,-1,-18,17,37,-20,-30,-13,-3,-1,-19,23,21,-3,-27,-15,-1,0,-9,32,26,23,5,-20,0,-2,-13,23,29,20,29,-20,-2,-1,-10,2,29,21,21,-13,-5,-1,-7,-22,-6,21,5,-12,-5,6
0,18,14,7,18,-4,-10,-3,-2,45,16,-30,29,22,-12,-3,-1,49,9,-25,11,31,2,-3,-1,-4,11,21,20,35,11,-1,0,-16,-29,-20,-26,26,35,0,-2,-13,-25,-27,-29,3,31,-2,-1,-10,6,-12,-38,5,40,-5,-1,-7,2,5,21,33,23,-5,9
0,-8,-11,24,18,-4,-10,-3,-2,-15,-15,24,24,22,-12,-3,-1,-18,-42,-25,0,31,17,-3,-1,-4,-12,1,16,35,18,-1,0,46,32,26,23,14,-13,0,-2,-13,8,29,32,-18,-20,-2,-1,-10,-7,29,7,-35,-18,-5,-1,-7,-17,16,-38,-28,-12,-5,7
0,-8,9,-5,18,13,-10,-3,-2,-15,20,18,-31,11,15,-3,-1,2,4,-8,-27,-23,62,-3,-1,34,-5,-36,-39,-18,37,-1,0,25,1,-35,-42,-19,35,0,-2,27,4,-27,-29,-1,9,-2,-1,4,19,-35,-38,17,-18,-5,-1,-7,-2,21,11,-16,-12,-5,0
0,-8,-26,-56,-16,30,34,-3,-2,-15,2,18,-11,3,56,-3,-1,2,26,13,-12,20,24,-3,-1,-11,23,29,20,30,31,-1,0,-16,-29,-35,-38,22,-13,0,-2,-13,-25,-27,13,-9,-20,-2,-1,-10,-32,-40,17,-35,-18,-5,-1,-7,-26,-39,-38,-28,-12,-5,9
0,-8,-26,-33,23,-25,-10,-3,-2,-15,-47,0,14,-33,-12,-3,-1,-18,-21,33,-16,-7,99,-3,-1,-11,19,9,-39,22,70,-1,0,53,32,15,7,30,14,0,-2,74,19,18,32,25,-8,-2,-1,-10,-32,-30,30,1,-18,-5,-1,-7,-26,-23,21,-16,-12,-5,4
0,-8,9,7,-49,-25,-10,-3,-2,-15,20,24,4,-33,-12,-3,-1,-18,17,-8,31,-19,-13,-3,-1,-19,-12,-28,16,-10,-15,-1,0,-16,-29,-35,7,-3,-20,0,-2,-13,-25,-5,32,-18,3,-2,-1,-10,-2,29,30,29,60,71,-1,-7,2,16,-28,9,41,10,2
0,-8,14,18,1,-21,-10,-3,-2,45,11,-24,9,-9,-12,-3,-1,9,-34,-29,4,-7,-13,-3,-1,-19,-36,-32,12,-22,-15,-1,0,-16,-29,0,-14,-36,-20,0,-2,-13,-7,21,-29,-18,3,-2,-1,-10,10,11,-2,25,35,-5,-1,-7,17,21,-14,1,-6,-5,2
0,-8,9,24,12,-12,-10,-3,-2,-15,-7,12,4,26,-12,-3,-1,-18,-38,-8,-27,28,24,-3,-1,-19,-36,-36,-39,35,18,-1,0,-16,-29,-35,-30,30,8,0,-2,-13,-25,-23,16,25,-14,-2,-1,-10,-11,11,30,29,50,21,-1,-7,12,21,11,13,64,39,2
0,-8,-26,-16,23,1,-10,-3,-2,-15,-11,24,9,-13,-12,-3,-1,-4,26,9,-27,-30,-13,-3,-1,27,27,-11,-31,-31,-15,-1,0,39,32,26,23,-7,-20,0,-2,3,34,-1,-3,33,3,-2,-1,-10,6,16,-29,21,26,-5,-1,-7,-26,-23,21,37,29,-5,6
0,-8,-11,-5,23,30,-10,-3,-2,8,20,18,14,30,-12,-3,-1,23,-8,-20,8,24,-13,-3,-1,-19,-20,-7,20,26,18,-1,0,12,32,26,23,22,21,0,-2,-5,4,21,16,-35,-20,-2,-1,-10,-28,29,-25,-35,-18,-5,-1,-7,-12,16,-53,-28,-12,-5,7
0,-8,-11,1,23,35,-10,-3,-2,8,20,24,24,22,-12,-3,-1,2,9,-25,31,0,-13,-3,-1,-19,-36,1,24,2,-15,-1,0,-16,-29,3,23,30,35,0,-2,-13,-25,-20,-10,20,26,-2,-1,-10,-24,6,7,25,6,-5,-1,-7,-12,21,21,9,-12,-5,3
0,-8,30,1,-66,-25,-10,-3,-2,-15,11,24,-51,-33,-12,-3,-1,2,21,37,-12,-30,-13,-3,-1,80,23,29,-15,-31,-15,-1,0,5,-18,23,-1,-36,-20,0,-2,-13,-25,14,32,-35,-20,-2,-1,-10,-24,2,30,-11,-4,-5,-1,-7,7,21,21,37,82,67,1
0,-8,25,24,23,9,-10,-3,-2,-15,-24,-24,14,18,-12,-3,-1,-18,-42,-29,8,20,-13,-3,-1,-19,-36,-28,12,18,-15,-1,0,-16,-22,23,23,30,28,0,-2,-13,-25,21,20,-14,-14,-2,-1,-10,-28,20,-20,-35,-18,-5,-1,-7,17,5,-53,-28,-12,-5,7
0,-8,20,7,23,-4,-10,-3,-2,8,25,-24,-31,18,-12,-3,-1,23,0,-25,-27,4,2,-3,-1,19,-20,-36,-39,-14,37,-1,0,39,-14,-35,-42,-19,35,0,-2,35,-3,-27,-29,-18,31,-2,-1,-10,23,-35,-43,-7,21,-5,-1,-7,12,-1,6,33,0,-5,0
0,-8,45,24,23,43,5,-3,-2,38,25,-42,-46,-33,-12,-3,-1,76,13,0,-16,-30,-13,-3,-1,12,11,17,24,6,-15,-1,0,-16,-29,-35,-18,26,-20,0,-2,-13,-25,-27,5,25,-20,-2,-1,-10,-11,20,30,-23,-18,-5,-1,19,45,-6,-38,-28,-12,-5,5
0,-8,-16,12,6,-25,-10,-3,-2,-15,-2,18,24,-1,-12,-3,-1,-4,26,0,-12,28,-13,-3,-1,12,27,-20,-39,22,31,-1,0,12,32,-31,-42,5,35,0,-2,19,34,-9,-25,16,42,-2,-1,4,32,20,17,29,-4,-5,-1,-7,-12,-1,6,-8,-12,-5,0
0,-8,-1,18,12,-12,-10,-3,-2,-15,11,18,-6,26,1,-3,-1,9,26,21,-27,8,32,-3,-1,42,27,1,-39,2,51,-1,0,32,28,-16,-42,14,55,0,-2,43,23,-27,-10,33,14,-2,-1,-10,36,11,26,17,-13,-5,-1,-7,2,21,1,-20,-12,-5,0
0,-8,-21,7,1,-4,-10,-3,-2,-15,2,24,-31,18,1,-3,-1,-4,26,-12,-27,0,24,-3,-1,34,11,-36,-39,2,37,-1,0,25,17,-35,-42,-15,35,0,-2,11,34,-27,-29,-1,20,-2,-1,4,32,-7,-16,25,-4,-5,-1,-7,-17,5,16,-4,-12,-5,0
0,-8,-6,-16,6,30,-10,-3,-2,-8,11,18,-21,-25,-12,-3,-1,-18,-4,0,-27,-30,-13,-3,-1,-19,15,-24,-23,-31,-15,-1,0,-2,32,26,23,-3,-20,0,-2,3,15,-16,-29,8,3,-2,-1,-10,-24,-21,-25,25,-13,-5,-1,-7,-12,-1,11,5,-12,-5,5
0,-8,-26,-27,-21,-25,-10,-3,-2,-15,-47,18,-41,-33,8,26,-1,-18,-8,13,-27,-23,107,106,-1,-11,23,-20,-27,6,64,-1,0,39,32,26,23,30,21,0,-2,-5,-11,-16,5,25,-20,-2,-1,-10,-32,-44,26,-23,-18,-5,-1,-7,-26,-17,-9,-28,-12,-5,4
0,-8,-26,-27,1,-25,-10,-3,-2,-15,-33,12,-21,-33,-12,-3,-1,-18,4,4,-27,-30,-6,-3,-1,12,27,-24,-35,10,51,-1,0,39,32,11,15,18,1,0,-2,3,19,10,32,-14,-20,-2,-1,-10,-32,-17,30,-35,-18,-5,-1,-7,-26,-34,6,-28,-12,-5,4
0,18,35,24,23,13,-10,-3,-2,0,16,-42,-6,22,-12,-3,-1,-18,-42,-25,19,12,-13,-3,-1,-19,-36,13,24,-6,-15,-1,0,-16,-29,-27,-10,26,14,0,-2,-13,-18,-27,-29,12,31,-2,-1,43,27,-26,-25,21,11,-5,-1,-7,45,21,21,17,-6,-5,3
0,-8,-26,18,1,-21,-10,-3,-2,-15,-24,24,29,-9,-12,-3,-1,-18,-34,37,35,-19,-13,-3,-1,-19,-28,29,24,-27,-15,-1,0,-16,-6,26,11,-36,-20,0,-2,-13,-22,33,32,-26,-20,-2,-1,-10,-19,29,26,-23,-18,-5,-1,-7,-26,16,21,-24,-12,-5,1
0,-8,-16,7,23,9,-10,-3,-2,-15,11,-30,-16,18,-12,-3,-1,-11,-13,-29,0,20,2,-3,-1,-19,-32,5,24,35,70,-1,0,-16,-6,15,23,-27,-20,0,-2,-13,-22,-9,13,-35,-20,-2,-1,-10,-32,11,-25,-35,-18,-5,-1,-7,-17,10,-57,-28,-12,-5,7
0,-8,20,24,23,30,-2,-3,-2,-15,7,6,19,30,35,-3,-1,-18,-42,-29,-4,31,17,-3,-1,-19,-36,-36,12,26,-9,-1,0,-16,-25,3,23,-11,-20,0,-2,-13,0,33,1,-35,-20,-2,-1,17,32,29,12,-7,-18,-5,-1,-7,17,10,21,37,0,-5,2
0,-8,-21,-22,18,18,-10,-3,-2,8,11,18,19,22,-12,-3,-1,16,0,-29,11,16,-13,-3,-1,-19,-24,-16,20,10,-2,-1,0,-16,32,26,23,30,62,0,-2,-5,4,18,24,-1,-3,-2,-1,-10,-32,2,17,-35,-18,-5,-1,-7,-26,-6,-14,-28,-12,-5,7
0,-8,-6,18,-44,-25,-10,-3,-2,-15,-33,24,-6,-33,-12,-3,-1,-18,-34,37,15,-30,-13,-3,-1,-19,-36,29,12,-31,-15,-1,0,-16,-22,26,23,-27,-20,0,-2,-13,-25,-9,28,8,-20,-2,-1,-10,-15,11,21,29,45,127,-1,-7,-17,5,21,37,76,110,1
0,-8,-1,-44,-16,18,-10,-3,-2,-15,-2,-24,4,30,1,-3,-1,-18,-8,21,27,24,-6,-3,-1,-19,-16,25,-11,-31,-15,-1,0,-16,24,11,-42,-36,-20,0,-2,-5,26,21,-18,-35,-20,-2,-1,-10,19,16,-20,-35,-18,-5,-1,-7,7,21,-33,-28,-12,-5,8
0,-8,-26,-61,-27,35,92,-3,-2,-15,-33,18,-16,-29,83,-3,-1,-4,26,13,-8,24,47,-3,-1,12,23,29,8,35,18,-1,0,-16,-10,-23,-38,26,-20,0,-2,-13,-25,-27,-14,16,-20,-2,-1,-10,-32,-44,-11,5,-18,-5,-1,-7,-26,-67,-23,21,-12,-5,9
0,-8,9,1,18,1,-10,-3,-2,90,25,18,-21,-33,-12,-3,-1,89,26,25,-27,-30,-13,-3,-1,57,27,21,-7,-31,-15,-1,0,-16,-22,-4,11,-36,-20,0,-2,-13,-25,10,28,-35,-20,-2,-1,-10,-15,16,26,-35,-18,-5,-1,-7,7,21,-23,-28,-12,-5,5
0,-8,-21,12,-21,9,-2,-3,-2,-15,-2,6,-11,30,-6,-3,-1,-4,26,-12,11,12,-13,-3,-1,34,23,-11,16,35,70,-1,0,5,32,26,19,1,-6,0,-2,-13,-14,14,5,-35,-20,-2,-1,-10,-32,11,-25,-35,-18,-5,-1,-7,-26,-1,-57,-28,-12,-5,4
0,44,25,12,-5,-21,-10,-3,-2,38,20,-24,29,-17,-12,-3,-1,-11,-38,-4,31,-27,-13,-3,-1,-19,-36,25,-3,-31,-15,-1,0,-16,-25,26,19,1,-13,0,-2,-13,-25,-23,-6,29,26,-2,-1,17,2,-26,-16,25,16,-5,-1,44,36,21,16,9,-12,-5,3
0,-8,-11,1,-5,-21,-10,-3,-2,-8,16,12,24,-1,-12,-3,-1,2,26,-20,-8,31,-6,-3,-1,12,27,-36,-39,26,24,-1,0,12,32,-35,-42,10,35,0,-2,11,34,-20,-29,8,26,-2,-1,-10,10,25,17,29,-4,-5,-1,-7,-22,16,11,-4,-12,-5,0
0,-8,-16,18,6,-16,-10,-3,-2,-15,-11,24,24,15,-12,-3,-1,-18,-4,29,-24,28,24,-3,-1,-19,19,17,-39,14,44,-1,0,5,32,7,-42,14,41,0,-2,3,34,-16,-22,33,14,-2,-1,4,23,6,26,21,-18,-5,-1,-7,-7,21,16,-8,-12,-5,0
0,-8,-1,12,23,43,12,-3,-2,-15,-15,24,29,30,22,-3,-1,-18,-42,-29,4,31,-13,-3,-1,-19,-1,21,24,35,70,-1,0,-2,32,26,19,-7,-13,0,-2,-13,-22,25,9,-35,-20,-2,-1,-10,-19,29,-20,-35,-18,-5,-1,-7,7,5,-57,-28,-12,-5,7
0,-8,14,12,18,1,-10,-3,-2,15,25,0,19,11,-12,-3,-1,9,-8,-25,27,-3,-13,-3,-1,-19,-36,21,24,-10,-15,-1,0,-16,-29,7,23,30,-6,0,-2,-13,-25,-27,-25,29,20,-2,-1,-10,-15,6,-6,21,16,-5,-1,-7,26,21,21,13,-12,-5,3
0,96,55,24,-49,-25,-10,-3,-2,68,16,-6,4,-33,-12,-3,-1,56,-13,-20,35,-27,-13,-3,-1,-19,-36,-24,24,-31,-15,-1,0,-16,-29,3,7,-36,-20,0,-2,-13,-14,33,1,-14,-3,-2,-1,-10,19,29,30,29,60,-5,-1,70,50,16,-18,1,11,-5,2
0,-8,-26,-50,12,-21,-10,-3,-2,-15,-47,6,9,-29,-12,-3,-1,-18,-13,37,-8,-19,-13,-3,-1,4,23,9,-19,35,-2,-1,0,18,32,7,3,30,21,0,-2,-13,-3,18,32,20,-3,-2,-1,-10,-32,-40,26,-7,-18,-5,-1,-7,-26,-56,21,1,-12,-5,4
0,-8,-26,1,-27,-25,-10,-3,-2,-15,-47,12,24,-33,-12,-3,-1,-18,-42,29,35,-27,-13,-3,-1,-19,-36,25,24,-22,-15,-1,0,-16,-29,15,23,-32,-20,0,-2,-13,-25,25,32,-31,-20,-2,-1,-10,-32,20,30,-31,-18,-5,-1,-7,-26,-34,21,-20,-12,-5,1
0,-8,-16,24,-21,-25,-10,-3,-2,-15,-11,18,-26,-33,-12,-3,-1,-4,26,0,-27,-30,-13,-3,-1,4,27,-7,-19,-27,-15,-1,0,32,32,26,23,26,1,0,-2,27,34,18,-14,8,59,-2,-1,-10,27,16,-20,5,55,-5,-1,-7,-12,5,21,37,29,-5,6
0,-8,20,1,6,1,-10,-3,-2,-15,25,-24,-11,26,1,-3,-1,-18,26,13,8,31,24,-3,-1,-19,-20,13,4,18,18,-1,0,-16,-29,-35,-42,-3,35,0,-2,-13,-25,-27,-29,3,20,-2,-1,-10,2,-26,-11,29,-9,-5,-1,-7,21,21,21,1,-12,-5,9
0,-8,-26,-16,6,18,-2,-3,-2,-15,-7,0,-31,26,22,-3,-1,-18,26,-12,-27,16,17,-3,-1,4,23,1,-27,26,-9,-1,0,-16,-22,0,23,5,-20,0,-2,-13,-25,-12,24,29,-8,-2,-1,-10,-32,2,-6,21,-4,-5,-1,-7,-26,-12,21,21,-12,-5,8
0,-8,-26,-39,6,-21,-10,-3,-2,-15,-42,18,9,-33,-12,-3,-1,-18,-25,37,-8,-30,-13,-3,-1,-19,7,21,-27,-31,-15,-1,0,-16,13,26,23,-19,-20,0,-2,-13,15,14,-10,20,-20,-2,-1,-10,-7,16,-11,25,-18,-5,-1,-7,-26,-39,11,9,-12,-5,6
0,-8,-26,-44,-5,13,27,-3,-2,-15,-24,24,29,30,22,-3,-1,-18,4,37,35,4,-13,-3,-1,12,27,29,24,-14,-15,-1,0,-9,24,26,-6,-36,-20,0,-2,19,30,33,-6,-35,-20,-2,-1,-10,6,29,-6,-35,-18,-5,-1,-7,-26,-28,-33,-28,-12,-5,1
0,-8,25,24,12,1,-10,-3,-2,-15,25,-24,-21,30,8,-3,-1,-18,-4,-8,-27,20,32,-3,-1,-19,-36,-36,-39,26,37,-1,0,-16,-29,-35,-26,30,-6,0,-2,-13,-25,-27,20,12,-20,-2,-1,-10,-24,-3,30,5,11,21,-1,-7,31,21,11,25,82,110,2
0,70,30,18,1,5,-2,-3,-2,15,25,6,4,3,28,-3,-1,9,21,-29,-27,-30,-13,-3,-1,4,27,-3,-39,-31,-15,-1,0,-16,13,26,-10,-36,-20,0,-2,-13,-25,21,16,-35,-20,-2,-1,4,-2,29,-29,-35,-18,-5,-1,121,36,-34,-57,-28,-12,-5,5
0,-8,-26,-44,18,26,-10,-3,-2,-15,-24,18,29,11,-12,-3,-1,36,26,37,35,-15,-13,-3,-1,88,7,9,24,-22,-15,-1,0,-16,-29,-8,23,-36,-20,0,-2,-13,-25,6,32,-26,-20,-2,-1,-10,-32,-3,30,-23,-18,-5,-1,-7,-26,-39,21,-8,-12,-5,1
0,-8,-26,12,-16,-25,-10,-3,-2,-15,-47,12,14,-33,-12,-3,-1,-18,-42,17,35,-23,-13,-3,-1,-19,-36,21,24,-10,-15,-1,0,-16,-29,15,23,-19,-20,0,-2,-13,-25,33,32,-18,-20,-2,-1,-10,-28,29,30,-35,-18,-5,-1,-7,-26,10,1,-28,-12,-5,1
0,-8,-26,-27,23,43,41,-3,-2,-15,-47,12,29,30,15,-3,-1,-4,13,37,35,16,-13,-3,-1,34,27,29,24,18,-15,-1,0,-16,-29,3,23,-3,-20,0,-2,-13,-25,14,32,20,-20,-2,-1,-10,-32,2,30,29,-9,-5,-1,-7,-26,-17,21,21,0,-5,1
0,-8,25,12,-5,-12,-10,-3,-2,15,25,6,-21,22,-6,-3,-1,9,26,-20,-27,12,39,-3,-1,42,27,-36,-39,10,18,-1,0,39,32,-35,-42,22,8,0,-2,51,34,-27,-25,33,-14,-2,-1,43,36,-40,7,25,-18,-5,-1,-7,26,21,1,-16,-12,-5,0
0,-8,30,-10,-21,26,-2,-3,-2,-15,25,6,9,7,-12,-3,-1,16,17,-20,-27,-30,-13,-3,-1,34,27,29,12,2,-15,-1,0,-16,-14,-20,-10,30,28,0,-2,-13,-25,-27,-29,3,26,-2,-1,-10,6,-26,-11,29,6,-5,-1,-7,40,21,11,1,-12,-5,5
0,-8,-26,12,6,-21,-10,-3,-2,-15,-29,24,4,-33,-12,-3,-1,-18,9,37,-24,-30,-13,-3,-1,-11,23,29,16,-27,-15,-1,0,12,32,11,-10,14,28,0,-2,3,30,3,-29,-1,71,127,-1,-10,10,20,-2,25,55,21,-1,-7,-22,10,21,29,0,-5,6
0,18,4,1,18,-4,-10,-3,-2,38,16,12,29,-5,-12,-3,-1,-18,-34,29,11,-30,-13,-3,-1,-19,7,29,-31,-31,-15,-1,0,-16,-22,7,23,14,-20,0,-2,-13,-25,-27,-14,25,20,-2,-1,-10,-24,-26,-20,21,16,-5,-1,-7,2,21,11,5,-12,-5,3
0,-8,-26,1,23,-21,-10,-3,-2,-15,-29,24,4,-33,-12,-3,-1,-18,9,33,-24,-30,-13,-3,-1,-19,23,17,-7,-14,-15,-1,0,5,32,23,3,26,28,0,-2,3,30,10,-29,-18,65,127,-1,-10,2,11,-25,-11,60,122,-1,-7,-22,-6,21,37,64,-5,6
0,-8,-16,1,-60,-25,-10,-3,-2,-15,2,0,-51,-33,-12,-3,-1,-4,26,-12,-27,-30,-13,-3,-1,27,27,5,0,-10,-15,-1,0,18,32,23,7,22,21,0,-2,19,34,-16,-29,-1,48,-2,-1,-10,27,-3,-25,9,45,-5,-1,-7,-12,10,21,21,6,-5,6
0,-8,-11,7,-33,-25,-10,-3,-2,-15,-2,18,-41,-33,-12,-3,-1,-4,21,-16,-27,-30,-13,-3,-1,12,19,-36,-39,-31,-15,-1,0,12,24,19,23,18,-6,0,-2,11,34,6,-25,-18,48,-2,-1,-10,27,2,-20,9,35,-5,-1,-7,-12,5,16,5,-12,-5,6
0,-8,9,-22,1,1,-10,-3,-2,-8,16,-6,9,26,-12,-3,-1,2,21,-29,-27,8,24,-3,-1,12,-1,-36,-39,2,11,-1,0,39,1,-35,-42,18,-20,0,-2,43,8,-27,5,12,-20,-2,-1,17,27,2,21,-15,-18,-5,-1,-7,17,16,-28,-28,-12,-5,0
0,44,30,24,18,-16,-10,-3,-2,75,20,0,29,-17,-12,-3,-1,2,-29,-4,35,-23,-13,-3,-1,-19,-28,25,8,-31,-15,-1,0,-16,-18,26,23,14,-13,0,-2,-13,-25,-23,-6,29,37,-2,-1,-10,-7,11,-6,21,35,-5,-1,19,50,21,21,17,6,-5,3
0,-8,30,24,-5,-25,-10,-3,-2,8,25,-6,24,-9,-12,-3,-1,-11,0,-16,11,8,-13,-3,-1,-19,-36,-36,-3,10,-15,-1,0,-16,-29,-35,7,1,-20,0,-2,-13,-25,-9,32,-14,-20,-2,-1,4,23,29,30,17,21,-5,-1,-7,26,-6,-18,25,82,96,2
0,-8,-26,7,18,9,-10,-3,-2,-15,-42,24,29,7,-12,-3,-1,-18,-38,37,35,0,-13,-3,-1,-19,-20,29,24,-22,-15,-1,0,-16,13,26,15,-36,-20,0,-2,3,34,33,9,-35,-20,-2,-1,-10,23,29,26,-27,-18,-5,-1,-7,-22,5,21,-12,-12,-5,1
0,18,14,-5,6,26,-10,-3,-2,23,-7,-71,-31,30,-6,-3,-1,29,-21,-29,-8,31,24,-3,-1,-11,15,9,12,-6,37,-1,0,-16,-18,-20,-38,-19,35,0,-2,-13,-25,-27,-29,-5,9,-2,-1,17,2,-40,-34,21,-18,-5,-1,-7,12,5,-4,-16,-12,-5,9
0,18,14,1,18,35,19,-3,-2,8,2,-24,-11,15,69,-3,-1,-18,-42,-29,-20,20,39,-3,-1,-19,-36,-28,20,18,-9,-1,0,-16,-29,-35,11,-15,-20,0,-2,-13,-25,-27,5,20,-20,-2,-1,-10,-2,-7,21,25,-18,-5,-1,-7,40,16,-4,-20,-12,-5,3
0,-8,-26,-22,12,-8,-10,-3,-2,-15,-15,24,-16,-33,-12,-3,-1,-18,17,13,-27,-30,-13,-3,-1,-11,27,-11,-39,-31,-15,-1,0,5,32,26,-1,-36,-20,0,-2,3,34,18,24,-9,-20,-2,-1,-10,19,25,7,5,-18,-5,-1,-7,-26,-12,6,5,-12,-5,6
0,-8,20,24,1,-16,-10,-3,-2,-15,25,-54,-26,7,-12,-3,-1,-18,13,-12,27,31,17,-3,-1,-19,-20,29,24,35,31,-1,0,-16,-29,-23,-26,5,8,0,-2,-13,-25,-27,-29,-1,14,-2,-1,-10,19,-40,-38,17,-4,-5,-1,-7,12,16,21,9,-12,-5,9
0,-8,-21,12,6,-8,-10,-3,-2,8,20,0,4,26,-12,-3,-1,36,4,-25,0,20,-13,-3,-1,-11,15,21,24,-27,-15,-1,0,-16,-29,19,11,22,-6,0,-2,-13,-18,18,-29,3,26,-2,-1,-10,-19,16,-25,13,11,-5,-1,-7,-26,-17,11,25,-6,-5,8
0,18,40,18,1,26,27,-3,-2,15,25,-24,-11,-9,-12,-3,-1,29,13,-29,-27,-30,-13,-3,-1,42,23,17,20,-2,-15,-1,0,-9,-6,-16,-10,14,-20,0,-2,-13,-25,-27,16,12,-20,-2,-1,-10,-24,16,21,-31,-18,-5,-1,70,40,-12,-53,-28,-12,-5,5
0,18,14,24,23,-12,-10,-3,-2,30,25,0,29,-17,-12,-3,-1,-11,-13,-29,35,-15,-13,-3,-1,-19,-36,-7,20,-31,-15,-1,0,-16,-29,19,-6,-36,-20,0,-2,-13,12,25,-25,-18,9,-2,-1,-10,23,11,7,25,-4,-5,-1,-7,31,21,1,-16,-12,-5,2
0,18,25,7,-55,-25,-10,-3,-2,60,25,24,9,-33,-12,-3,-1,43,-4,4,35,-30,-13,-3,-1,-19,-36,-11,24,-22,-15,-1,0,-16,-25,7,19,-36,-20,0,-2,-13,-11,33,20,-26,-20,-2,-1,-10,27,29,30,29,45,-5,-1,-7,17,5,-4,13,41,-5,2
0,-8,-16,-10,-5,-21,-10,-3,-2,-15,-24,12,-36,15,-12,-3,-1,-18,-17,25,-16,28,-13,-3,-1,-19,-5,25,20,6,-15,-1,0,-2,32,7,-6,-36,-20,0,-2,3,26,-20,9,-35,-20,-2,-1,-10,-2,-17,17,-35,-18,-5,-1,-7,-22,16,-28,-28,-12,-5,8
0,-8,-21,-5,18,-25,-10,-3,-2,-15,2,18,-26,-33,-12,-3,-1,2,21,-25,-27,-30,-13,-3,-1,19,11,-36,-39,-31,-15,-1,0,39,28,23,23,22,1,0,-2,3,34,14,-22,-5,48,-2,-1,-10,27,6,-25,1,45,-5,-1,-7,-17,-6,21,33,23,-5,6
0,-8,-11,-5,23,39,5,-3,-2,15,25,-12,-31,30,15,-3,-1,29,-17,-29,-8,31,-6,-3,-1,-19,-36,-36,0,18,-15,-1,0,-16,-29,0,23,30,48,0,-2,-13,-25,-5,28,-9,-14,-2,-1,-10,-32,16,-2,-35,-18,-5,-1,-7,-22,16,-48,-28,-12,-5,7
0,-8,-21,7,12,-21,-10,-3,-2,-8,2,24,-1,15,-12,-3,-1,23,26,33,-27,20,9,-3,-1,34,19,-16,-39,2,44,-1,0,25,21,-35,-42,-3,55,0,-2,19,30,-27,-25,25,31,-2,-1,-10,27,-7,12,29,-4,-5,-1,-7,-12,16,16,-12,-12,-5,0
0,70,45,-39,-66,-25,-10,-3,-2,0,20,18,-36,-29,-6,-3,-1,-18,-17,37,-12,20,47,-3,-1,-19,-36,21,16,22,-9,-1,0,-16,-22,23,11,-32,-20,0,-2,-5,26,3,28,-35,-20,-2,-1,57,19,-44,12,-23,-18,-5,-1,44,40,5,16,-16,-12,-5,8
0,44,50,24,18,-16,-10,-3,-2,45,16,-24,19,-1,-12,-3,-1,29,-21,-20,35,-11,-13,-3,-1,-19,-36,13,12,-31,-15,-1,0,-16,1,23,-38,-36,-20,0,-2,-5,30,-1,-29,-35,-20,-2,-1,43,36,-3,-6,-3,-9,-5,-1,44,45,21,21,37,64,-5,2
0,-8,9,18,23,39,-10,-3,-2,0,20,-59,-26,30,-6,-3,-1,-18,-42,-29,11,20,-13,-3,-1,-19,-36,-24,16,14,-2,-1,0,-16,-6,26,23,30,35,0,-2,-13,-7,21,-3,-35,-20,-2,-1,-10,-19,25,-38,-35,-18,-5,-1,-7,21,-1,-57,-28,-12,-5,7
0,-8,-21,-27,-33,22,-2,-3,-2,-15,11,-6,24,30,35,-3,-1,-18,13,-4,15,31,17,-3,-1,-19,-24,25,24,-2,-15,-1,0,-16,-14,23,15,-7,-20,0,-2,-5,26,-16,-25,20,-20,-2,-1,17,19,-35,-29,13,-18,-5,-1,-7,-22,-12,-18,-24,-12,-5,8
0,-8,-11,-10,18,35,19,-3,-2,0,16,-30,-6,30,42,-3,-1,29,9,-16,27,31,-13,-3,-1,-4,19,29,12,35,-15,-1,0,-16,-29,-35,-42,30,-20,0,-2,-5,-14,-27,-29,25,-20,-2,-1,57,32,-7,-34,29,-18,-5,-1,-7,-7,-6,21,33,-12,-5,9
0,-8,-6,12,12,-16,-10,-3,-2,23,25,-6,-16,7,-12,-3,-1,9,26,-12,-27,12,-6,-3,-1,34,19,-32,-39,-2,18,-1,0,12,9,-35,-42,-7,28,0,-2,-5,19,-27,-29,16,-3,-2,-1,-10,6,-17,-16,17,-18,-5,-1,-7,-26,-12,11,-12,-12,-5,0
0,-8,-16,1,-16,-25,-10,-3,-2,-15,-42,18,-16,3,-12,-3,-1,-18,-42,17,-24,24,-6,-3,-1,-19,3,-3,4,22,-9,-1,0,-16,5,19,23,1,-20,0,-2,-13,-25,-27,-25,8,-3,-2,-1,-10,-32,-44,-43,-23,50,46,-1,-7,-2,10,6,29,47,10,9
0,-8,-1,24,-60,-25,-10,-3,-2,-15,7,0,-51,-33,-12,-3,-1,-4,21,4,-27,-7,24,-3,-1,50,27,-11,8,35,44,-1,0,32,32,26,23,26,-13,0,-2,-13,-14,10,32,-9,-20,-2,-1,-10,-28,20,3,-35,-18,-5,-1,-7,-2,21,-48,-28,-12,-5,4
0,-8,-6,12,-33,-25,-10,-3,-2,-15,-2,18,-41,-33,-12,-3,-1,-18,26,17,-27,-30,-13,-3,-1,-19,15,9,-39,-31,-15,-1,0,5,32,11,-10,-23,-20,0,-2,3,34,25,1,16,31,-2,-1,-10,36,16,-25,13,40,-5,-1,-7,2,16,21,21,-6,-5,6
0,-8,-26,-5,23,-16,-10,-3,-2,-15,-15,24,-11,-25,-12,-3,-1,-18,21,0,-27,-30,-13,-3,-1,-19,27,-20,-27,-27,-15,-1,0,-9,32,26,23,30,8,0,-2,-13,26,18,-14,-9,48,-2,-1,-10,10,29,-20,5,55,-5,-1,-7,-17,-6,21,21,35,-5,6
0,-8,14,1,1,35,12,-3,-2,-15,2,-6,-1,30,1,-3,-1,-18,-42,-29,8,20,-13,-3,-1,-19,-36,21,24,22,-15,-1,0,-16,-29,-4,-10,30,8,0,-2,-13,-14,-27,-29,33,3,-2,-1,4,36,-3,-2,25,-9,-5,-1,19,26,10,16,-16,-12,-5,3
0,-8,25,-10,12,43,92,-3,-2,-15,16,-24,-31,-33,-12,-3,-1,-18,26,-29,-4,12,24,-3,-1,4,27,21,0,10,44,-1,0,5,24,-16,-42,1,35,0,-2,-13,-25,-27,-6,20,-20,-2,-1,-10,-19,-3,17,-23,-18,-5,-1,-7,12,5,-53,-28,-12,-5,5
0,-8,-26,1,12,-4,-10,-3,-2,-15,-20,-6,-31,26,-12,-3,-1,-18,-8,9,4,31,9,-3,-1,-19,-24,21,12,22,11,-1,0,-16,-29,-35,-42,5,28,0,-2,-13,-25,-27,-29,-5,26,-2,-1,-10,23,-17,-38,-7,26,-5,-1,-7,-22,-12,11,33,0,-5,9
0,-8,-6,18,23,43,106,21,-2,-15,-2,6,-11,26,42,-3,-1,-18,17,-8,-16,31,2,-3,-1,-19,-32,-36,8,14,-15,-1,0,-16,-22,-16,23,1,-13,0,-2,-13,30,33,32,25,-3,-2,-1,-10,-28,25,-2,-35,-18,-5,-1,-7,7,10,-48,-28,-12,-5,7
0,-8,-16,7,-66,-25,-10,-3,-2,-15,7,0,-51,-33,-12,-3,-1,-4,26,-20,-27,-30,-13,-3,-1,12,19,-3,-11,-22,-15,-1,0,39,28,11,11,26,-6,0,-2,3,30,-23,-29,-5,42,-2,-1,-10,23,-7,-20,17,26,-5,-1,-7,-17,5,21,17,-6,-5,6
0,-8,-16,1,-44,-25,-10,-3,-2,-8,7,24,29,-21,-12,-3,-1,29,26,-4,-12,20,-13,-3,-1,42,27,-11,-39,22,18,-1,0,-9,32,-16,-42,-7,41,0,-2,-13,34,3,-29,-1,48,-2,-1,-10,23,20,21,29,30,-5,-1,-7,-7,10,16,1,-12,-5,0
0,-8,35,24,23,30,-2,-3,-2,15,20,-18,9,30,1,-3,-1,-18,-34,-29,15,28,-13,-3,-1,-19,-36,13,24,-14,-15,-1,0,-16,-29,-4,23,18,-13,0,-2,-13,-25,-27,-6,33,14,-2,-1,-10,-15,-17,-16,29,11,-5,-1,-7,31,21,21,9,-12,-5,3
0,-8,-16,18,-38,-25,-10,-3,-2,-15,2,24,29,-9,-12,-3,-1,2,17,-16,0,31,9,-3,-1,34,-5,-36,-39,2,37,-1,0,18,1,-35,-42,-19,35,0,-2,19,19,-27,-29,-1,26,-2,-1,-10,27,-3,-6,29,-9,-5,-1,-7,-12,10,16,-4,-12,-5,0
0,-8,-26,-61,-16,43,41,-3,-2,-15,-29,6,29,30,1,-3,-1,36,26,33,23,31,9,-3,-1,4,-8,-36,-7,35,-2,-1,0,-16,-29,-35,-10,30,14,0,-2,-13,-25,-27,1,33,3,-2,-1,-10,-32,-44,-6,29,21,-5,-1,-7,-26,-67,1,37,29,-5,1
0,70,25,-5,1,26,34,-3,-2,45,16,-6,-11,-1,15,-3,-1,36,0,0,-16,-30,-13,-3,-1,42,27,21,20,-14,-15,-1,0,-2,-22,-35,-18,1,-20,0,-2,-13,-25,-27,-14,16,-20,-2,-1,4,2,-26,3,5,-18,-5,-1,44,45,21,6,-20,-12,-5,5
0,44,50,24,23,30,5,-3,-2,-8,-2,-24,19,30,42,-3,-1,-18,-42,-29,35,28,-6,-3,-1,-19,-36,-36,24,2,-15,-1,0,-16,-29,-35,15,22,-20,0,-2,-13,-25,-27,13,33,-14,-2,-1,17,27,16,30,29,-4,-5,-1,44,45,21,11,-8,-12,-5,3
0,-8,40,24,1,5,-10,-3,-2,15,25,18,9,15,8,-3,-1,9,26,-8,-27,-30,-13,-3,-1,4,27,1,-39,-31,-15,-1,0,-16,28,26,-34,-36,-20,0,-2,-13,-11,33,24,-35,-20,-2,-1,4,6,20,30,-35,-18,-5,-1,19,36,21,-9,-28,-12,-5,5
0,-8,4,-22,-21,30,12,-3,-2,-8,16,12,9,3,8,-3,-1,9,26,4,-20,-30,-13,-3,-1,12,27,17,20,-2,-15,-1,0,-16,-29,-35,-30,26,-20,0,-2,-13,-25,-27,-18,29,-20,-2,-1,-10,-7,-7,17,-3,-18,-5,-1,-7,17,16,-18,-28,-12,-5,5
0,-8,-1,1,23,18,-10,-3,-2,45,20,-42,9,18,-12,-3,-1,-18,-42,-16,35,-15,-13,-3,-1,-19,-36,-16,24,-18,-15,-1,0,-16,-29,-27,19,-3,-20,0,-2,-13,-25,-27,-22,25,20,-2,-1,-10,-32,-44,-43,17,35,-5,-1,-7,-2,21,21,17,6,-5,3
0,-8,-26,-16,23,1,-10,-3,-2,-15,-29,18,-21,26,-12,-3,-1,-18,-8,17,8,12,-13,-3,-1,-19,-5,29,16,-22,-15,-1,0,-16,13,26,11,-36,-20,0,-2,35,26,-20,16,3,-20,-2,-1,57,36,6,-20,17,1,-5,-1,-7,-12,-23,6,37,41,-5,8
0,44,40,24,23,18,-10,-3,127,98,7,-30,-1,30,-12,-3,-1,2,-38,-29,19,20,-13,-3,-1,-19,-36,-24,24,-14,-15,-1,0,-16,-29,15,-6,-36,-20,0,-2,-13,-3,29,-18,-35,-20,-2,-1,-10,36,2,-16,-3,21,21,-1,44,45,21,21,21,59,10,2
0,-8,-11,7,-10,-21,-10,-3,-2,-15,-33,24,29,-17,-12,-3,-1,-18,-38,37,35,-23,-13,-3,-1,-19,-12,29,24,-27,-15,-1,0,-16,-14,26,23,-32,-20,0,-2,-13,-11,33,32,-22,-20,-2,-1,-10,-2,29,30,-35,-18,-5,-1,-7,-17,10,21,-8,-12,-5,1
0,-8,-11,18,-60,-25,-10,-3,-2,-15,7,-24,-51,-33,-12,-3,-1,2,13,-29,-27,-30,-13,-3,-1,12,11,-36,-39,-31,-15,-1,0,18,9,7,23,22,-13,0,-2,3,34,10,-14,-5,37,-2,-1,-10,32,-7,-34,13,21,-5,-1,-7,-12,-1,21,5,-12,-5,6
0,-8,-1,18,-27,-25,-10,-3,-2,-15,16,24,29,-13,-12,-3,-1,-18,13,29,27,28,-13,-3,-1,-19,-24,9,16,35,5,-1,0,-16,-29,-35,-18,30,-6,0,-2,-13,-25,-27,-14,33,20,-2,-1,-10,-32,-40,7,29,11,-5,-1,-7,-7,16,21,13,-12,-5,9
0,-8,-21,7,23,35,19,-3,-2,0,2,-24,-31,11,35,-3,-1,23,26,-16,-16,20,2,-3,-1,-19,-1,21,16,-14,-15,-1,0,-16,-2,26,-1,-36,-20,0,-2,-13,19,10,32,-31,-20,-2,-1,-10,15,2,26,-19,-18,-5,-1,-7,-22,10,16,-24,-12,-5,8
0,-8,4,18,-38,-25,-10,-3,-2,-8,20,18,24,-21,-12,-3,-1,-4,26,-4,15,24,-13,-3,-1,-19,23,21,20,35,-9,-1,0,-16,-18,-4,-1,30,14,0,-2,-13,-25,-27,-18,33,26,-2,-1,-10,-32,-26,3,29,21,-5,-1,-7,7,-1,6,21,-6,-5,9
0,-8,-16,1,12,-8,-10,-3,-2,-15,20,0,4,18,-12,-3,-1,9,26,-12,-24,24,32,-3,-1,12,11,-36,-39,2,37,-1,0,25,5,-35,-42,-15,35,0,-2,11,19,-23,-29,16,26,-2,-1,-10,2,11,-2,29,-4,-5,-1,-7,-26,-12,6,-16,-12,-5,0
0,-8,-6,1,23,9,-10,-3,-2,23,25,-6,-1,30,15,-3,-1,36,13,-29,-24,20,17,-3,-1,4,27,17,20,22,5,-1,0,-16,5,26,23,-7,-20,0,-2,-13,26,-1,-10,29,14,-2,-1,-10,10,11,-11,17,30,-5,-1,-7,-12,5,6,13,-6,-5,8
0,-8,-26,-56,23,-21,-10,-3,-2,-15,-47,-18,9,-33,-12,-3,-1,-18,-25,33,8,-30,-13,-3,-1,12,27,13,-39,6,64,-1,0,46,32,26,23,30,48,0,-2,-5,-3,10,24,33,3,-2,-1,-10,-32,-44,21,21,-18,-5,-1,-7,-26,-50,21,1,-12,-5,4
0,-8,-21,-10,6,26,27,-3,-2,-15,11,6,-31,-17,69,-3,-1,2,26,0,-12,16,32,-3,-1,-4,23,29,20,-10,-15,-1,0,-16,-25,0,23,-36,-20,0,-2,-13,-25,-20,28,-35,-20,-2,-1,-10,-32,6,-16,-35,-18,-5,-1,-7,-26,16,-57,-28,-12,-5,9
0,-8,20,24,23,13,-10,-3,-2,23,25,12,24,30,-6,-3,-1,-4,4,-25,11,28,-13,-3,-1,-19,-36,-32,20,2,-15,-1,0,-16,-29,-4,19,-32,-20,0,-2,-13,-3,33,-3,-1,20,-2,-1,-10,6,29,26,21,-9,-5,-1,-7,17,21,6,-24,-12,-5,2
0,-8,-26,-61,-27,39,70,-3,-2,-15,-47,-6,-11,-21,76,-3,-1,-18,0,-4,-20,16,69,-3,-1,-11,27,13,24,35,31,-1,0,-2,32,19,-14,14,-6,0,-2,-13,-25,-27,-18,12,-20,-2,-1,-10,-32,-44,-11,1,-18,-5,-1,-7,-26,-67,-14,-4,-12,-5,9
0,-8,-6,12,-5,-25,-10,-3,-2,-15,-38,24,29,-21,-12,-3,-1,-18,-42,29,35,-11,-13,-3,-1,-19,-36,29,24,-18,-15,-1,0,-16,-25,23,23,-27,-20,0,-2,-13,-18,29,20,-35,-20,-2,-1,-10,-15,29,7,-35,-18,-5,-1,-7,-2,21,11,-24,-12,-5,1
0,-8,-26,-44,1,-25,-10,-3,-2,-15,-47,0,29,-1,-12,-3,-1,-18,-25,37,31,0,-13,-3,-1,-11,23,-3,16,-2,-15,-1,0,25,32,-4,15,22,8,0,-2,67,34,33,32,20,-14,-2,-1,-10,-32,-35,30,-19,-18,-5,-1,-7,-26,-45,6,-20,-12,-5,4
0,-8,-16,1,23,43,41,-3,-2,-15,-2,6,-16,-1,8,-3,-1,-4,21,-4,-27,-30,-13,-3,-1,65,19,-7,-19,-27,-15,-1,0,18,32,26,23,26,21,0,-2,-13,-11,-12,-14,25,26,-2,-1,-10,-32,-26,-11,21,6,-5,-1,-7,-17,16,16,-8,-12,-5,5
0,96,55,24,23,18,12,-3,-2,75,25,-18,-11,15,8,-3,-1,49,26,-20,-27,-30,-13,-3,-1,4,27,13,-39,-31,-15,-1,0,-16,-2,26,-6,-36,-20,0,-2,-13,-25,18,32,-31,-20,-2,-1,30,10,25,26,-31,-18,-5,-1,95,50,5,-43,-28,-12,-5,5
0,-8,-26,-56,12,-4,-10,-3,-2,-15,-42,-6,4,-33,-12,-3,-1,-18,-13,29,-24,-30,-13,-3,-1,19,27,-24,-23,-6,-2,-1,0,80,32,19,23,30,48,0,-2,59,19,-1,1,33,3,-2,-1,-10,-32,-44,17,13,-18,-5,-1,-7,-26,-50,16,-4,-12,-5,4
0,-8,-26,1,-5,-21,-10,-3,-2,-15,-33,24,14,7,-12,-3,-1,-18,-8,9,-24,16,-13,-3,-1,-4,27,1,-39,10,18,-1,0,12,32,-4,-42,-7,35,0,-2,-5,34,-16,-29,8,20,-2,-1,-10,2,16,-2,29,11,-5,-1,-7,-22,-12,21,25,-6,-5,0
0,-8,-11,7,18,-4,-10,-3,-2,-8,20,6,-1,26,-12,-3,-1,-4,26,-16,-20,4,-13,-3,-1,-19,11,17,16,-2,-15,-1,0,-16,9,26,-6,-36,-20,0,-2,-5,34,-12,5,12,-14,-2,-1,-10,32,-30,-43,-3,21,-5,-1,-7,-12,-1,16,21,29,-5,8
0,-8,20,18,6,-12,-10,-3,-2,0,16,-59,-21,-13,-12,-3,-1,9,-4,-29,-27,28,17,-3,-1,-11,15,-16,-11,35,24,-1,0,-16,-22,-8,-14,22,1,0,-2,-13,-25,-27,-25,25,-14,-2,-1,-10,-19,-40,3,1,-18,-5,-1,-7,26,16,-14,-24,-12,-5,9
0,-8,4,12,-27,1,-10,-3,-2,-8,16,-36,14,30,-6,-3,-1,16,9,-29,8,31,9,-3,-1,-11,23,21,12,14,37,-1,0,-16,-29,-35,-42,-3,35,0,-2,-13,-25,-27,-29,-5,26,-2,-1,4,27,-35,-38,13,-13,-5,-1,-7,-7,5,16,-8,-12,-5,9
0,-8,14,18,1,-8,-10,-3,-2,23,16,-48,4,-5,-12,-3,-1,-18,-42,-25,27,-19,-13,-3,-1,-19,-28,25,16,-27,-15,-1,0,-16,-29,-4,11,10,-20,0,-2,-13,-25,-27,-29,20,9,-2,-1,-10,19,-35,-29,13,16,-5,-1,-7,36,21,16,5,-12,-5,3
0,-8,4,1,1,1,-10,-3,-2,-15,2,24,29,18,-12,-3,-1,-18,9,37,35,0,-13,-3,-1,-19,-5,29,24,18,-15,-1,0,-2,21,26,23,14,-20,0,-2,-5,34,33,32,8,-20,-2,-1,-10,36,29,30,-3,-18,-5,-1,-7,-17,-6,-9,-12,-12,-5,1
0,-8,-6,12,-5,-12,-10,-3,-2,-15,-42,18,29,-9,-12,-3,-1,-18,-42,37,35,4,-13,-3,-1,-19,-32,21,24,-18,-15,-1,0,-16,-6,26,23,-27,-20,0,-2,-13,4,33,28,-35,-20,-2,-1,-10,-2,29,7,-35,-18,-5,-1,-7,2,16,11,-12,-12,-5,1
0,-8,-26,-56,23,39,12,-3,-2,-15,-47,-24,29,30,15,-3,-1,-18,-4,37,35,24,-13,-3,-1,34,27,29,24,18,-15,-1,0,-16,-29,-4,23,14,-20,0,-2,-13,-25,-1,32,16,-20,-2,-1,-10,-32,-26,30,29,16,-5,-1,-7,-26,-67,6,37,29,-5,1
0,96,50,-5,-60,-25,-10,-3,-2,45,25,24,-31,-33,-12,-3,-1,-4,-17,25,4,-30,-13,-3,-1,-19,-36,-3,-19,-31,-15,-1,0,-16,-29,7,-26,-36,-20,0,-2,-13,-7,33,-29,-35,-20,-2,-1,17,23,29,17,13,11,-5,-1,121,50,16,21,21,6,-5,2
0,-8,-6,18,6,-16,-10,-3,-2,15,25,18,-16,11,-12,-3,-1,36,17,29,-27,24,2,-3,-1,34,-1,13,-23,2,31,-1,0,25,13,-35,-42,-7,41,0,-2,3,30,-23,-29,8,26,-2,-1,-10,15,-7,-25,25,1,-5,-1,-7,-17,10,21,13,-12,-5,0
0,-8,14,12,23,43,5,-3,-2,-15,2,-36,-16,30,-6,-3,-1,-18,-42,-29,11,16,-13,-3,-1,-11,7,29,24,35,64,-1,0,-2,17,15,11,-27,-20,0,-2,-13,-22,25,-14,-35,-20,-2,-1,-10,2,11,-43,-35,-18,-5,-1,-7,31,-28,-57,-28,-12,-5,7
0,44,45,24,1,1,-10,-3,-2,-8,-2,-24,19,30,-6,-3,-1,-18,-42,-29,11,28,2,-3,-1,-19,-36,-28,24,18,-15,-1,0,-16,-29,-23,23,14,-20,0,-2,-13,-25,-27,13,33,-8,-2,-1,-10,-2,2,26,25,-9,-5,-1,70,36,-6,-23,-20,-12,-5,3
0,-8,-26,-16,18,-21,-10,-3,-2,-15,-2,6,-31,-33,-12,-3,-1,-4,21,-25,-27,-30,-13,-3,-1,19,7,-20,-23,-31,-15,-1,0,12,32,26,23,30,8,0,-2,-13,34,-20,-29,8,26,-2,-1,-10,2,11,-25,17,16,-5,-1,-7,-22,-17,21,17,-6,-5,6
0,-8,-26,-50,6,43,70,-3,-2,-15,-29,18,4,-1,96,85,-1,-4,21,9,-4,20,99,127,-1,12,27,29,24,35,57,-1,0,-16,-2,-4,-18,30,-6,0,-2,-13,-25,-27,-6,25,-20,-2,-1,-10,-32,-44,21,1,-18,-5,-1,-7,-26,-50,21,-12,-12,-5,9
0,-8,-16,18,6,-12,-10,-3,-2,-15,7,24,-6,-17,-12,-3,-1,2,26,9,-27,-30,-13,-3,-1,4,27,21,8,-10,-15,-1,0,39,32,26,23,30,-20,0,-2,27,34,29,-6,33,31,-2,-1,4,23,20,17,29,-4,-5,-1,-7,-12,-1,11,13,-12,-5,6
0,44,35,7,23,43,19,-3,-2,68,25,6,-16,-17,-6,-3,-1,69,17,-29,-27,-30,-13,-3,-1,-11,23,13,-39,-31,-15,-1,0,-16,-6,26,-30,-36,-20,0,-2,-13,-25,21,-3,-35,-20,-2,-1,30,-11,29,-11,-35,-18,-5,-1,70,36,16,-57,-28,-12,-5,5
0,-8,4,24,23,43,77,-3,-2,-15,11,-12,-11,30,22,-3,-1,-11,21,-25,8,16,-13,-3,-1,-19,-20,-36,12,-2,-15,-1,0,-16,9,26,23,30,41,0,-2,-13,0,25,16,-1,-3,-2,-1,-10,-19,25,-20,-35,-18,-5,-1,-7,12,16,-57,-28,-12,-5,7
0,-8,20,24,23,5,-10,-3,-2,38,25,0,-16,11,1,-3,-1,69,13,-25,-27,-30,-13,-3,-1,57,27,5,-11,-31,-15,-1,0,-16,1,11,23,5,-20,0,-2,-13,-25,-27,-10,33,-3,-2,-1,-10,-28,-44,7,29,-13,-5,-1,-7,7,21,21,-4,-12,-5,5
0,-8,-21,12,-5,-25,-10,-3,-2,-15,-7,18,-41,-33,15,-3,-1,-4,26,-4,-27,-3,107,106,-1,42,27,-11,-15,35,64,-1,0,18,32,26,23,26,1,0,-2,-13,-22,-12,32,-1,-20,-2,-1,-10,-32,-3,30,-31,-18,-5,-1,-7,-26,16,21,-28,-12,-5,4
0,-8,-1,1,-60,-25,-10,-3,-2,-15,20,12,-16,-33,-12,-3,-1,-18,13,-25,19,-30,-13,-3,-1,-4,3,-36,16,-31,-15,-1,0,-16,-22,-35,23,-32,-20,0,-2,-13,-25,-5,28,-35,-20,-2,-1,-10,6,29,26,1,21,46,-1,-7,-12,-6,-18,25,59,53,2
0,-8,4,18,18,-12,-10,-3,-2,8,25,12,19,18,-12,-3,-1,23,21,-20,-24,24,24,-3,-1,42,19,-28,-39,6,37,-1,0,39,32,-20,-42,-3,35,0,-2,27,34,-5,-29,12,31,-2,-1,4,36,29,21,29,26,-5,-1,-7,-2,10,16,13,-6,-5,0
0,-8,40,-10,-21,9,41,-3,-2,15,25,24,29,30,90,56,-1,-18,0,37,-8,-30,-13,-3,-1,-19,-36,17,8,-31,-15,-1,0,-16,-29,-12,19,-36,-20,0,-2,-13,-25,3,28,-35,-20,-2,-1,4,-7,2,12,-35,-18,-5,-1,19,36,21,-33,-28,-12,-5,5
0,-8,-21,-22,-10,39,70,-3,-2,0,16,18,14,30,35,-3,-1,-18,-17,-29,-4,24,2,-3,-1,-19,-36,-24,4,18,-2,-1,0,-16,-22,26,23,26,35,0,-2,-13,-14,21,28,-26,-20,-2,-1,-10,-32,16,3,-35,-18,-5,-1,-7,-22,21,-33,-28,-12,-5,7
0,-8,-26,-67,6,43,34,-3,-2,-15,-33,-6,29,30,22,-3,-1,16,26,37,35,31,17,-3,-1,12,3,1,24,35,11,-1,0,-16,-29,-35,11,30,8,0,-2,-13,-25,-27,16,33,3,-2,-1,-10,-32,-35,30,29,16,-5,-1,-7,-26,-61,1,29,17,-5,1
0,44,40,24,18,-21,-10,-3,-2,38,11,-12,29,-17,-12,-3,-1,-18,-42,4,35,-23,-13,-3,-1,-19,-5,29,24,10,-15,-1,0,-16,-25,-20,-1,30,35,0,-2,-13,-25,-27,-29,33,31,-2,-1,17,19,-17,-16,29,11,-5,-1,19,45,21,21,9,-6,-5,3
0,-8,-6,7,6,-8,-10,-3,-2,-15,25,-12,-1,-1,-12,-3,-1,-18,17,0,-4,12,-13,-3,-1,-19,-12,25,20,35,-2,-1,0,-16,-29,-35,-42,10,14,0,-2,-13,-25,-27,-29,-5,31,-2,-1,4,-15,-26,-16,13,30,-5,-1,19,2,-6,16,21,-6,-5,9
0,-8,-26,-16,-5,-25,-10,-3,-2,-15,-42,24,4,-33,-12,-3,-1,-18,-17,37,-24,-30,-13,-3,-1,-19,7,9,-15,-2,-9,-1,0,-16,21,19,19,30,35,0,-2,-13,19,21,-10,-14,54,-2,-1,-10,-7,20,-6,25,40,-5,-1,-7,-26,-12,21,21,0,-5,6
0,18,9,1,6,-12,-10,-3,-2,38,11,-36,24,22,-12,-3,-1,23,0,-29,23,31,-13,-3,-1,-11,15,17,20,35,-9,-1,0,-16,-29,-20,-38,14,35,0,-2,-13,-25,-27,-29,16,26,-2,-1,-10,19,16,-20,21,21,-5,-1,-7,-2,-1,21,17,-6,-5,9
0,-8,-21,-10,-66,-25,-10,-3,-2,-15,-29,18,-51,-33,-12,-3,-1,-18,0,17,-27,-30,-13,-3,-1,-19,15,1,-27,-22,-15,-1,0,-16,21,26,23,26,8,0,-2,-13,23,21,-6,-18,48,-2,-1,-10,6,6,-20,1,55,46,-1,-7,-17,-1,21,21,23,-5,6
0,-8,-1,7,23,18,-2,-3,-2,38,25,24,29,30,35,-3,-1,-18,-21,-20,15,24,24,-3,-1,-19,-36,5,20,-6,-15,-1,0,-16,5,26,11,-27,-20,0,-2,-13,-11,14,28,25,-20,-2,-1,-10,-24,-35,17,29,-13,-5,-1,-7,-2,10,16,9,-12,-5,3
0,-8,35,1,12,39,-2,-3,-2,-8,20,-6,-21,-13,-12,-3,-1,23,21,21,-12,-30,-13,-3,-1,27,7,-3,12,-6,-15,-1,0,-16,-29,-35,-38,18,-20,0,-2,-13,-25,-27,-29,3,-3,-2,-1,17,-7,-40,-16,21,-4,-5,-1,19,26,21,6,5,-12,-5,5
0,-8,-26,-39,23,-12,-10,-3,-2,-15,-42,18,29,-17,-12,-3,-1,-18,0,37,35,-27,-13,-3,-1,4,27,29,20,-14,-2,-1,0,53,32,26,23,30,62,0,-2,-5,0,25,20,-9,9,-2,-1,-10,-32,6,12,-35,-18,-5,-1,-7,-26,-45,-9,-28,-12,-5,4
0,-8,4,24,-44,-25,-10,-3,-2,-15,-29,24,-6,-33,-12,-3,-1,-18,-13,37,19,-30,-13,-3,-1,-19,15,29,20,-31,-15,-1,0,-16,21,23,23,-27,-20,0,-2,-13,-22,-20,28,-1,-20,-2,-1,-10,-7,-3,21,25,45,127,-1,-7,-2,16,21,37,76,39,1
0,-8,4,24,18,-4,-10,-3,-2,-8,25,12,-11,26,-6,-3,-1,43,13,-25,-27,16,32,-3,-1,19,-1,-36,-39,6,51,-1,0,25,5,-35,-42,1,55,0,-2,43,34,-23,-29,12,42,-2,-1,30,36,6,17,29,21,-5,-1,-7,12,21,21,21,-6,-5,0
0,123,55,1,-60,-25,-10,-3,-2,23,16,18,-11,-33,-12,-3,-1,-18,-42,29,11,-30,-13,-3,-1,-19,-28,29,-11,-31,-15,-1,0,-16,-2,26,-30,-36,-20,0,-2,3,26,10,-29,-35,-20,-2,-1,127,36,-3,-6,-3,-4,-5,-1,127,50,21,21,37,11,-5,2
0,-8,-11,-10,6,5,-10,-3,-2,-8,16,6,24,22,-12,-3,-1,-18,21,-8,27,4,-13,-3,-1,-19,-36,5,24,-10,-15,-1,0,-16,-29,-8,15,30,1,0,-2,19,-7,-27,-22,33,3,-2,-1,123,36,2,-6,29,-4,-5,-1,-7,-2,-1,11,5,-12,-5,3
0,44,45,24,23,30,27,-3,-2,38,25,6,-11,-1,-6,-3,-1,49,21,-29,-27,-30,-13,-3,-1,57,27,-36,-39,-31,-15,-1,0,32,32,-12,-42,-36,-20,0,-2,-5,19,33,1,-35,-20,-2,-1,4,2,29,3,-35,-18,-5,-1,70,50,16,-53,-28,-12,-5,5
0,-8,9,1,6,-16,-10,-3,-2,-15,16,6,-11,18,-12,-3,-1,2,26,-25,-27,12,2,-3,-1,12,19,-36,-39,-10,37,-1,0,18,1,-35,-42,-15,35,0,-2,19,34,-27,-22,25,20,-2,-1,17,36,2,21,25,-13,-5,-1,-7,2,10,11,-12,-12,-5,0
0,-8,-16,12,23,9,-10,-3,-2,-15,-29,0,29,11,-12,-3,-1,-18,-42,-29,35,16,-13,-3,-1,-19,-36,-24,24,6,-15,-1,0,-2,-10,3,23,14,-6,0,-2,114,34,33,32,25,-3,-2,-1,43,-15,20,12,-35,-18,-5,-1,-7,-17,21,-23,-28,-12,-5,7
0,-8,-6,1,6,-16,-10,-3,-2,-15,-24,24,29,-13,-12,-3,-1,-18,-21,37,35,-7,-13,-3,-1,-19,-1,29,20,-31,-15,-1,0,-16,9,26,15,-36,-20,0,-2,-13,19,33,16,-35,-20,-2,-1,-10,-11,29,7,-35,-18,-5,-1,-7,2,21,6,-28,-12,-5,1
0,-8,14,18,23,1,-10,-3,-2,-15,11,6,14,18,-12,-3,-1,-18,-34,-4,35,4,-13,-3,-1,-19,-36,-24,24,-22,-15,-1,0,-16,-29,-35,-1,5,-20,0,-2,-13,-25,-27,-10,29,-20,-2,-1,-10,-2,-26,7,29,-13,-5,-1,-7,7,21,21,5,-12,-5,3
0,-8,14,12,23,43,-2,-3,-2,30,25,24,-11,-21,-12,-3,-1,76,17,-25,-27,-30,-13,-3,-1,57,23,-20,-39,-31,-15,-1,0,5,28,26,-18,-36,-20,0,-2,-13,-22,3,28,-26,-20,-2,-1,-10,-24,16,26,-35,-18,-5,-1,-7,21,21,-38,-28,-12,-5,5
0,-8,25,24,18,9,5,-3,-2,53,25,0,-11,3,8,-3,-1,69,26,9,-27,-30,-13,-3,-1,34,27,29,0,-31,-15,-1,0,32,21,-4,23,-19,-20,0,-2,-13,-25,-23,32,-14,-20,-2,-1,-10,-24,11,26,-31,-18,-5,-1,-7,36,21,-28,-28,-12,-5,5
0,-8,14,12,-5,-16,-10,-3,-2,30,25,-30,-21,18,-6,-3,-1,36,4,-29,-27,8,17,-3,-1,34,-5,-36,-39,-10,31,-1,0,39,-14,-35,-42,-7,35,0,-2,3,12,-27,-29,-5,37,-2,-1,-10,27,-30,-25,25,-4,-5,-1,-7,-2,21,21,1,-12,-5,0
0,-8,-26,-61,-16,22,-10,-3,-2,-15,-47,6,29,30,-12,-3,-1,-18,-42,21,0,24,-13,-3,-1,-19,-36,-36,16,-2,-15,-1,0,-16,-10,11,7,-36,-20,0,-2,43,34,33,-6,-35,-20,-2,-1,43,6,16,30,9,1,-5,-1,-7,-26,-67,-14,25,6,-5,2
0,44,25,1,23,9,-10,-3,-2,15,-11,-42,14,30,-12,-3,-1,-18,-42,0,31,-3,-13,-3,-1,-19,-12,29,0,-31,-15,-1,0,-16,-29,-16,23,10,-20,0,-2,-13,-25,-27,-6,33,-3,-2,-1,-10,-32,-44,3,29,6,-5,-1,44,40,21,1,9,-12,-5,3
0,18,40,18,-55,-25,-10,-3,-2,30,20,18,-6,-33,-12,-3,-1,43,-8,13,23,-30,-13,-3,-1,19,-24,13,8,-31,-15,-1,0,-16,-18,26,-18,-36,-20,0,-2,27,30,29,-25,-35,-20,-2,-1,70,36,25,12,13,35,-5,-1,19,26,5,21,37,59,-5,2
0,-8,4,1,1,39,106,127,-2,0,20,24,19,30,90,85,-1,2,26,-4,-4,31,32,-3,-1,34,23,-20,16,14,-15,-1,0,-9,-22,-4,19,-23,-20,0,-2,-13,-22,33,5,-35,-20,-2,-1,-10,-7,29,-25,-35,-18,-5,-1,-7,12,21,-43,-28,-12,-5,7
0,-8,-16,7,18,9,-10,-3,-2,-15,-2,12,-1,11,42,-3,-1,-18,26,-25,-27,-30,54,-3,-1,4,15,-36,-39,-31,37,-1,0,12,17,-35,-42,-32,35,0,-2,27,19,-27,-29,8,-20,-2,-1,-10,32,-7,-11,5,-18,-5,-1,-7,-7,10,11,-24,-12,-5,0
0,-8,14,12,-60,-25,-10,-3,-2,-15,-15,24,-36,-33,-12,-3,-1,-18,-17,37,-4,-30,-13,-3,-1,-19,-12,29,-3,-31,-15,-1,0,-16,-22,26,15,-36,-20,0,-2,-13,-25,3,32,-22,-20,-2,-1,-10,19,11,30,29,40,96,-1,-7,7,21,21,37,59,67,1
0,44,30,24,18,1,-10,-3,-2,68,20,-18,19,18,-12,-3,-1,29,-38,-29,23,4,-13,-3,-1,-19,-36,-32,24,2,-15,-1,0,-16,-25,7,11,-32,-20,0,-2,-13,-7,33,-10,-35,-20,-2,-1,17,32,-3,-34,-19,1,-5,-1,44,45,21,21,37,82,10,2
0,-8,-16,24,-10,-21,-10,-3,-2,-15,-15,24,29,15,-12,-3,-1,-18,-29,37,35,28,-13,-3,-1,-19,-28,29,16,-31,-15,-1,0,-16,1,23,23,-11,-20,0,-2,-13,23,3,5,20,-20,-2,-1,-10,19,2,-11,29,-18,-5,-1,-7,-12,5,16,13,-12,-5,8
0,-8,-21,-5,23,43,48,-3,-2,-15,-24,-6,-6,30,62,-3,-1,-18,-42,-29,-20,31,32,-3,-1,-19,-12,1,8,35,44,-1,0,-9,32,26,23,22,1,0,-2,-13,-14,-9,32,-5,-20,-2,-1,-10,-32,-7,21,-35,-18,-5,-1,-7,-22,21,-33,-28,-12,-5,7
0,-8,4,1,23,18,-10,-3,-2,15,20,-24,9,22,-12,-3,-1,-18,-42,-29,23,0,-13,-3,-1,-19,-36,-11,16,-27,-15,-1,0,-16,-29,-16,19,-3,-20,0,-2,-13,-25,-27,-22,29,9,-2,-1,-10,-28,-26,-20,25,21,-5,-1,-7,-2,21,11,9,-6,-5,3
0,-8,-26,-61,6,-16,-10,-3,-2,-15,-47,0,19,-33,-12,-3,-1,-18,-17,29,-27,-30,-13,-3,-1,-11,19,-16,-39,-31,-15,-1,0,46,17,-35,7,-7,-20,0,-2,82,26,-5,32,25,-14,-2,-1,70,36,29,30,-15,-18,-5,-1,-7,-26,-50,11,-28,-12,-5,4
0,-8,-11,1,1,-21,-10,-3,-2,8,11,-36,-6,15,-12,-3,-1,43,-21,-29,-20,28,-13,-3,-1,34,-1,-20,8,35,-9,-1,0,-16,5,7,-30,5,-6,0,-2,-13,-25,-27,-29,12,-3,-2,-1,-10,10,-35,-38,17,-18,-5,-1,-7,-12,5,21,-12,-12,-5,9
0,-8,-26,-16,23,18,-10,-3,-2,-15,-42,18,-26,30,8,-3,-1,-18,13,-12,-27,28,24,-3,-1,-19,23,9,16,35,-2,-1,0,39,32,26,11,-15,-20,0,-2,11,30,29,-25,-35,-20,-2,-1,-10,6,29,3,-35,-18,-5,-1,-7,-26,-12,16,-28,-12,-5,8
0,-8,-16,-10,18,-21,-10,-3,-2,8,25,24,14,18,-12,-3,-1,16,26,21,-24,16,-6,-3,-1,34,15,-16,-39,-2,18,-1,0,-2,24,-35,-42,-7,48,0,-2,-13,19,-20,-29,16,20,-2,-1,-10,6,11,12,29,1,-5,-1,-7,-26,-12,21,-4,-12,-5,0
0,44,50,7,-60,-25,-10,-3,-2,83,7,12,-16,-33,-12,-3,-1,36,-17,-4,23,-30,-13,-3,-1,-19,-36,-16,20,-31,-15,-1,0,-16,-29,7,-1,-36,-20,0,-2,-13,-18,33,-10,-35,-20,-2,-1,-10,15,29,17,21,40,-5,-1,70,50,10,-18,5,29,-5,2
0,-8,30,12,23,18,-10,-3,-2,30,20,-24,-21,-17,-12,-3,-1,16,9,-20,-27,-30,-13,-3,-1,73,27,25,-35,-31,-15,-1,0,5,13,7,-18,-36,-20,0,-2,-13,-25,18,9,-35,-20,-2,-1,-10,-11,29,-2,-35,-18,-5,-1,-7,36,21,-43,-28,-12,-5,5
0,-8,30,18,23,18,-10,-3,-2,45,25,-24,24,30,-12,-3,-1,16,-17,13,35,0,-13,-3,-1,-19,-20,29,4,-27,-15,-1,0,-16,-22,23,-6,-36,-20,0,-2,-13,-25,6,32,-26,-20,-2,-1,-10,-32,-7,30,-15,-18,-5,-1,-7,36,21,16,-28,-12,-5,3
0,-8,9,12,-10,5,-10,-3,-2,23,25,12,29,22,-12,-3,-1,29,4,-29,8,24,-6,-3,-1,12,19,-7,4,35,18,-1,0,-16,5,23,19,14,35,0,-2,-13,-25,-23,-25,-1,31,-2,-1,-10,27,6,3,25,26,-5,-1,-7,17,5,6,9,-12,-5,9
0,-8,20,18,-33,-25,-10,-3,-2,0,25,24,29,-5,-12,-3,-1,9,17,-8,15,20,-13,-3,-1,34,11,-36,-39,18,11,-1,0,39,13,-35,-42,-7,14,0,-2,19,23,-23,-25,8,14,-2,-1,17,36,25,26,21,-13,-5,-1,-7,12,16,-4,-12,-12,-5,0
0,-8,50,24,23,39,56,-3,-2,30,25,6,9,15,62,56,-1,2,21,29,-20,-30,-13,-3,-1,-19,-12,29,-19,-31,-15,-1,0,-16,-29,19,3,-36,-20,0,-2,-13,-25,18,1,-35,-20,-2,-1,4,27,20,3,-35,-18,-5,-1,-7,36,21,-43,-28,-12,-5,5
0,-8,-1,12,1,-4,-10,-3,-2,-15,11,24,29,3,-12,-3,-1,-18,4,37,35,4,-13,-3,-1,-19,7,29,24,-2,-15,-1,0,-16,9,26,23,-27,-20,0,-2,-13,23,33,28,-35,-20,-2,-1,-10,27,29,17,-35,-18,-5,-1,-7,7,5,21,5,-12,-5,1
0,-8,-26,-61,23,-12,-10,-3,-2,-15,-47,-12,4,-33,-12,-3,-1,-18,-38,29,-16,-30,-13,-3,-1,-19,-8,13,-39,-18,44,-1,0,-16,24,-27,-42,5,28,0,-2,35,23,-9,13,25,-14,-2,-1,127,36,29,30,1,-18,-5,-1,19,-17,-61,11,-24,-12,-5,4
0,-8,-26,7,-16,-25,-10,-3,-2,-15,-20,24,-41,-33,-12,-3,-1,-18,9,9,-27,-23,-13,-3,-1,34,23,-32,-19,30,-9,-1,0,80,9,-20,3,14,1,0,127,114,34,33,32,20,-8,-2,-1,30,-15,6,21,-35,-18,-5,-1,-7,-26,16,-38,-28,-12,-5,4
0,-8,-11,1,-5,-8,-10,-3,-2,15,20,6,9,30,-12,-3,-1,43,17,-29,-27,16,2,-3,-1,-19,15,9,-11,30,5,-1,0,-16,-29,23,23,-7,-20,0,-2,-13,-7,33,9,25,-8,-2,-1,-10,15,16,-43,-3,21,-5,-1,-7,-17,-1,21,37,29,-5,8
0,-8,-21,-5,18,9,-10,-3,-2,-15,7,12,-1,30,22,-3,-1,-18,26,0,23,31,17,-3,-1,-19,-1,25,12,35,11,-1,0,-16,-29,-35,-38,26,8,0,-2,-13,-25,-27,-29,33,3,-2,-1,96,36,20,-2,29,1,-5,-1,-7,-17,-12,16,33,0,-5,9
0,-8,30,24,23,18,-10,-3,127,90,25,-18,4,30,-6,-3,127,76,-29,-29,19,24,-13,-3,-1,-19,-36,-11,24,-2,-15,-1,0,-16,-29,-35,-10,30,14,0,-2,-13,-25,-27,-29,16,37,-2,-1,-10,-24,-26,-20,21,45,-5,-1,-7,26,21,21,37,11,-5,3
0,-8,-16,-16,6,9,-10,-3,-2,-8,16,-6,-11,22,-12,-3,-1,43,17,-29,27,-7,-13,-3,-1,-19,-28,-20,20,-31,-15,-1,0,-16,-29,-12,7,14,-6,0,-2,-13,-25,-27,-29,3,31,-2,-1,-10,27,16,-25,5,35,-5,-1,-7,-12,-12,11,33,17,-5,3
0,-8,25,24,23,35,-10,-3,-2,15,25,12,-1,-1,-12,-3,-1,69,26,4,-24,-30,-13,-3,-1,73,27,29,12,-22,-15,-1,0,5,1,0,23,-15,-20,0,-2,-13,-25,-16,32,-9,-20,-2,-1,-10,-11,11,26,-27,-18,-5,-1,-7,31,16,-33,-28,-12,-5,5
0,-8,-1,7,-16,-21,-10,-3,-2,-15,11,18,-1,26,22,-3,-1,2,21,-20,-27,12,47,-3,-1,12,11,-36,-39,2,37,-1,0,18,1,-35,-42,1,35,0,-2,19,15,-27,-25,16,20,-2,-1,17,27,-21,3,13,-18,-5,-1,-7,2,5,-9,-28,-12,-5,0
0,-8,-26,1,-38,-25,-10,-3,-2,-15,-38,18,-16,-33,-12,-3,-1,-18,-13,37,4,-30,-13,-3,-1,-19,23,25,-7,-14,-15,-1,0,-16,28,26,23,26,1,0,-2,-5,34,21,-14,12,42,-2,-1,-10,15,20,-2,25,35,-5,-1,-7,-22,10,21,33,23,-5,6
0,-8,-21,-5,12,39,12,-3,-2,-8,11,24,9,30,42,-3,-1,36,26,-12,-4,31,24,-3,-1,19,23,9,12,26,-15,-1,0,-16,-22,11,23,18,-20,0,-2,-13,-25,21,32,33,14,-2,-1,-10,-32,29,30,29,16,-5,-1,-7,-26,-6,6,21,-6,-5,8
0,-8,4,12,-21,-25,-10,-3,-2,30,25,-12,19,-17,-12,-3,-1,56,-21,-29,15,-15,-13,-3,-1,12,-12,-28,24,-22,-15,-1,0,-16,-29,15,-14,-36,-20,0,-2,-13,0,25,-29,-35,-20,-2,-1,-10,19,2,-6,-3,1,-5,-1,-7,7,10,11,29,64,-5,2
0,-8,-6,12,23,39,-2,-3,-2,23,25,-24,-31,30,35,-3,-1,36,13,-29,-12,31,77,-3,-1,34,27,25,24,22,5,-1,0,-16,-6,11,23,-19,-20,0,-2,-13,-25,14,16,-35,-20,-2,-1,-10,-32,29,-11,-35,-18,-5,-1,-7,-12,21,-48,-28,-12,-5,9
0,96,45,24,23,39,5,-3,-2,75,2,-59,-31,30,22,-3,-1,-4,-42,-25,15,16,-13,-3,-1,-19,-36,25,24,-18,-15,-1,0,-16,-29,-20,19,5,-20,0,-2,-13,-25,-27,-25,25,37,-2,-1,4,-2,-44,-29,21,21,-5,-1,95,45,21,21,17,-12,-5,3
0,-8,-21,-10,23,30,-10,-3,-2,0,20,18,-6,-9,-12,-3,-1,16,26,-25,-27,-30,-13,-3,-1,42,27,21,-19,-31,-15,-1,0,60,32,15,19,-23,-20,0,-2,-5,-14,-27,13,16,-20,-2,-1,-10,-32,-35,17,5,-18,-5,-1,-7,-22,10,16,-16,-12,-5,5
0,-8,-26,-16,23,-12,-10,-3,-2,-15,-15,24,-16,-33,-12,-3,-1,-4,21,4,-27,-27,39,-3,-1,50,19,-36,-31,22,77,-1,0,39,32,19,19,30,21,0,-2,-5,0,3,32,16,-20,-2,-1,-10,-32,-12,30,-15,-18,-5,-1,-7,-26,-1,1,-28,-12,-5,4
0,-8,14,24,6,-25,-10,-3,-2,-15,-15,12,29,-17,-12,-3,-1,-18,-38,21,35,20,77,52,-1,-19,7,29,24,26,44,-1,0,-16,9,26,15,-32,-20,0,-2,-13,-25,25,5,-35,-20,-2,-1,-10,-19,29,-38,-35,-18,-5,-1,-7,31,-17,-57,-28,-12,-5,7
0,-8,-26,-56,18,-16,-10,-3,-2,-15,-47,0,9,-33,-12,-3,-1,-18,-21,37,-20,-30,-13,-3,-1,-19,7,5,-39,-18,37,-1,0,18,32,-31,-34,26,14,0,-2,59,23,-1,24,33,-8,-2,-1,57,32,20,30,5,-18,-5,-1,-7,-26,-56,21,-8,-12,-5,4
0,18,45,24,23,22,5,-3,-2,-15,16,-18,-41,7,62,-3,-1,-18,-21,37,-8,24,24,-3,-1,-19,-36,13,24,35,18,-1,0,-16,-2,19,15,-3,-20,0,-2,-5,26,-16,-6,12,-20,-2,-1,43,2,-44,-6,9,-18,-5,-1,44,36,-1,16,-20,-12,-5,8
0,-8,-1,-10,-21,9,-10,-3,-2,-15,-47,24,29,26,1,-3,-1,-18,-13,37,35,20,-13,-3,-1,-19,3,29,24,-14,-15,-1,0,-16,5,26,23,-36,-20,0,-2,-13,12,33,32,-35,-20,-2,-1,-10,2,29,26,-35,-18,-5,-1,-7,-17,-6,-14,-28,-12,-5,1
0,18,45,7,1,9,27,-3,-2,15,25,-6,9,26,35,-3,-1,36,26,37,23,-27,-13,-3,-1,4,-1,-7,20,-2,-15,-1,0,-16,-29,-35,-10,1,-20,0,-2,-13,-18,-27,-6,16,-20,-2,-1,-10,36,-7,12,9,-18,-5,-1,-7,31,10,1,-12,-12,-5,5
0,-8,-11,7,6,-12,-10,-3,-2,-15,16,-24,-16,26,-6,-3,-1,2,26,-29,-27,4,32,-3,-1,27,15,-36,-39,-14,37,-1,0,12,5,-35,-42,-19,35,0,-2,-5,23,-27,-29,-14,26,-2,-1,-10,27,-12,-43,9,1,-5,-1,-7,-12,16,21,29,-12,-5,0
0,-8,-16,7,23,35,-2,-3,-2,-15,2,0,-16,30,8,-3,-1,-18,-4,-16,-20,31,9,-3,-1,-19,-36,-36,-3,14,-15,-1,0,-16,-22,7,19,18,1,0,-2,-13,-11,29,32,20,-3,-2,-1,-10,-32,20,-6,-35,-18,-5,-1,-7,-2,16,-38,-28,-12,-5,7
0,-8,-21,1,1,-12,-10,-3,-2,-15,-7,6,-26,22,-12,-3,-1,-18,21,-16,-27,8,2,-3,-1,4,27,-20,-39,6,11,-1,0,12,21,-35,-42,1,-6,0,-2,11,23,-27,-25,29,-20,-2,-1,-10,23,-17,-6,1,-18,-5,-1,-7,-17,10,1,-20,-12,-5,0
0,-8,-11,18,6,-16,-10,-3,-2,-15,-2,24,9,18,-12,-3,-1,-18,13,25,8,24,-13,-3,-1,-19,-12,25,20,14,-15,-1,0,-16,-14,26,15,-32,-20,0,-2,-13,15,25,28,-14,-20,-2,-1,-10,6,2,21,1,-18,-5,-1,-7,-7,21,16,-20,-12,-5,8
0,-8,-16,24,18,39,48,-3,-2,-15,-15,24,24,15,35,-3,-1,2,21,4,-24,-30,-13,-3,-1,50,23,-20,-23,-22,-15,-1,0,18,32,26,23,26,-6,0,-2,-13,-7,-5,1,33,-3,-2,-1,-10,-32,-40,21,5,-18,-5,-1,-7,-17,21,6,-24,-12,-5,5
0,-8,35,24,18,1,-10,-3,-2,-15,20,0,-16,26,-6,-3,-1,-11,21,33,0,31,17,-3,-1,-11,11,29,24,26,-9,-1,0,-16,-29,-20,-1,18,-20,0,-2,-13,-25,-27,-25,29,-3,-2,-1,-10,-19,-44,-34,29,11,-5,-1,-7,36,21,21,33,-6,-5,9
0,-8,-26,-61,6,5,-10,-3,-2,-15,-47,-12,19,-29,-12,-3,-1,-18,-29,37,-8,-30,-13,-3,-1,-19,15,9,-39,-18,37,-1,0,25,28,-27,-42,22,28,0,-2,51,34,18,20,33,3,-2,-1,30,15,6,26,13,-18,-5,-1,-7,-26,-67,21,9,-12,-5,4
0,-8,-21,-5,12,-4,-10,-3,-2,-15,-47,18,29,11,-12,-3,-1,-18,-21,37,35,0,-13,-3,-1,-19,-16,29,24,-10,-15,-1,0,-16,-14,26,23,-23,-20,0,-2,-13,8,33,32,-26,-20,-2,-1,-10,2,29,21,-35,-18,-5,-1,-7,-17,5,21,9,-12,-5,1
0,-8,14,24,-21,-25,-10,-3,-2,-15,25,-36,24,-29,-12,-3,-1,9,0,-29,19,-23,-13,-3,-1,-19,-36,-7,24,-18,-15,-1,0,-16,-29,-16,11,30,1,0,-2,-13,-25,-27,-29,12,14,-2,-1,-10,19,-3,-2,29,-9,-5,-1,-7,12,21,16,1,-12,-5,3
0,-8,-11,12,18,13,-10,-3,-2,-15,-2,24,29,18,-12,-3,-1,-4,13,37,35,-15,-13,-3,-1,-19,11,29,24,-14,-15,-1,0,-2,21,26,23,-19,-20,0,-2,-13,19,33,32,-18,-20,-2,-1,-10,-7,29,30,29,11,-5,-1,-7,-17,-12,21,37,0,-5,1
0,-8,-11,18,23,43,27,-3,-2,-15,-2,0,-1,30,28,-3,-1,-4,21,-20,-16,31,-6,-3,-1,-19,-28,-24,0,22,-2,-1,0,-16,-18,26,23,30,48,0,-2,-13,-25,18,20,-5,-14,-2,-1,-10,-28,29,-16,-35,-18,-5,-1,-7,-2,10,-48,-28,-12,-5,7
0,96,35,7,6,1,-10,-3,-2,30,16,-24,14,30,-12,-3,-1,-18,-42,-29,15,31,2,-3,-1,-19,-36,-36,24,30,-15,-1,0,-16,-29,-35,7,30,1,0,-2,-13,-25,-27,-14,33,31,-2,-1,-10,-28,-26,12,29,21,-5,-1,44,36,21,1,-4,-12,-5,3
0,-8,-26,-56,23,-8,-10,-3,-2,-15,-47,-12,29,-9,-12,-3,-1,-18,-25,37,19,28,-13,-3,-1,-4,15,-3,-3,26,-15,-1,0,46,32,26,23,30,21,0,-2,3,-11,-9,24,29,-20,-2,-1,-10,-32,-44,26,9,-18,-5,-1,-7,-26,-67,6,5,-12,-5,4
0,-8,-11,-5,-66,-25,-10,-3,-2,-15,-7,6,-51,-33,-12,-3,-1,-18,21,-12,-27,-30,-13,-3,-1,-4,23,-36,-35,-31,-15,-1,0,12,28,19,23,18,-6,0,-2,11,34,14,-18,-5,48,-2,-1,-10,23,-17,-29,-3,50,-5,-1,-7,-7,10,21,29,29,-5,6
0,-8,-26,-67,-33,39,5,-3,-2,-15,-47,-42,29,30,1,-3,-1,-18,-25,37,19,31,-13,-3,-1,12,23,-11,-11,22,-15,-1,0,60,28,23,23,30,41,0,-2,59,23,18,20,25,-3,-2,-1,-10,-32,-44,-2,-3,-18,-5,-1,-7,-26,-67,-18,5,-12,-5,4
0,-8,-1,-22,-5,-4,-10,-3,-2,-15,11,24,9,15,-12,-3,-1,-11,26,9,-27,4,9,-3,-1,4,27,-11,-39,-6,24,-1,0,5,13,-31,-42,-15,21,0,-2,-13,19,-27,-29,12,14,-2,-1,-10,27,-21,12,25,-13,-5,-1,-7,2,21,6,-20,-12,-5,0
0,-8,-16,-10,23,26,-10,-3,-2,0,20,12,-11,-29,-12,-3,-1,-4,26,-12,-27,-30,-13,-3,-1,27,27,21,12,-18,-15,-1,0,53,32,-8,3,14,-20,0,-2,-13,-22,-27,-14,33,-20,-2,-1,-10,-32,-44,-11,29,-9,-5,-1,-7,-17,10,21,5,-12,-5,5
0,-8,-26,-39,12,-16,-10,-3,-2,-15,-42,6,4,-33,-12,-3,-1,-18,-21,37,-20,-30,-13,-3,-1,-19,-12,25,-19,-31,-15,-1,0,-9,28,26,19,10,-13,0,-2,3,23,25,-25,16,31,-2,-1,-10,-15,29,-11,17,26,-5,-1,-7,-26,-39,21,33,6,-5,6
0,-8,-26,-67,1,-4,-10,-3,-2,-15,-47,-59,29,15,-12,-3,-1,-18,-38,21,35,12,-13,-3,-1,-4,11,29,24,10,-15,-1,0,25,13,-16,19,-11,-20,0,-2,-13,-25,-23,32,3,-20,-2,-1,-10,-32,-35,30,9,-18,-5,-1,-7,-26,-50,21,5,-12,-5,1
0,-8,-6,12,-38,-25,-10,-3,-2,-15,11,12,-51,-33,-12,-3,-1,-4,26,13,-27,-30,-13,-3,-1,12,27,-7,-39,-31,-15,-1,0,25,32,26,19,-19,-20,0,-2,19,34,6,-14,33,-8,-2,-1,4,32,16,-16,29,35,-5,-1,-7,-7,5,21,33,17,-5,6
0,18,50,-44,-66,-25,-10,-3,-2,0,25,24,29,22,1,-3,-1,23,26,17,4,0,9,-3,-1,19,27,9,-19,-31,-15,-1,0,-16,13,19,15,-32,-20,0,-2,-13,-25,-9,32,-5,-20,-2,-1,-10,-7,29,30,-19,-18,-5,-1,-7,40,10,-38,-28,-12,-5,5
0,-8,4,18,18,-21,-10,-3,-2,15,25,6,29,-17,-12,-3,-1,49,4,-20,35,-23,-13,-3,-1,-11,-32,5,16,-31,-15,-1,0,-16,-25,19,-18,-36,-20,0,-2,-13,-3,25,-25,16,31,-2,-1,-10,15,25,21,29,26,-5,-1,-7,12,21,1,-8,-12,-5,2
0,-8,14,-5,-66,-25,-10,-3,-2,-15,-15,24,-36,-33,-12,-3,-1,-18,-17,37,11,-30,-13,-3,-1,-19,3,29,20,-27,-15,-1,0,-16,-29,-27,23,-27,-20,0,-2,-13,-25,-27,28,3,-20,-2,-1,-10,-7,11,30,25,21,122,-1,-7,-7,16,21,37,82,127,1
0,-8,-16,-22,-27,-25,-10,-3,-2,-15,-20,18,29,-25,-12,-3,-1,23,21,17,35,-15,-13,-3,-1,19,27,5,24,-27,-15,-1,0,-2,28,26,11,-36,-20,0,-2,-13,-18,33,16,3,-3,-2,-1,-10,-15,20,-43,13,50,21,-1,-7,-22,-1,-9,1,-12,-5,8
0,18,9,7,23,22,-10,-3,-2,68,25,6,24,30,-12,-3,-1,2,-8,-20,35,4,-13,-3,-1,-19,-36,-3,24,-14,-15,-1,0,-16,-29,-16,23,30,14,0,-2,-13,-25,-27,-18,25,42,-2,-1,-10,-19,-7,21,29,21,-5,-1,-7,7,21,1,1,-12,-5,3
0,-8,-16,18,18,-12,-10,-3,-2,-15,11,18,-11,-21,-12,-3,-1,16,26,-4,-27,-30,-13,-3,-1,42,23,-16,-23,-22,-15,-1,0,39,32,26,23,22,-6,0,-2,19,34,-1,-25,20,26,-2,-1,-10,15,11,-38,9,45,-5,-1,-7,-22,-1,21,37,47,-5,6
0,-8,-16,1,1,9,-2,-3,-2,-15,-38,18,29,30,42,-3,-1,-18,-21,37,35,24,9,-3,-1,-19,-5,29,24,10,-15,-1,0,5,28,26,11,-36,-20,0,-2,3,26,33,5,-35,-20,-2,-1,-10,15,29,-2,-35,-18,-5,-1,-7,-22,-17,-33,-28,-12,-5,1
0,-8,4,1,6,13,-10,-3,-2,38,16,-36,-16,30,8,-3,-1,9,-17,-8,27,-7,-13,-3,-1,-19,-36,13,16,-14,-15,-1,0,-16,-29,-35,-30,22,-6,0,-2,-13,-25,-27,-29,3,20,-2,-1,-10,-19,-40,-43,1,21,-5,-1,-7,-2,10,1,25,0,-5,3
0,-8,-1,24,23,18,-10,-3,-2,0,25,12,19,22,-12,-3,-1,-4,17,-12,27,8,-13,-3,-1,-19,-36,-3,24,2,-15,-1,0,-16,-29,-35,-10,30,21,0,-2,-13,-25,-27,-29,16,54,-2,-1,-10,-2,6,-6,29,35,-5,-1,-7,12,21,21,13,-6,-5,3
0,-8,-16,12,-5,-25,-10,-3,-2,-15,-2,24,-46,-33,-12,-3,-1,-11,26,9,-27,-30,-13,-3,-1,12,27,-16,-39,-31,-15,-1,0,18,32,11,7,10,-13,0,-2,19,34,25,9,25,42,-2,-1,17,32,2,-16,29,30,-5,-1,-7,-12,16,21,13,-6,-5,6
0,-8,50,12,18,13,-10,-3,-2,-15,7,-12,-16,-9,15,-3,-1,-11,17,-20,-27,-30,-13,-3,-1,19,27,13,0,-14,-15,-1,0,12,13,-4,3,26,14,0,-2,-13,-25,-27,-29,20,20,-2,-1,43,36,2,7,21,-13,-5,-1,19,21,21,16,-12,-12,-5,5
0,-8,-26,-16,12,-21,-10,-3,-2,-15,-38,24,-11,-33,-12,-3,-1,-18,9,29,-24,-30,-13,-3,-1,19,27,-20,-31,-27,-15,-1,0,67,21,-31,15,-3,-13,0,127,114,34,33,32,29,-3,-2,-1,57,2,6,26,-31,-18,-5,-1,-7,-26,-12,21,-16,-12,-5,4
0,-8,-26,-61,12,30,-2,-3,-2,-15,-47,-65,29,30,8,-3,-1,16,4,33,35,31,-13,-3,-1,12,23,29,24,30,-15,-1,0,-16,-29,-4,23,-7,-20,0,-2,-13,-25,10,32,-22,-20,-2,-1,-10,-32,-7,30,-11,-18,-5,-1,-7,-26,-56,6,33,0,-5,1
0,-8,-1,7,-66,-25,-10,-3,-2,-15,7,-18,-31,18,-12,-3,-1,-18,26,-8,15,20,-13,-3,-1,-19,23,17,20,-2,-15,-1,0,-16,-14,19,19,-36,-20,0,-2,-13,-25,25,1,-35,-20,-2,-1,-10,-24,29,-25,-35,-18,-5,-1,-7,2,21,-53,-28,-12,-5,4
0,-8,-11,-5,12,26,12,-3,-2,0,11,-12,-31,7,69,-3,-1,-4,4,-20,-27,4,54,-3,-1,-19,-36,-24,0,10,-9,-1,0,-16,-2,26,23,-27,-20,0,-2,-13,-14,-27,24,-22,-20,-2,-1,-10,-32,-40,17,-27,-18,-5,-1,70,7,10,-33,-28,-12,-5,3
0,-8,14,24,18,-8,-10,-3,-2,60,25,-6,14,15,-12,-3,-1,63,-13,-29,23,0,-13,-3,-1,-19,-32,-7,24,18,18,-1,0,18,28,26,23,22,41,0,-2,3,4,29,9,-35,-20,-2,-1,-10,-2,29,-34,-35,-18,-5,-1,-7,21,5,-57,-28,-12,-5,7
0,-8,-26,-10,-5,-25,-10,-3,-2,-15,-7,24,-21,-33,-12,-3,-1,-18,21,25,-27,-30,-13,-3,-1,-19,19,5,-39,-31,-15,-1,0,-9,28,11,-10,-27,-20,0,-2,-13,19,33,32,33,37,79,-1,-10,-2,29,12,13,60,96,-1,-7,-26,-17,16,21,17,-5,6
0,44,50,24,-27,-25,-10,-3,-2,60,20,-12,29,-25,-12,-3,-1,43,4,-8,35,-30,-13,-3,-1,-19,-36,13,4,-31,-15,-1,0,-16,-10,26,-34,-36,-20,0,-2,11,30,3,-29,-35,-20,-2,-1,96,32,-21,-20,-3,-4,-5,-1,70,45,21,21,37,47,-5,2
0,-8,40,7,6,26,19,-3,-2,-8,25,-42,-26,3,15,-3,-1,9,13,-29,-20,-27,-13,-3,-1,19,19,9,24,22,-2,-1,0,18,28,-12,-42,1,35,0,-2,-13,-14,-27,-29,8,26,-2,-1,30,27,-21,-11,25,-13,-5,-1,19,17,10,16,-12,-12,-5,5
0,-8,20,18,12,9,-10,-3,-2,30,25,-48,-41,30,8,-3,-1,16,26,-8,-8,31,17,-3,-1,-19,-1,29,24,35,11,-1,0,-16,-29,-35,-42,1,35,0,-2,-13,-25,-27,-29,-1,26,-2,-1,17,10,-35,-38,13,11,-5,-1,19,36,10,11,17,-6,-5,9
0,-8,-21,-10,18,-16,-10,-3,-2,-15,-15,24,-16,-21,22,-3,-1,2,26,0,-16,31,69,-3,-1,50,19,-32,0,26,-2,-1,0,60,32,26,23,5,-20,0,-2,3,-11,3,32,-22,-20,-2,-1,-10,-32,-3,17,-35,-18,-5,-1,-7,-26,-1,-14,-28,-12,-5,4
0,-8,-16,18,12,-21,-10,-3,-2,-15,2,24,29,-17,-12,-3,-1,9,26,37,35,-27,-13,-3,-1,34,27,29,16,-31,-15,-1,0,46,32,26,3,-36,-20,0,-2,-5,23,33,5,-35,-20,-2,-1,-10,-11,29,-20,-35,-18,-5,-1,-7,-17,10,-14,-28,-12,-5,1
0,-8,-16,1,-21,5,34,46,-2,-15,-7,24,24,30,96,127,-1,-18,13,17,-27,8,92,-3,-1,-19,7,-24,-31,30,11,-1,0,-16,-29,-35,3,1,-20,0,-2,-13,-25,3,32,-18,-20,-2,-1,-10,-32,25,12,-35,-18,-5,-1,-7,-7,21,-48,-28,-12,-5,7
0,-8,-26,-33,1,1,-10,-3,-2,-15,-42,18,19,-29,-12,-3,-1,-18,0,37,4,-30,-13,-3,-1,-11,15,29,-39,-31,-15,-1,0,5,32,26,3,-19,-20,0,-2,-13,34,33,32,33,20,-2,-1,-10,6,29,30,29,40,-5,-1,-7,-26,-34,-4,21,17,-5,6
0,-8,-11,7,23,5,-10,-3,-2,-8,7,24,-11,-33,-12,-3,-1,-4,26,4,-27,-30,-13,-3,-1,42,27,-20,-39,-31,-15,-1,0,46,32,3,3,-19,-20,0,-2,35,34,25,20,33,-3,-2,-1,4,15,6,-34,21,30,-5,-1,-7,-17,16,21,33,23,-5,6
0,-8,9,12,18,-8,-10,-3,-2,38,20,-48,-6,15,-12,-3,-1,23,21,-25,-12,24,-13,-3,-1,-19,-1,17,16,-2,-15,-1,0,-16,-22,26,23,-19,-20,0,-2,-13,26,-1,-18,29,3,-2,-1,-10,36,-30,-43,17,21,-5,-1,-7,7,21,21,13,-6,-5,8
0,-8,-26,-10,1,39,106,127,-2,-15,-20,18,-21,-17,83,127,-1,-18,0,-4,-27,-19,92,106,-1,-11,19,-32,-39,18,24,-1,0,-16,-18,-35,-22,18,-20,0,-2,-13,-25,-23,20,-22,-20,-2,-1,-10,-32,-17,17,-35,-18,-5,-1,-7,-26,10,-28,-28,-12,-5,7
0,-8,-6,24,23,43,12,-3,-2,-15,-15,0,14,30,42,-3,-1,-18,-42,-29,-24,31,24,-3,-1,-11,-20,-20,-11,35,-9,-1,0,53,32,26,23,30,41,0,-2,27,15,21,32,8,-8,-2,-1,-10,-32,6,17,-35,-18,-5,-1,-7,-2,5,-43,-28,-12,-5,7
0,-8,-26,-44,12,-16,-10,-3,-2,-15,-42,18,-16,-33,-12,-3,-1,-18,-8,29,-27,-23,47,-3,-1,-11,23,-16,-39,10,57,-1,0,25,24,-31,-18,30,14,0,-2,82,34,33,32,25,-8,-2,-1,30,19,16,30,-23,-18,-5,-1,-7,-26,-34,-9,-28,-12,-5,4
0,-8,-11,1,23,43,99,-3,-2,-15,-7,-12,-16,15,83,-3,-1,-18,-42,-29,-20,28,32,-3,-1,-19,-36,-36,4,22,-15,-1,0,-9,5,0,23,10,-13,0,-2,90,34,33,32,33,3,-2,-1,-10,-28,29,-11,-35,-18,-5,-1,-7,2,21,-48,-28,-12,-5,7
0,-8,-6,24,23,43,77,-3,-2,-15,-29,0,4,22,76,-3,-1,-18,-42,-29,-27,28,54,-3,-1,-19,-28,-3,0,35,44,-1,0,-16,-2,15,23,22,14,0,-2,-13,-25,-16,32,-14,-20,-2,-1,-10,-32,2,26,-35,-18,-5,-1,-7,-12,21,-14,-28,-12,-5,7
0,-8,-26,-44,18,-21,-10,-3,-2,-15,-47,6,-11,-29,-12,-3,-1,-18,-17,21,-27,-30,-13,-3,-1,-19,-5,5,-39,-31,-15,-1,0,-16,21,11,3,5,-20,0,-2,19,34,29,1,12,37,-2,-1,4,-2,25,-25,-23,40,-5,-1,-7,-26,-28,16,37,35,-5,6
0,-8,25,-27,-49,-25,-10,-3,-2,-8,20,0,19,-9,-12,-3,-1,16,9,-29,-20,20,-13,-3,-1,12,11,-36,-39,-14,31,-1,0,39,-10,-35,-42,-19,35,0,-2,27,4,-27,-29,-14,37,-2,-1,-10,27,-30,-25,21,11,-5,-1,-7,7,21,21,13,-12,-5,0
0,-8,-11,-22,1,39,106,46,-2,-15,7,12,-1,18,90,-3,-1,-18,-38,-25,-20,24,32,-3,-1,-19,-28,-3,12,35,37,-1,0,-16,5,26,23,5,14,0,-2,-13,-22,3,16,-31,-20,-2,-1,-10,-32,20,-6,-35,-18,-5,-1,-7,-17,21,-33,-28,-12,-5,7
0,-8,-1,1,6,-12,-10,-3,-2,15,25,-18,-11,15,-12,-3,-1,-4,-29,-29,-8,12,-13,-3,-1,-19,-36,-24,4,10,-15,-1,0,-16,-29,-12,15,26,1,0,-2,-13,-25,-27,-29,-5,42,-2,-1,-10,10,-17,-25,1,35,-5,-1,-7,2,21,21,29,0,-5,3
0,-8,-21,-16,6,22,-10,-3,-2,-15,-2,-6,9,30,-6,-3,-1,-18,21,-12,19,31,-6,-3,-1,-19,11,29,4,30,-9,-1,0,-16,-29,-35,-42,22,-20,0,-2,-13,-25,-27,-18,25,-20,-2,-1,43,19,-7,3,9,-18,-5,-1,-7,-17,-17,21,-4,-12,-5,9
0,-8,-11,1,23,1,-10,-3,-2,-15,11,24,9,-17,-12,-3,-1,2,26,9,-27,-30,-13,-3,-1,27,15,-16,-23,-31,-15,-1,0,39,24,-23,23,-27,-20,0,-2,19,34,-12,20,-5,-20,-2,-1,-10,15,6,7,21,-18,-5,-1,-7,-12,-1,21,33,-12,-5,6
0,-8,-26,-5,23,-12,-10,-3,-2,-15,-24,24,29,-13,-12,-3,-1,23,26,33,35,-19,-13,-3,-1,65,7,5,24,-27,-15,-1,0,-16,-29,3,19,-36,-20,0,-2,-13,-25,14,20,-35,-20,-2,-1,-10,-32,2,30,-27,-18,-5,-1,-7,-26,-28,21,-20,-12,-5,1
0,-8,-26,-39,23,13,-10,-3,-2,-15,-42,6,29,-9,-12,-3,-1,-18,13,37,35,-15,-13,-3,-1,19,23,29,24,-10,-15,-1,0,-16,-29,3,23,-7,-20,0,-2,-13,-25,6,32,-1,-20,-2,-1,-10,-32,-3,30,17,-18,-5,-1,-7,-26,-39,11,9,-12,-5,1
0,70,50,24,6,-21,-10,-3,-2,60,11,-18,29,-17,-12,-3,-1,-11,-38,-29,35,-7,-13,-3,-1,-19,-36,5,20,-27,-15,-1,0,-16,9,26,-30,-36,-20,0,-2,11,34,-1,-29,-35,-20,-2,-1,57,36,16,12,-7,-9,-5,-1,44,36,5,6,37,76,-5,2
0,-8,40,-16,-66,-25,-10,-3,-2,45,25,18,-51,-33,-12,-3,-1,43,-4,25,-20,-30,-13,-3,-1,-19,-36,9,-27,-31,-15,-1,0,-16,-25,15,-42,-36,-20,0,-2,-13,-11,21,-29,-35,-20,-2,-1,4,23,25,-6,13,35,-5,-1,-7,31,21,21,21,0,-5,2
0,18,30,7,-10,-21,-10,-3,-2,45,7,-54,14,7,-12,-3,-1,36,4,-20,15,31,-6,-3,-1,-11,23,29,24,35,-2,-1,0,-16,-22,-4,-30,1,21,0,-2,-13,-25,-27,-29,-5,31,-2,-1,17,19,-30,-43,1,40,-5,-1,19,17,16,21,25,6,-5,9
0,-8,9,18,23,26,-10,-3,-2,75,25,-6,29,18,-12,-3,-1,83,26,37,27,-11,-13,-3,-1,42,27,13,-39,-31,-15,-1,0,-16,-22,11,-6,-36,-20,0,-2,-13,-25,6,20,-35,-20,-2,-1,-10,-24,29,-6,-35,-18,-5,-1,-7,21,-1,-53,-28,-12,-5,9
0,123,50,24,-33,-25,-10,-3,-2,68,25,24,4,-33,-12,-3,-1,23,0,17,27,-30,-13,-3,-1,-19,-36,-7,20,-31,-15,-1,0,-16,-29,7,3,-36,-20,0,-2,-13,-14,33,-6,-35,-20,-2,-1,-10,23,29,26,13,35,-5,-1,127,50,21,21,25,6,-5,2
0,-8,-16,7,23,13,-10,-3,-2,-15,7,0,-16,30,8,-3,-1,-11,17,-16,-27,31,17,-3,-1,-19,-36,-20,0,35,24,-1,0,-16,-29,15,23,30,41,0,-2,-13,-25,-9,20,-31,-20,-2,-1,-10,-32,6,-2,-35,-18,-5,-1,-7,-22,21,-38,-28,-12,-5,7
0,-8,-11,24,12,-21,-10,-3,-2,-15,2,24,-21,-33,-12,-3,-1,-18,21,9,-24,-30,-13,-3,-1,4,27,21,24,18,-2,-1,0,12,32,19,11,10,75,0,-2,-13,34,-9,-18,-5,71,127,-1,-10,15,11,-6,29,30,-5,-1,-7,-17,10,21,21,-12,-5,6
0,-8,35,12,-33,-25,-10,-3,-2,0,25,-30,14,7,-12,-3,-1,-18,26,-20,-24,20,17,-3,-1,-19,-1,17,-7,35,-2,-1,0,-16,-6,26,23,18,-20,0,-2,-13,-25,-20,-18,33,-20,-2,-1,-10,-28,-17,17,5,-18,-5,-1,-7,36,-17,-18,-20,-12,-5,9
0,-8,-1,1,23,5,-10,-3,-2,23,16,-48,-6,26,22,-3,-1,9,13,-4,27,-7,2,-3,-1,-11,19,29,-31,-31,-15,-1,0,5,28,11,-6,-36,-20,0,-2,27,19,-27,9,-5,-20,-2,-1,30,32,-26,-34,25,-18,-5,-1,-7,-2,10,11,1,-12,-5,8
0,-8,25,12,-21,-21,-10,-3,-2,0,25,12,-21,-29,-12,-3,-1,-18,21,33,4,28,-13,-3,-1,-19,-16,29,24,10,-15,-1,0,-16,17,23,19,14,-20,0,-2,19,34,-5,-14,33,14,-2,-1,96,36,2,-6,29,21,-5,-1,19,12,-1,11,21,-6,-5,8
0,-8,14,7,-5,-21,-10,-3,-2,15,20,-42,9,-9,-12,-3,-1,-18,-42,-29,11,-15,-13,-3,-1,-19,-36,-11,24,-14,-15,-1,0,-16,-29,-16,11,26,1,0,-2,-13,-22,-27,-29,-5,48,-2,-1,4,32,-7,-11,13,40,-5,-1,-7,2,10,21,33,17,-5,3
0,123,50,1,1,26,19,-3,-2,60,16,0,9,3,35,-3,-1,63,4,-29,-27,-30,-13,-3,-1,19,23,5,-39,-31,-15,-1,0,-16,-18,26,-30,-36,-20,0,-2,-13,-25,29,-14,-35,-20,-2,-1,4,-2,29,-25,-35,-18,-5,-1,95,45,-1,-57,-28,-12,-5,5
0,-8,-26,-67,18,5,-10,-3,-2,-15,-47,-12,29,-9,-12,-3,-1,-18,-8,33,27,-15,-13,-3,-1,27,23,-28,20,-22,-9,-1,0,46,32,26,23,30,55,0,-2,27,12,18,32,-1,-14,-2,-1,-10,-32,-40,26,-35,-18,-5,-1,-7,-26,-61,16,-28,-12,-5,4
0,18,14,-10,12,18,-10,-3,-2,75,-2,-36,-21,30,1,-3,-1,2,-42,-29,0,24,-6,-3,-1,-19,-36,-36,-3,14,-15,-1,0,-16,-29,-35,-34,30,-13,0,-2,-13,-25,-27,-29,-1,48,-2,-1,-10,-15,-44,-34,9,26,-5,-1,-7,31,21,11,21,11,-5,3
0,-8,-16,18,-33,-25,-10,-3,-2,-15,-2,12,-51,-13,-12,-3,-1,-18,13,9,8,31,9,-3,-1,27,23,-11,24,-18,-15,-1,0,46,21,11,19,14,35,0,-2,59,34,33,24,-5,-8,-2,-1,4,-2,29,-11,-35,-18,-5,-1,-7,-17,21,-23,-28,-12,-5,4
0,44,40,7,-5,13,-10,-3,-2,60,25,24,29,26,56,-3,-1,56,26,9,-27,-30,-13,-3,-1,4,23,29,-7,-31,-15,-1,0,-16,-22,7,15,-36,-20,0,-2,-13,-25,3,32,-35,-20,-2,-1,-10,-28,6,7,-35,-18,-5,-1,19,50,16,-38,-28,-12,-5,5
0,-8,-1,7,6,-4,-10,-3,-2,-15,25,24,-1,26,8,-3,-1,16,26,-20,-24,0,17,-3,-1,12,15,-36,-39,-14,37,-1,0,39,17,-35,-42,-11,28,0,-2,27,30,-27,-29,-5,20,-2,-1,-10,36,-7,-20,25,-4,-5,-1,-7,-2,10,16,9,-12,-5,0
0,-8,-26,-22,12,-25,-10,-3,-2,-15,-24,24,-16,-29,49,85,-1,-4,21,21,-27,20,107,127,-1,50,27,5,0,35,57,-1,0,12,28,26,23,22,-13,0,-2,-13,-25,-23,28,3,-20,-2,-1,-10,-32,-21,30,-23,-18,-5,-1,-7,-26,-6,11,-28,-12,-5,4
0,-8,30,24,-10,-21,-10,-3,-2,-8,20,12,24,11,-12,-3,-1,29,17,-25,-12,31,9,-3,-1,34,15,-36,-39,10,57,-1,0,46,17,-35,-42,-3,62,0,-2,27,26,-27,-29,-5,54,-2,-1,4,36,2,-20,25,21,-5,-1,-7,7,21,21,33,-12,-5,0
0,18,30,-10,-21,-21,-2,-3,-2,8,20,-6,-36,15,28,-3,-1,-18,-25,37,35,16,-13,-3,-1,-19,-36,9,24,-10,-15,-1,0,-16,-10,15,7,14,-20,0,-2,-13,23,-1,-25,33,3,-2,-1,4,32,-26,-11,21,-18,-5,-1,19,40,10,-18,-24,-12,-5,8
0,-8,-26,-22,-27,-25,-10,-3,-2,-15,-38,24,-21,-33,-12,-3,-1,-18,-21,37,-20,-30,-13,-3,-1,-19,7,25,8,6,-15,-1,0,-16,13,26,11,1,35,0,-2,-13,15,33,-22,-1,31,-2,-1,-10,-19,29,-20,13,30,-5,-1,-7,-26,-34,21,29,0,-5,6
0,-8,25,18,6,-21,-10,-3,-2,15,25,-30,14,-5,-12,-3,-1,-4,4,-29,19,-7,-13,-3,-1,-19,-36,-20,16,-31,-15,-1,0,-16,-25,23,-18,-36,-20,0,-2,-13,8,18,-29,-35,-20,-2,-1,43,36,-12,-11,17,-4,-5,-1,-7,21,21,1,-16,-12,-5,2
0,-8,-21,1,-38,-25,-10,-3,-2,-15,-7,24,19,-21,-12,-3,-1,-4,26,29,15,20,-13,-3,-1,-4,27,5,-39,26,11,-1,0,12,32,-35,-42,14,8,0,-2,19,34,-16,-29,12,37,-2,-1,-10,23,11,-6,21,11,-5,-1,-7,-12,-12,21,21,-6,-5,0
0,18,20,24,6,5,-10,-3,-2,38,16,-48,-1,15,-12,-3,-1,23,21,9,35,12,-13,-3,-1,-19,-1,9,-11,26,-15,-1,0,-16,-29,-35,-42,26,-6,0,-2,-13,-25,-27,-29,12,14,-2,-1,30,23,-7,-20,21,6,-5,-1,-7,17,10,6,13,-6,-5,9
0,18,35,24,23,39,-10,-3,-2,38,25,-18,-31,-21,-12,-3,-1,49,21,-25,-27,-30,-13,-3,-1,65,23,-3,-11,-27,-15,-1,0,-2,21,26,23,26,14,0,-2,-13,-25,-27,-29,20,59,-2,-1,-10,-24,-12,17,29,26,-5,-1,-7,40,21,1,-8,-12,-5,5
0,-8,14,24,-44,-25,-10,-3,-2,30,7,-59,19,18,-12,-3,-1,43,-17,-25,27,24,-13,-3,-1,-4,7,13,-7,35,-2,-1,0,-16,-29,-35,-42,10,35,0,-2,-13,-25,-27,-29,-5,31,-2,-1,-10,-24,-44,-38,13,11,-5,-1,-7,12,-17,6,1,-12,-5,9
0,-8,25,18,18,22,19,-3,-2,-8,-2,-42,-16,30,56,-3,-1,-18,-42,-25,27,24,-13,-3,-1,-19,-36,9,12,-31,-15,-1,0,-16,-29,-16,23,-15,-20,0,-2,-13,-25,-23,9,25,-20,-2,-1,-10,-32,-35,-11,25,-4,-5,-1,-7,2,-6,21,5,-12,-5,3
0,44,40,24,23,39,19,-3,-2,38,7,-24,-11,30,69,-3,-1,-18,-42,-29,4,31,39,-3,-1,-19,-36,-36,16,10,-15,-1,0,-16,-29,-35,7,26,1,0,-2,-13,-25,-27,-22,33,42,-2,-1,-10,-15,-26,-11,29,30,-5,-1,44,45,21,21,21,-6,-5,3
0,-8,-1,7,-55,-25,-10,-3,-2,-15,-29,24,-16,-33,-12,-3,-1,-18,-25,37,-12,-30,-13,-3,-1,-19,-20,29,-15,-31,-15,-1,0,-16,5,26,-1,-36,-20,0,-2,-13,-18,14,28,-31,-20,-2,-1,-10,10,16,30,25,60,127,-1,-7,-12,-1,21,37,53,24,1
0,-8,-6,-16,6,-4,-10,-3,-2,-8,25,24,9,11,-12,-3,-1,-18,4,4,-8,31,-13,-3,-1,-19,-8,5,12,10,-15,-1,0,-16,-14,26,11,-36,-20,0,-2,-13,23,29,16,-35,-20,-2,-1,-10,15,-3,21,-15,-18,-5,-1,-7,-26,-12,21,5,-12,-5,8
0,-8,-1,12,-5,-25,-10,-3,-2,-15,20,24,24,-33,-12,-3,-1,-18,0,4,35,-27,-13,-3,-1,-19,-36,-11,16,-31,-15,-1,0,-16,-29,11,-6,-36,-20,0,-2,-13,-22,33,-18,-35,-20,-2,-1,-10,2,29,12,9,-18,-5,-1,-7,7,21,1,1,-12,-5,2
0,-8,25,24,12,-21,-10,-3,-2,-15,16,24,29,-5,-12,-3,-1,-18,-38,-8,35,-3,-13,-3,-1,-19,-28,5,24,14,24,-1,0,32,32,26,19,14,28,0,-2,74,12,29,9,-35,-20,-2,-1,-10,-7,29,-34,-35,-18,-5,-1,-7,36,-17,-57,-28,-12,-5,7
0,-8,40,24,23,-4,-10,-3,-2,23,20,-36,4,18,-12,-3,-1,-18,-34,-20,23,0,-13,-3,-1,-19,-20,29,20,-22,-15,-1,0,-16,-18,7,19,30,14,0,-2,-13,-25,-27,-22,29,42,-2,-1,-10,-19,-26,-2,29,11,-5,-1,-7,45,21,21,13,-12,-5,3
0,-8,-16,18,18,43,70,-3,-2,-15,-11,24,4,-21,-12,-3,-1,-18,13,9,-27,-30,-13,-3,-1,19,27,-24,-3,14,5,-1,0,53,28,23,23,30,55,0,-2,35,34,10,-3,33,9,-2,-1,-10,-19,-26,26,-3,-18,-5,-1,-7,-7,16,-23,-28,-12,-5,5
0,-8,-26,24,-33,-25,-10,-3,-2,-15,-33,24,-21,-33,-12,-3,-1,-18,-4,37,-27,-30,-13,-3,-1,-19,11,29,8,6,-9,-1,0,-16,28,26,15,18,62,0,-2,-13,26,29,-3,-35,65,127,-1,-10,6,20,-25,-7,55,127,-1,-7,-22,5,21,37,59,10,6
0,-8,-21,12,23,43,99,21,-2,-15,2,12,-11,18,62,-3,-1,-18,21,-4,-27,24,9,-3,-1,-19,-16,-32,-19,22,-9,-1,0,-16,-29,15,23,30,41,0,-2,-13,-18,33,28,3,-14,-2,-1,-10,-32,6,-2,-35,-18,-5,-1,-7,-12,21,-48,-28,-12,-5,7
0,-8,4,18,12,-16,-10,-3,-2,23,25,-6,19,15,-12,-3,-1,16,4,-16,35,-11,-13,-3,-1,-19,-36,21,24,-2,-15,-1,0,-16,-29,-4,-1,30,1,0,-2,-5,-11,-27,-29,16,20,-2,-1,83,36,-21,-16,29,6,-5,-1,19,12,16,21,21,-6,-5,3
0,-8,-16,-5,18,-16,-10,-3,-2,-15,7,-36,4,3,-12,-3,-1,9,4,-29,0,31,-13,-3,-1,19,-12,-36,-35,35,24,-1,0,18,-14,-35,-42,5,28,0,-2,-13,12,-27,-29,8,9,-2,-1,-10,23,-35,-16,13,-18,-5,-1,-7,-7,21,1,-24,-12,-5,0
0,-8,-26,-44,-5,39,106,127,-2,-15,-38,24,9,3,62,127,-1,-18,-38,-20,-27,-30,92,127,-1,-19,-36,-7,8,26,83,-1,0,-16,-18,26,23,26,-6,0,-2,-13,-25,-23,13,-1,-20,-2,-1,-10,-32,-35,26,-31,-18,-5,-1,-7,-26,-39,-9,-28,-12,-5,7
0,-8,-16,-22,-21,9,77,46,-2,-15,7,24,19,22,90,26,-1,-18,17,9,-27,16,32,-3,-1,-19,3,-28,-7,14,-15,-1,0,-16,-29,-27,15,-23,-20,0,-2,-13,-25,6,1,-35,-20,-2,-1,-10,-32,20,-25,-35,-18,-5,-1,-7,-12,16,-57,-28,-12,-5,7
0,-8,20,24,23,5,-10,-3,-2,0,25,-6,-31,26,1,-3,-1,9,26,-20,-20,31,32,-3,-1,-19,15,9,12,35,51,-1,0,-16,-25,3,11,30,21,0,-2,-13,-25,-27,-18,33,20,-2,-1,-10,-32,-35,17,21,-13,-5,-1,-7,26,16,16,-4,-12,-5,9
0,-8,25,1,12,-21,-10,-3,-2,-15,25,24,29,15,-12,-3,-1,16,26,4,-16,31,-13,-3,-1,42,15,-36,-39,2,31,-1,0,39,17,-35,-42,-11,35,0,-2,51,23,-27,-14,16,26,-2,-1,83,36,29,30,17,-18,-5,-1,-7,26,10,-18,-24,-12,-5,0
0,-8,25,7,-21,-21,-10,-3,-2,-15,25,24,29,-1,-12,-3,-1,-18,-17,-25,15,4,-13,-3,-1,-19,-36,-36,12,2,-15,-1,0,-16,-29,-16,19,-19,-20,0,-2,-13,4,33,9,-35,-20,-2,-1,96,36,29,30,25,1,-5,-1,44,21,-6,-23,-20,-12,-5,2
0,-8,-26,-22,23,43,106,127,-2,-15,-20,12,-26,-1,96,56,-1,-18,-13,-12,-27,-7,77,-3,-1,-19,-36,-36,-39,18,24,-1,0,-16,-29,7,23,30,48,0,-2,-13,-25,18,32,-1,-20,-2,-1,-10,-32,-17,30,-35,-18,-5,-1,-7,-26,-1,-14,-28,-12,-5,7
0,-8,-16,-5,12,26,12,-3,-2,-15,16,12,-6,26,42,-3,-1,16,9,-29,-8,28,2,-3,-1,4,27,9,20,-18,-15,-1,0,-16,-25,19,23,-19,-20,0,-2,-13,-25,29,-10,29,-20,-2,-1,-10,-28,29,3,9,-18,-5,-1,-7,-26,16,6,-20,-12,-5,8
0,-8,-26,-67,-33,18,-10,-3,-2,-15,-47,-71,19,26,-12,-3,-1,-18,-42,13,35,31,-13,-3,-1,-19,-8,29,24,30,-15,-1,0,5,28,-8,19,5,-20,0,-2,-13,-25,-27,20,12,-20,-2,-1,-10,-32,-44,26,1,-18,-5,-1,-7,-26,-67,-18,33,-12,-5,1
0,-8,-1,1,18,18,-2,-3,-2,0,16,-30,-31,3,35,-3,-1,29,21,0,-27,4,47,-3,-1,-11,-16,25,4,22,5,-1,0,-16,-18,23,23,-15,-20,0,-2,-13,30,6,16,-5,-20,-2,-1,-10,32,-21,-6,13,-18,-5,-1,-7,-7,10,21,17,-12,-5,8
0,-8,-11,-5,-27,-21,-10,-3,-2,-15,-2,18,19,22,-12,-3,-1,-4,26,13,-24,16,17,-3,-1,-4,27,-24,-39,-14,37,-1,0,18,17,-35,-42,-11,35,0,-2,-5,19,-27,-29,12,31,-2,-1,-10,32,-3,21,25,-13,-5,-1,-7,-7,16,16,-12,-12,-5,0
0,-8,4,18,-44,-25,-10,-3,-2,-8,16,-30,-51,-33,-12,-3,-1,9,21,-25,-27,-30,-13,-3,-1,19,7,-36,-31,-27,-15,-1,0,12,21,11,23,18,1,0,-2,-5,34,-20,-25,-1,37,-2,-1,-10,19,-26,-43,9,40,-5,-1,-7,-7,5,1,29,0,-5,6
0,-8,-6,12,-5,-25,-10,-3,-2,8,20,18,29,3,-12,-3,-1,36,13,-29,-16,28,-6,-3,-1,42,11,-36,-39,2,24,-1,0,39,17,-35,-42,-3,35,0,-2,27,23,-23,-29,-1,26,-2,-1,17,32,20,12,25,11,-5,-1,-7,-2,21,16,5,-12,-5,0
0,-8,-26,-56,18,-4,-10,-3,-2,-15,-38,-48,-1,15,-12,-3,-1,2,21,29,11,0,-13,-3,-1,42,23,-32,4,-14,-15,-1,0,-9,1,23,23,-36,-20,0,-2,-13,-25,-5,32,16,-14,-2,-1,-10,-32,-26,21,25,1,-5,-1,-7,-26,-56,11,17,-12,-5,8
0,44,40,24,23,22,-10,-3,-2,60,2,-48,9,15,-12,-3,-1,-11,-38,-12,27,0,-13,-3,-1,-19,-28,29,24,2,-15,-1,0,-16,-29,-8,-6,30,35,0,-2,-13,-25,-27,-29,8,48,-2,-1,-10,-11,-3,3,29,26,-5,-1,-7,45,21,6,1,-12,-5,3
0,-8,-21,1,23,35,5,-3,-2,-15,11,-6,-36,30,22,-3,-1,9,17,-29,-27,28,32,-3,-1,27,11,-3,12,35,18,-1,0,-16,5,11,-26,5,35,0,-2,-13,-14,-27,-29,12,9,-2,-1,-10,36,20,-20,25,1,-5,-1,-7,-12,-1,21,17,-6,-5,9
0,127,55,24,18,5,-10,-3,-2,0,2,0,29,30,22,-3,-1,-18,-42,-29,27,28,2,-3,-1,-19,-36,-32,24,14,-15,-1,0,-16,-29,-35,15,22,-20,0,-2,-13,-25,-27,-10,33,31,-2,-1,-10,-19,-12,12,29,16,-5,-1,70,50,21,16,17,-6,-5,3
0,-8,-26,12,1,-16,-10,-3,-2,-15,-47,-36,-11,22,-6,-3,-1,-18,-4,17,-27,20,24,-3,-1,-4,27,-3,-39,2,37,-1,0,18,21,-35,-42,-3,28,0,-2,35,23,-27,-29,12,3,-2,-1,-10,19,2,-16,21,-18,-5,-1,-7,-22,-6,11,1,-12,-5,0
0,-8,-16,24,6,-25,-10,-3,-2,-15,-29,24,24,-33,-12,-3,-1,-18,-25,37,19,-30,-13,-3,-1,-19,-8,29,0,-31,-15,-1,0,-16,-10,26,-6,-36,-20,0,-2,-13,0,33,-3,-35,-20,-2,-1,-10,-19,29,-2,-35,-18,-5,-1,-7,-22,-1,16,-28,-12,-5,1
0,-8,-1,-16,6,43,34,-3,-2,-15,7,0,-16,30,22,-3,-1,-18,-42,-29,-4,31,9,-3,-1,-19,-24,13,20,35,77,-1,0,-16,-2,26,19,-15,-13,0,-2,-13,-25,10,9,-35,-20,-2,-1,-10,-24,25,-20,-35,-18,-5,-1,-7,2,10,-57,-28,-12,-5,7
0,18,35,24,23,43,77,-3,-2,53,25,6,-21,-1,22,-3,-1,36,26,33,-16,-30,-13,-3,-1,-19,-20,21,4,-31,-15,-1,0,-16,-29,11,7,-36,-20,0,-2,-13,-25,18,20,-35,-20,-2,-1,-10,-19,25,7,-35,-18,-5,-1,-7,31,5,-48,-28,-12,-5,5
0,-8,4,1,6,5,-10,-3,-2,-15,25,-12,29,15,-12,-3,-1,-18,13,0,35,4,-13,-3,-1,-19,-32,25,12,-31,-15,-1,0,-16,-22,26,11,-36,-20,0,-2,-13,12,-1,9,-26,-20,-2,-1,-10,23,-26,17,-23,-18,-5,-1,-7,7,16,-14,-28,-12,-5,8
0,-8,50,7,-60,-25,-10,-3,-2,-15,16,12,-31,-33,-12,-3,-1,-18,-38,-12,19,-30,-13,-3,-1,-19,-36,-11,8,-31,-15,-1,0,-16,-29,7,-1,-36,-20,0,-2,-13,-22,33,1,-9,9,-2,-1,-10,23,29,30,29,50,-5,-1,-7,21,5,-9,-4,0,-5,2
0,-8,-21,12,23,9,-10,-3,-2,-15,-2,24,4,-17,-12,-3,-1,-18,-38,17,-24,-30,-13,-3,-1,-11,11,-24,-39,-31,-15,-1,0,-2,32,19,11,-3,-13,0,-2,11,34,33,20,33,26,-2,-1,-10,19,29,-11,25,40,-5,-1,-7,-22,5,21,37,35,-5,6
0,-8,-1,12,-5,-12,-10,-3,-2,-8,20,-24,14,7,-12,-3,-1,-11,21,9,8,28,2,-3,-1,-19,3,29,24,35,5,-1,0,-16,-29,-35,-38,30,8,0,-2,-13,-25,-27,-29,29,3,-2,-1,-10,-2,-21,-2,29,-18,-5,-1,-7,2,-1,6,9,-12,-5,9
0,-8,-26,-16,12,1,-10,-3,-2,-15,-2,6,-31,18,1,-3,-1,-4,17,-29,-27,8,32,-3,-1,12,-1,-36,-39,-6,37,-1,0,18,1,-35,-42,-3,28,0,-2,3,15,-23,-29,3,9,-2,-1,-10,-7,6,-25,17,-4,-5,-1,-7,-22,-6,21,21,-12,-5,0
0,-8,14,1,6,-21,-10,-3,-2,23,7,-59,-21,18,-12,-3,-1,56,-21,-29,-4,16,-13,-3,-1,34,3,-20,12,30,-15,-1,0,-9,13,11,-14,14,8,0,-2,-13,-25,-27,-29,-18,31,-2,-1,-10,10,-21,-43,-23,45,-5,-1,-7,2,-1,21,25,47,-5,9
0,-8,4,24,23,1,-10,-3,-2,23,11,-42,-16,18,-12,-3,-1,-11,-38,-29,-8,12,-13,-3,-1,-19,-36,-16,16,26,37,-1,0,-16,-29,-16,23,-3,-6,0,-2,-13,-25,3,1,-35,-20,-2,-1,-10,-28,20,-29,-35,-18,-5,-1,-7,7,-1,-57,-28,-12,-5,7
0,-8,-11,7,23,30,-2,-3,-2,8,20,6,-1,30,1,-3,-1,9,0,-29,-12,31,-6,-3,-1,-19,-36,-24,4,26,-2,-1,0,-16,5,26,23,30,35,0,-2,-13,8,18,32,-35,-20,-2,-1,-10,-28,11,7,-35,-18,-5,-1,-7,-12,21,-18,-28,-12,-5,7
0,-8,-26,-27,18,-21,-10,-3,-2,-15,-47,18,29,-29,-12,-3,-1,-18,-4,37,35,-23,-13,-3,-1,-4,27,29,24,-31,-15,-1,0,53,32,26,23,30,35,0,-2,51,30,29,24,-1,9,-2,-1,-10,-32,6,12,-35,-18,-5,-1,-7,-26,-34,16,-24,-12,-5,4
0,70,55,24,1,26,34,-3,-2,-15,-29,-48,-26,22,42,-3,-1,-18,-42,-29,15,12,-13,-3,-1,-19,-36,-20,24,-18,-15,-1,0,-16,-29,-35,7,10,-20,0,-2,-13,-25,-27,5,25,-20,-2,-1,-10,-19,-12,26,-19,-18,-5,-1,70,50,10,-38,-28,-12,-5,3
0,44,45,24,23,5,-10,-3,-2,30,20,-42,-21,18,-12,-3,-1,9,21,-29,8,31,32,-3,-1,-4,15,29,24,30,44,-1,0,-16,-25,-20,-34,26,35,0,-2,-13,-25,-27,-25,33,14,-2,-1,-10,-32,-40,12,25,-9,-5,-1,19,40,21,21,-4,-12,-5,9
0,-8,-16,-16,18,26,27,-3,-2,-15,7,-6,4,15,62,-3,-1,-11,26,-25,-27,0,69,-3,-1,4,23,13,0,30,-2,-1,0,-16,-25,7,23,1,-20,0,-2,-13,-25,14,28,16,-20,-2,-1,-10,-32,11,26,-3,-18,-5,-1,-7,-26,-12,6,-20,-12,-5,8
0,-8,-26,18,23,43,77,94,-2,-15,-29,12,-51,7,69,-3,-1,-18,-8,0,-24,28,17,-3,-1,-19,-36,-36,-7,18,-15,-1,0,-16,-25,-4,15,14,1,0,-2,-13,-3,21,32,20,-8,-2,-1,-10,-32,2,3,-35,-18,-5,-1,-7,-17,21,-48,-28,-12,-5,7
0,-8,-21,-10,12,30,-2,-3,-2,-15,-11,0,-21,-17,-12,-3,-1,-18,17,-12,-27,-30,-13,-3,-1,19,27,13,12,18,-15,-1,0,-2,13,7,-10,22,8,0,-2,-13,-25,-27,-29,33,3,-2,-1,-10,-32,-44,-16,25,-9,-5,-1,-7,-26,-1,11,-12,-12,-5,5
0,-8,-11,7,23,39,34,-3,-2,-15,11,6,-6,30,56,-3,-1,-18,26,9,-27,24,32,-3,-1,-19,19,-28,-15,30,-15,-1,0,-16,-29,-16,19,26,21,0,-2,-13,-25,33,28,8,-8,-2,-1,-10,-32,16,7,-35,-18,-5,-1,-7,-7,21,-23,-28,-12,-5,7
0,-8,20,24,12,1,-10,-3,-2,30,25,-42,-1,30,-12,-3,-1,-4,21,0,11,31,9,-3,-1,-19,-20,-3,8,35,11,-1,0,-16,-29,-35,-42,30,28,0,-2,-13,-25,-27,-25,33,26,-2,-1,-10,-19,-44,-6,29,-13,-5,-1,-7,21,21,6,-12,-12,-5,9
0,-8,4,18,23,-12,-10,-3,-2,8,25,0,24,-1,-12,-3,-1,-18,-25,-29,27,-7,-13,-3,-1,-19,-36,-28,24,-6,-2,-1,0,-16,-14,19,23,30,35,0,-2,-13,30,33,-3,-35,-20,-2,-1,-10,-7,29,-43,-35,-18,-5,-1,-7,7,-17,-57,-28,-12,-5,7
0,18,14,24,23,43,63,-3,-2,45,25,12,-11,-13,-6,-3,-1,43,26,-20,-27,-30,-13,-3,-1,-4,27,25,-31,-31,-15,-1,0,-16,-18,23,-26,-36,-20,0,-2,-5,-14,18,-14,-35,-20,-2,-1,57,27,25,-25,-35,-18,-5,-1,19,36,-1,-57,-28,-12,-5,5
0,-8,35,24,23,5,-10,-3,-2,8,25,-12,-41,-25,-12,-3,-1,9,26,-8,-27,-30,-13,-3,-1,4,27,13,8,6,-9,-1,0,-9,28,26,7,26,41,0,-2,-13,-25,-27,-18,25,42,-2,-1,-10,-19,-3,30,29,16,-5,-1,-7,21,-1,1,-12,-12,-5,5
0,-8,-26,-33,-16,-25,-10,-3,-2,-15,-38,18,-11,-33,-12,-3,-1,-18,-25,37,-8,-30,-13,-3,-1,-19,-1,13,-11,18,-2,-1,0,-16,5,26,19,18,21,0,-2,-13,23,25,-22,20,14,-2,-1,-10,27,25,17,29,1,-5,-1,-7,-22,-12,21,13,-12,-5,6
0,-8,-26,-27,1,-25,-10,-3,-2,-15,-29,24,-11,-33,-12,-3,-1,-18,9,17,-27,-30,-13,-3,-1,-19,23,5,-7,-6,-9,-1,0,-16,28,26,-10,5,35,0,-2,-13,26,-1,-29,-35,48,-2,-1,-10,2,6,-43,-15,60,46,-1,-7,-26,-17,11,29,17,-5,6
0,-8,20,1,18,39,5,-3,-2,-8,20,12,4,30,35,-3,-1,-18,-34,-29,-20,31,17,-3,-1,-19,-28,-20,0,30,-2,-1,0,-16,21,26,23,30,41,0,-2,-13,23,33,9,-31,-20,-2,-1,-10,-7,29,-38,-35,-18,-5,-1,-7,26,-17,-57,-28,-12,-5,7
0,-8,9,24,23,39,48,-3,-2,-15,7,18,24,30,62,-3,-1,-18,-42,-16,27,28,2,-3,-1,-19,-32,21,8,-27,-15,-1,0,-16,-25,26,19,-15,-20,0,-2,-13,-25,-16,16,29,-20,-2,-1,-10,-32,-26,12,21,-13,-5,-1,-7,21,16,-9,-12,-12,-5,3
0,-8,-1,1,23,39,-10,-3,-2,8,25,-24,-6,30,-12,-3,-1,9,26,29,35,-3,-13,-3,-1,19,27,25,-19,-31,-15,-1,0,39,28,-12,-42,-36,-20,0,-2,19,4,25,-29,-35,-20,-2,-1,30,10,29,-38,-35,-18,-5,-1,-7,2,16,-48,-28,-12,-5,8
0,18,25,1,18,22,-10,-3,-2,45,25,6,-6,-17,-12,-3,-1,16,21,-25,-27,-30,-13,-3,-1,42,3,-36,-39,-31,-15,-1,0,-2,24,26,-14,-36,-20,0,-2,-13,-22,-12,20,-5,-20,-2,-1,-10,-32,-17,7,9,-18,-5,-1,-7,17,21,11,-20,-12,-5,5
0,18,40,24,23,-8,-10,-3,-2,53,20,-36,14,-1,-12,-3,-1,16,0,-29,19,8,-13,-3,-1,-19,-36,-11,24,-10,-15,-1,0,-16,-10,26,-1,-36,-20,0,-2,3,34,14,-29,-35,-20,-2,-1,57,36,16,-6,-3,6,-5,-1,19,21,10,21,37,82,-5,2
0,-8,-6,1,23,35,41,-3,-2,0,25,-36,-51,-5,69,-3,-1,-18,-13,-29,-16,20,9,-3,-1,-19,-36,-32,24,-6,-15,-1,0,-16,-29,-35,-6,14,-20,0,-2,-13,-18,-27,-29,20,9,-2,-1,30,36,-12,-38,13,1,-5,-1,-7,-12,-1,21,33,0,-5,3
0,-8,-26,7,1,-25,-10,-3,-2,-15,-20,24,-31,-33,-12,-3,-1,-4,26,13,-27,-30,-13,-3,-1,19,27,5,-39,-31,-15,-1,0,39,28,23,-18,-36,-20,0,-2,11,34,25,20,8,-8,-2,-1,-10,19,29,17,29,40,-5,-1,-7,-22,-12,21,29,11,-5,6
0,44,45,24,12,-8,-10,-3,-2,15,2,-42,14,15,-12,-3,-1,-18,-42,-20,31,-3,-13,-3,-1,-19,-36,-20,24,-14,-15,-1,0,-16,-29,-31,11,18,-13,0,-2,-13,-25,-27,-22,33,3,-2,-1,-10,-28,-30,7,25,-9,-5,-1,19,31,21,-14,-20,-12,-5,3
0,-8,-16,-10,23,22,-2,-3,-2,-15,11,6,-1,30,42,-3,-1,9,17,-25,4,24,-6,-3,-1,12,23,13,20,2,-15,-1,0,-16,-6,-8,15,-15,-20,0,-2,-5,-18,-27,16,-14,-20,-2,-1,96,32,-17,17,-19,-18,-5,-1,-7,-2,-6,21,-16,-12,-5,9
0,-8,-26,18,-21,-25,-10,-3,-2,-15,-24,18,-41,18,22,-3,-1,-18,13,9,-20,28,2,-3,-1,12,19,-32,0,18,-2,-1,0,53,24,-4,23,30,48,0,-2,67,34,33,28,-14,-20,-2,-1,-10,-24,11,-6,-35,-18,-5,-1,-7,-26,21,-33,-28,-12,-5,4
0,-8,25,7,12,9,-10,-3,-2,-15,11,-18,-26,15,22,-3,-1,9,13,-29,-27,-15,47,-3,-1,12,-5,-36,-39,-14,37,-1,0,39,-14,-35,-42,18,-6,0,-2,51,-11,-27,5,8,-20,-2,-1,43,19,11,17,-31,-18,-5,-1,19,26,-6,-53,-28,-12,-5,0
0,-8,-6,7,-5,5,-10,-3,-2,-15,16,24,14,30,1,-3,-1,16,26,-12,-27,-11,39,-3,-1,42,19,-36,-39,-14,37,-1,0,25,5,-35,-42,-19,35,0,-2,3,26,-23,-29,-1,14,-2,-1,-10,23,11,-2,25,-9,-5,-1,-7,-12,21,1,-8,-12,-5,0
0,-8,4,-5,6,1,-10,-3,-2,38,16,-36,-16,18,-12,-3,-1,49,-13,-29,0,8,-13,-3,-1,12,15,13,20,10,-15,-1,0,-16,-25,-20,-42,14,-20,0,-2,-13,-25,-27,-29,12,-14,-2,-1,-10,2,-35,-43,13,-18,-5,-1,-7,2,10,16,21,-12,-5,9
0,-8,-6,18,12,18,-2,-3,-2,-15,-15,-18,-51,3,42,-3,-1,-18,4,9,-20,20,39,-3,-1,-19,-20,25,16,-14,-15,-1,0,-16,-6,23,19,-32,-20,0,-2,19,26,-23,20,-5,-20,-2,-1,83,23,-40,-20,17,-18,-5,-1,-7,7,10,21,37,-6,-5,8
0,-8,30,18,-44,-25,-10,-3,-2,23,25,18,24,-33,-12,-3,-1,-18,17,17,35,-23,-13,-3,-1,-19,-36,-20,24,-10,-15,-1,0,-16,-29,-20,23,-11,-20,0,-2,-13,-25,-1,32,8,-3,-2,-1,-10,15,29,30,29,60,127,-1,-7,26,21,-9,-8,64,82,2
0,-8,-26,-27,6,-16,-10,-3,-2,-15,-47,12,19,-25,-12,-3,-1,-18,-21,37,-12,-30,-13,-3,-1,-11,7,29,-23,-31,-15,-1,0,18,32,26,19,14,-20,0,-2,-13,8,33,-25,20,20,-2,-1,-10,-15,29,-16,25,6,-5,-1,-7,-26,-34,11,29,-6,-5,6
0,-8,14,24,23,-21,-10,-3,-2,-8,7,-12,29,-13,-12,-3,-1,-18,-42,-16,35,-7,-13,-3,-1,-19,-36,-11,24,-22,-15,-1,0,12,17,19,23,14,14,0,-2,82,34,33,24,16,9,-2,-1,-10,-7,16,-43,-35,-18,-5,-1,-7,26,-23,-57,-28,-12,-5,7
0,-8,-6,1,23,18,-10,-3,-2,-15,20,0,9,11,-12,-3,-1,-18,-38,-29,8,-3,-13,-3,-1,-19,-20,-7,20,22,31,-1,0,25,32,26,19,5,1,0,-2,-5,-11,18,-3,-35,-20,-2,-1,-10,-24,29,-34,-35,-18,-5,-1,-7,2,-1,-57,-28,-12,-5,7
0,-8,-26,-61,-21,43,5,-3,-2,-15,-24,6,29,30,-12,-3,-1,56,26,33,19,31,-13,-3,-1,4,-5,-32,-7,35,-15,-1,0,-16,-29,-35,-10,30,1,0,-2,-13,-25,-27,1,33,3,-2,-1,-10,-32,-44,-11,29,16,-5,-1,-7,-26,-67,-9,37,35,-5,1
0,-8,-26,-44,18,1,-10,-3,-2,-15,-47,6,14,-29,-12,-3,-1,-18,-13,37,-20,-30,-13,-3,-1,12,23,-3,-39,-10,-15,-1,0,60,24,-31,-18,30,14,0,127,114,26,18,32,33,-3,-2,-1,123,19,2,30,5,-18,-5,-1,-7,-26,-34,21,-20,-12,-5,4
0,-8,20,12,23,18,-10,-3,-2,-15,-2,-36,9,18,-12,-3,-1,-18,-42,-29,23,20,24,-3,-1,-4,11,25,24,30,77,-1,0,-2,17,26,-14,-36,-13,0,-2,-13,-14,29,-29,-35,-20,-2,-1,-10,2,20,-43,-35,-18,-5,-1,-7,17,-6,-57,-28,-12,-5,7
0,-8,-26,-22,6,-25,-10,-3,-2,-15,-47,12,-21,-33,-12,-3,-1,-18,-17,21,-27,-30,-13,-3,-1,-19,-5,17,-7,-22,-15,-1,0,-16,21,26,11,22,8,0,-2,-13,15,3,-22,-22,54,-2,-1,-10,-2,6,-20,13,35,-5,-1,-7,-22,-6,1,-12,-12,-5,6
0,-8,-26,-16,-10,-25,-10,-3,-2,-15,-33,24,-31,-33,-12,-3,-1,-18,9,4,-20,-3,-13,-3,-1,12,27,-24,12,22,5,-1,0,80,21,-4,23,30,48,0,-2,98,34,33,32,3,-14,-2,-1,17,-15,-3,30,-31,-18,-5,-1,-7,-26,-17,16,-20,-12,-5,4
0,-8,-16,1,1,-25,-10,-3,-2,-15,-15,24,24,3,-6,-3,-1,-18,-17,29,23,28,9,-3,-1,-19,-32,29,24,-14,-15,-1,0,-16,-2,26,15,-36,-20,0,-2,-5,30,6,32,-14,-20,-2,-1,17,23,16,30,5,-18,-5,-1,-7,-22,-6,1,-8,-12,-5,8
0,-8,20,7,-33,-25,-10,-3,-2,-15,16,-30,4,-21,-12,-3,-1,9,-13,4,-8,0,-13,-3,-1,42,3,25,16,6,-15,-1,0,-16,-14,-8,-6,18,-13,0,-2,-13,-25,-27,-29,-14,42,-2,-1,-10,-24,-44,-34,13,11,-5,-1,-7,21,10,11,1,-12,-5,9
0,-8,14,-5,-21,18,-10,-3,-2,8,20,-24,9,30,15,-3,-1,2,9,-29,-16,31,2,-3,-1,-19,7,5,20,10,-15,-1,0,-16,-14,26,23,-11,-20,0,-2,-13,0,6,-14,33,-20,-2,-1,-10,19,6,-20,29,-18,-5,-1,-7,-12,-12,-14,-16,-12,-5,8
0,-8,30,24,1,26,106,127,-2,8,25,-18,-11,30,56,-3,-1,-11,0,-29,-4,24,2,-3,-1,-19,-32,-3,20,30,57,-1,0,-16,17,26,19,-7,-6,0,-2,-13,-11,21,-3,-35,-20,-2,-1,-10,-15,29,-29,-35,-18,-5,-1,-7,31,-1,-57,-28,-12,-5,7
0,-8,-11,12,23,35,-10,-3,-2,-15,11,6,14,30,1,-3,-1,-18,-38,-29,8,28,-13,-3,-1,-19,-1,13,20,35,51,-1,0,12,32,26,23,10,1,0,-2,-13,-11,6,24,-26,-20,-2,-1,-10,-24,25,-2,-35,-18,-5,-1,-7,-7,5,-53,-28,-12,-5,7
0,-8,-6,-5,18,9,-10,-3,-2,-15,11,24,4,18,35,-3,-1,2,26,21,-27,-15,47,-3,-1,27,27,-16,-39,-14,37,-1,0,32,5,-35,-42,1,28,0,-2,19,12,-27,-22,29,-8,-2,-1,4,36,11,21,5,-18,-5,-1,-7,-7,10,11,-24,-12,-5,0
0,-8,-1,12,-60,-25,-10,-3,-2,-15,-7,24,-31,-33,-12,-3,-1,-18,9,37,-12,-30,-13,-3,-1,-19,11,29,-7,-31,-15,-1,0,-16,5,26,3,-36,-20,0,-2,-13,-25,3,32,-26,-20,-2,-1,-10,-19,-7,26,17,35,127,-1,-7,-2,21,21,37,82,127,1
0,-8,-16,7,-10,-12,-10,-3,-2,-15,-2,18,9,18,-6,-3,-1,-18,26,-12,-27,-7,17,-3,-1,-4,27,-24,-39,-27,31,-1,0,18,21,-16,-42,-27,35,0,-2,19,19,-27,-29,-22,26,-2,-1,-10,23,-21,-16,17,6,-5,-1,-7,-2,10,6,5,-6,-5,0
0,-8,-26,-67,12,43,41,-3,-2,-15,-47,-42,29,30,42,-3,-1,-18,-38,21,35,31,47,-3,-1,19,19,29,24,35,18,-1,0,-9,-14,-8,23,30,35,0,-2,-13,-25,-20,32,33,20,-2,-1,-10,-32,-35,30,29,-4,-5,-1,-7,-26,-67,21,37,-12,-5,1
0,-8,-26,-44,18,5,-10,-3,-2,-15,-33,18,9,-33,-12,-3,-1,-11,17,21,-27,-23,69,-3,-1,57,19,-36,-39,22,64,-1,0,60,28,11,19,30,14,0,-2,19,12,3,32,12,-20,-2,-1,-10,-32,-35,30,-19,-18,-5,-1,-7,-26,-34,11,-28,-12,-5,4
0,-8,4,12,-5,-25,-10,-3,-2,8,25,-18,29,-33,-12,-3,-1,2,-13,-8,19,-30,-13,-3,-1,-19,-32,21,-7,-22,-15,-1,0,-16,-22,26,23,30,8,0,-2,-13,-25,-27,-29,12,26,-2,-1,-10,-32,-26,3,25,-9,-5,-1,-7,-2,21,1,-12,-12,-5,3
0,-8,-26,-50,23,9,-10,-3,-2,-15,-47,-6,29,3,-12,-3,-1,2,9,37,35,0,-13,-3,-1,80,27,1,24,2,-15,-1,0,-9,-22,-35,23,-3,-20,0,-2,-13,-25,-20,32,-18,-20,-2,-1,-10,-32,-35,30,-11,-18,-5,-1,-7,-26,-61,21,9,-12,-5,1
0,-8,20,24,23,30,5,-3,-2,0,20,-59,-36,-21,-12,-3,-1,29,-4,-29,-24,-15,-13,-3,-1,42,11,-7,12,26,31,-1,0,25,32,-4,-42,-15,35,0,-2,-5,-14,-27,-29,3,14,-2,-1,-10,-19,-26,-38,25,-18,-5,-1,-7,7,21,1,1,-12,-5,5
0,-8,14,12,12,-8,-10,-3,-2,23,7,-48,-16,15,-12,-3,-1,9,-34,-16,23,-11,-13,-3,-1,-19,-36,29,20,-27,-15,-1,0,-16,-29,-23,-6,22,-13,0,-2,-13,-25,-27,-29,-5,26,-2,-1,-10,-19,-26,-25,17,16,-5,-1,-7,26,21,16,-8,-12,-5,3
0,-8,9,1,-5,-21,-10,-3,-2,-15,7,-12,-26,22,-12,-3,-1,23,13,25,-16,28,-13,-3,-1,42,-1,9,24,2,-15,-1,0,-9,13,3,-6,10,-13,0,-2,-13,-25,-27,-29,20,14,-2,-1,-10,-32,-44,-43,5,40,-5,-1,-7,12,-1,21,25,0,-5,9
0,-8,-6,7,23,43,106,127,-2,-15,2,18,9,18,96,127,-1,-18,-42,-29,-27,16,69,-3,-1,-19,-32,-36,-19,30,-2,-1,0,-16,24,15,19,26,21,0,-2,-13,30,33,28,3,-8,-2,-1,-10,-28,29,-11,-35,-18,-5,-1,-7,2,10,-48,-28,-12,-5,7
0,-8,30,24,-16,9,-10,-3,-2,-15,16,6,-21,26,1,-3,-1,-18,-4,-4,-4,8,-13,-3,-1,-19,-32,21,12,-31,-15,-1,0,-16,-25,15,-10,-36,-20,0,-2,-13,-7,-1,16,-35,-20,-2,-1,-10,23,-44,3,-35,-18,-5,-1,-7,36,10,-18,-28,-12,-5,8
0,-8,4,18,-16,-25,-10,-3,-2,-15,2,24,29,18,-12,-3,-1,-18,0,37,35,31,39,-3,-1,-11,27,-3,-39,14,37,-1,0,32,24,-31,-42,5,35,0,-2,51,19,-27,-29,20,3,-2,-1,57,36,-7,-2,17,-18,-5,-1,-7,2,-1,6,-8,-12,-5,0
0,18,20,24,23,39,12,-3,-2,45,25,0,-11,-1,8,-3,-1,23,26,9,-16,-30,-13,-3,-1,42,27,29,24,-14,-15,-1,0,5,-6,-20,11,10,-20,0,-2,-13,-25,-27,1,20,-20,-2,-1,-10,-11,-7,26,5,-18,-5,-1,-7,26,21,-4,-24,-12,-5,5
0,-8,-21,12,-49,-25,-10,-3,-2,-15,-11,12,-51,-21,-12,-3,-1,-11,26,-12,11,16,-13,-3,-1,34,19,-28,20,-10,-15,-1,0,74,24,7,23,30,41,0,-2,51,34,33,24,-18,-20,-2,-1,-10,-32,25,-2,-35,-18,-5,-1,-7,-17,21,-33,-28,-12,-5,4
0,-8,-1,18,23,35,-2,-3,-2,-15,2,6,-6,30,22,-3,-1,-18,-42,-29,-8,31,2,-3,-1,-19,-36,-36,-3,14,-15,-1,0,-16,-2,15,19,14,-13,0,-2,-13,0,25,24,16,3,-2,-1,-10,-32,20,-29,-35,-18,-5,-1,-7,7,-12,-57,-28,-12,-5,7
0,-8,9,12,23,30,-2,-3,-2,-15,20,6,-36,18,42,-3,-1,23,21,-20,-27,0,47,-3,-1,27,27,-36,-39,-6,57,-1,0,46,21,-35,-42,18,41,0,-2,27,30,-27,-10,33,9,-2,-1,43,36,-3,30,13,-18,-5,-1,-7,12,21,1,-16,-12,-5,0
0,18,40,24,18,1,-10,-3,-2,60,20,-18,4,26,-12,-3,-1,29,-4,-29,19,16,-13,-3,-1,-19,-36,-36,20,-6,-15,-1,0,-16,-29,-4,19,-32,-20,0,-2,-13,-18,29,9,-35,-20,-2,-1,-10,10,29,3,1,60,46,-1,-7,36,21,16,17,11,-5,2
0,-8,20,24,23,26,-10,-3,-2,0,25,-24,-6,30,-12,-3,-1,-11,-8,-29,23,24,-13,-3,-1,-19,-36,17,24,-10,-15,-1,0,-16,-29,-4,15,26,14,0,-2,-13,-25,-27,-29,3,59,-2,-1,-10,6,-17,-43,9,55,-5,-1,-7,12,21,21,37,23,-5,3
0,-8,-11,-10,18,1,-10,-3,-2,15,25,-18,-31,30,1,-3,-1,36,17,-29,8,8,-13,-3,-1,-11,-20,-7,24,-22,-15,-1,0,-16,-29,-27,19,-7,-20,0,-2,-13,-25,-27,-25,25,-14,-2,-1,-10,19,-7,-38,9,16,-5,-1,-7,2,-23,21,33,17,-5,3
0,-8,-26,-67,-38,39,63,-3,-2,-15,-47,-24,4,26,35,-3,-1,-18,-17,25,11,31,39,-3,-1,4,27,21,8,30,11,-1,0,-9,13,-4,-38,22,-6,0,-2,-13,-25,-27,-18,20,-20,-2,-1,-10,-32,-44,-16,5,-18,-5,-1,-7,-26,-67,-14,-12,-12,-5,9
0,-8,4,7,23,1,-10,-3,-2,8,25,12,24,30,-6,-3,-1,-18,-21,-29,4,31,2,-3,-1,-19,-36,-36,-7,35,5,-1,0,5,28,26,23,30,41,0,-2,27,23,25,32,12,-3,-2,-1,-10,-32,11,26,-31,-18,-5,-1,-7,-7,21,-23,-28,-12,-5,7
0,-8,-26,-39,-5,-25,-10,-3,-2,-15,-42,12,-6,-33,-12,-3,-1,-18,-25,29,-24,-30,-13,-3,-1,-19,3,-3,-39,-31,-15,-1,0,-16,21,-4,-26,-11,-6,0,-2,-13,15,33,20,16,54,-2,-1,-10,19,20,-25,-15,60,46,-1,-7,-22,-23,21,25,41,10,6
0,-8,-16,1,23,18,-10,-3,-2,0,20,-12,-21,26,-12,-3,-1,-4,-13,-25,-12,24,-13,-3,-1,-19,-36,-36,-3,10,-15,-1,0,-16,-29,-35,7,-23,-20,0,-2,-13,-25,3,24,-35,-20,-2,-1,-10,32,29,26,5,6,-5,-1,-7,-22,-23,-18,17,82,82,2
0,-8,-16,24,-10,-25,-10,-3,-2,-15,-29,24,29,-13,-12,-3,-1,-18,-8,37,35,-19,-13,-3,-1,-19,-1,29,24,-18,-15,-1,0,-16,1,26,23,-23,-20,0,-2,-13,4,33,32,-31,-20,-2,-1,-10,-11,29,21,-35,-18,-5,-1,-7,-22,-1,21,-16,-12,-5,1
0,-8,-16,24,-38,-25,-10,-3,-2,-15,-20,24,-41,-33,-12,-3,-1,-18,-4,25,-27,-30,-13,-3,-1,-19,7,17,8,14,-2,-1,0,-16,24,26,15,5,75,0,-2,-13,23,-1,-18,-35,59,127,-1,-10,10,20,-25,-3,60,127,-1,-7,-17,10,21,33,35,-5,6
0,-8,4,-22,1,35,-10,-3,-2,23,25,18,9,-5,-12,-3,-1,36,26,25,-12,-30,-13,-3,-1,-4,7,-3,16,14,-15,-1,0,-16,-29,-35,-42,26,-13,0,-2,-13,-25,-27,-29,25,9,-2,-1,4,6,-7,12,21,-13,-5,-1,-7,21,16,1,-16,-12,-5,5
0,-8,-11,1,-38,-25,-10,-3,-2,-8,20,12,29,-9,-12,-3,-1,23,26,-29,-4,31,32,-3,-1,19,27,9,16,35,11,-1,0,-16,1,3,7,30,-20,0,-2,-13,-22,-23,-3,29,-14,-2,-1,-10,2,2,3,29,-9,-5,-1,-7,-17,5,11,1,-12,-5,9
0,-8,-6,12,23,-8,-10,-3,-2,-15,7,-24,-6,15,-12,-3,-1,-4,4,-29,-27,16,9,-3,-1,12,-8,-36,-39,-10,37,-1,0,25,-14,-35,-42,-19,35,0,-2,19,8,-27,-29,-9,26,-2,-1,-10,27,-3,-16,25,-9,-5,-1,-7,-7,21,16,-8,-12,-5,0
0,-8,9,7,23,5,-10,-3,-2,0,25,-36,-26,15,-6,-3,-1,9,9,-29,-24,31,17,-3,-1,-11,11,13,12,35,5,-1,0,-16,-29,-20,-10,18,-20,0,-2,-13,-25,-27,-14,20,-20,-2,-1,-10,2,-30,3,5,-18,-5,-1,-7,2,16,16,-16,-12,-5,9
0,18,40,-16,-21,30,5,-3,-2,60,-15,-71,-51,15,1,-3,-1,43,-17,-29,8,-7,-13,-3,-1,-11,15,5,0,-31,-15,-1,0,-16,5,26,-34,-36,-20,0,-2,3,19,-9,16,-31,-20,-2,-1,43,6,-44,-2,-15,-18,-5,-1,19,31,-6,-18,-28,-12,-5,8
0,-8,-26,1,-44,-25,-10,-3,-2,-15,-20,18,-41,-33,-12,-3,-1,-18,26,-8,-27,-15,17,-3,-1,12,23,-28,-27,30,44,-1,0,-2,28,26,23,30,8,0,-2,-13,-18,3,32,-1,-20,-2,-1,-10,-32,-7,26,-35,-18,-5,-1,-7,-26,-6,-14,-28,-12,-5,4
0,-8,-21,12,-33,-25,-10,-3,-2,-15,-15,18,-46,-33,-12,-3,-1,-18,13,0,-27,-30,-13,-3,-1,-19,15,-16,-39,-31,-15,-1,0,-16,24,-8,-22,-19,-13,0,-2,-13,12,33,20,25,59,-2,-1,-10,6,20,-38,-19,60,71,-1,-7,-22,-1,6,37,41,10,6
0,-8,20,12,23,30,5,-3,-2,-15,11,-24,-41,-9,15,-3,-1,-18,26,-20,8,0,-13,-3,-1,4,23,25,4,26,11,-1,0,18,32,-12,-42,14,-6,0,-2,27,0,-27,-18,20,-20,-2,-1,-10,-11,-12,17,-11,-18,-5,-1,-7,21,21,-14,-28,-12,-5,5
0,-8,4,12,6,-12,-10,-3,-2,-15,7,-59,-36,22,-12,-3,-1,-18,-42,-29,4,20,-13,-3,-1,-19,-36,13,24,-18,-15,-1,0,-16,-29,-35,-10,18,-13,0,-2,-5,0,-27,-29,-5,42,-2,-1,30,23,-35,-43,-7,45,-5,-1,-7,-2,10,11,33,23,-5,3
0,70,55,-16,-55,-25,-10,-3,-2,8,25,6,9,-33,-12,-3,-1,-18,9,17,27,8,32,-3,-1,-19,-28,25,24,10,-2,-1,0,-16,-6,19,19,-32,-20,0,-2,11,30,-12,5,-5,-20,-2,-1,70,23,-40,3,1,-18,-5,-1,44,26,-1,11,-12,-12,-5,8
0,-8,-26,1,18,-16,-10,-3,-2,-15,-47,6,29,-1,-12,-3,-1,-18,-42,29,35,4,-13,-3,-1,-19,-36,17,24,-6,-15,-1,0,-16,-2,26,23,-23,-20,0,-2,-5,34,33,32,-31,-20,-2,-1,-10,2,29,30,-27,-18,-5,-1,-7,-26,-17,21,1,-12,-5,1
0,-8,40,18,-5,26,70,-3,-2,15,25,18,29,18,49,26,-1,2,26,9,-27,-30,-13,-3,-1,-19,11,29,-3,-31,-15,-1,0,-16,-29,11,15,-32,-20,0,-2,-5,-22,-1,32,-26,-20,-2,-1,96,19,6,30,-23,-18,-5,-1,19,36,21,1,-28,-12,-5,5
0,-8,-11,-5,-66,-25,-10,-3,-2,-15,7,-6,-51,-33,-12,-3,-1,-11,17,-25,-27,-30,-13,-3,-1,-4,23,-36,-39,-31,-15,-1,0,12,28,23,23,26,-6,0,-2,-5,34,3,-14,-1,42,-2,-1,4,36,6,-11,5,40,-5,-1,-7,-2,-12,1,33,29,-5,6
0,-8,-11,-22,-16,22,92,21,-2,-15,-7,24,29,30,76,-3,-1,-18,26,-8,4,-30,-13,-3,-1,12,27,29,24,-6,-15,-1,0,-2,5,-27,-6,5,-20,0,-2,-13,-25,-27,1,-1,-20,-2,-1,-10,2,11,17,-15,-18,-5,-1,-7,-2,5,-9,-24,-12,-5,5
0,-8,-16,18,-38,-25,-10,-3,-2,-15,-7,18,-51,-29,-12,-3,-1,-18,17,9,8,4,-13,-3,-1,42,27,-20,24,22,64,-1,0,74,32,26,23,26,28,0,-2,11,4,21,16,-26,-20,-2,-1,-10,-32,20,3,-35,-18,-5,-1,-7,-12,21,-23,-28,-12,-5,4
0,-8,30,-27,-66,-25,-10,-3,-2,23,25,-54,-41,22,8,-3,-1,43,21,-29,19,28,-13,-3,-1,27,27,25,24,-10,-15,-1,0,-16,-6,23,3,-36,-20,0,-2,-13,-22,33,-14,-35,-20,-2,-1,-10,6,11,-43,-35,-18,-5,-1,-7,36,-12,-57,-28,-12,-5,4
0,-8,30,-10,1,35,70,-3,-2,-15,25,24,29,30,35,-3,-1,-11,26,37,35,16,-13,-3,-1,-11,-16,-28,4,30,-15,-1,0,-16,-25,-35,-34,30,-20,0,-2,11,19,-27,-18,29,-20,-2,-1,70,32,-7,17,9,-18,-5,-1,-7,17,10,-14,-20,-12,-5,5
0,-8,20,7,18,18,-2,-3,-2,-8,20,-42,-16,30,22,-3,-1,-18,21,0,11,31,32,-3,-1,-19,-28,-7,-11,10,37,-1,0,-16,-29,-35,-42,-3,35,0,-2,-13,-25,-27,-29,12,9,-2,-1,-10,27,-17,3,13,-18,-5,-1,-7,17,21,1,-24,-12,-5,9
0,-8,9,18,18,-4,-10,-3,-2,30,25,0,29,15,-12,-3,-1,-11,-13,-29,35,8,-13,-3,-1,-19,-36,5,20,-31,-15,-1,0,-16,-25,26,-14,-36,-20,0,-2,-13,12,21,-25,-14,-14,-2,-1,-10,19,11,17,25,-4,-5,-1,-7,21,21,6,-16,-12,-5,2
0,-8,-11,-22,-5,22,-2,-3,-2,-15,-33,24,29,15,-12,-3,-1,-18,-34,33,35,16,-13,-3,-1,-19,-36,29,24,-2,-15,-1,0,-16,-25,23,23,5,-20,0,-2,-13,-22,33,32,-9,-20,-2,-1,-10,-19,29,30,-15,-18,-5,-1,-7,-17,16,21,-4,-12,-5,1
0,-8,-16,-10,-10,22,-10,-3,-2,-15,-2,-18,-6,30,-12,-3,-1,-18,17,-29,-4,28,-13,-3,-1,-19,7,21,-3,35,-9,-1,0,-16,-29,-35,-42,18,1,0,-2,-13,-25,-27,-29,16,-3,-2,-1,123,6,-21,-43,25,-13,-5,-1,-7,-17,10,21,25,-12,-5,9
0,-8,-21,1,-10,-12,-10,-3,-2,-15,-15,24,29,-5,-12,-3,-1,-18,9,37,35,-19,-13,-3,-1,-19,19,29,24,-22,-15,-1,0,-9,28,26,23,-15,-20,0,-2,-13,30,33,28,-26,-20,-2,-1,-10,15,29,30,-3,-18,-5,-1,-7,-22,-28,1,13,-12,-5,1
0,-8,-6,-5,18,5,-10,-3,-2,0,20,12,-6,26,-6,-3,-1,36,21,-25,-4,31,24,-3,-1,27,19,17,20,-6,-15,-1,0,-9,32,26,-18,-36,-20,0,-2,19,30,14,28,-31,-20,-2,-1,4,19,-30,-11,1,-18,-5,-1,-7,-7,10,21,-4,-12,-5,8
0,-8,9,18,-33,-25,-10,-3,-2,15,25,-18,19,-21,-12,-3,-1,-4,17,-29,23,-7,-13,-3,-1,-19,-28,-36,4,10,-15,-1,0,-16,-29,-35,11,-11,-20,0,-2,-13,-25,-9,28,-5,-20,-2,-1,-10,6,29,30,29,55,-5,-1,-7,2,16,-23,-12,23,10,2
0,18,25,18,18,-4,-10,-3,-2,68,25,-18,9,7,-12,-3,-1,83,-17,-29,27,-3,-13,-3,-1,-19,-36,-11,24,-10,-15,-1,0,-16,-25,23,3,-36,-20,0,-2,-13,-7,33,-14,-35,-20,-2,-1,4,32,6,-6,13,50,21,-1,19,45,21,21,21,17,-5,2
0,-8,-26,-16,6,-12,-10,-3,-2,-15,-11,18,9,26,1,-3,-1,-18,9,4,-27,28,17,-3,-1,4,15,-36,-39,10,31,-1,0,39,5,-35,-42,18,28,0,-2,3,34,-12,-3,33,9,-2,-1,-10,27,20,30,25,-13,-5,-1,-7,-22,-1,11,-12,-12,-5,0
0,-8,30,-22,1,-4,-10,-3,-2,-8,20,-6,-21,22,1,-3,-1,9,4,-29,-27,4,17,-3,-1,12,-5,-36,-39,2,24,-1,0,25,-2,-35,-42,10,1,0,-2,27,4,-27,-10,20,-20,-2,-1,30,23,-21,26,-23,-18,-5,-1,-7,17,10,-38,-28,-12,-5,0
0,-8,14,1,6,-4,-10,-3,-2,15,11,-48,-6,11,-12,-3,-1,-18,-42,-4,23,-15,-13,-3,-1,-19,-36,5,20,-14,-15,-1,0,-16,-29,-35,-26,26,-6,0,-2,43,4,-27,-29,16,20,-2,-1,96,6,-40,-29,29,-4,-5,-1,-7,21,21,21,-4,-12,-5,3
0,-8,25,1,-10,-25,-10,-3,-2,8,25,24,29,-17,-12,-3,-1,29,21,-16,4,20,-13,-3,-1,42,11,-36,-39,26,-9,-1,0,39,17,-35,-42,-7,35,0,-2,27,23,-27,-29,-18,26,-2,-1,-10,27,-7,-43,5,21,-5,-1,-7,7,-1,6,21,11,-5,0
0,-8,-26,-61,1,43,92,-3,-2,-15,-33,12,14,26,76,-3,-1,9,26,33,23,31,17,-3,-1,4,27,29,24,35,5,-1,0,-16,-2,-8,15,22,-20,0,-2,-13,-25,-27,16,12,-20,-2,-1,-10,-32,-44,17,5,-18,-5,-1,-7,-26,-67,6,21,-12,-5,9
0,-8,-16,7,23,30,19,-3,-2,-15,-7,-6,-6,30,35,-3,-1,-4,21,-20,-20,28,2,-3,-1,4,-24,-36,-7,22,-2,-1,0,-16,-25,15,23,30,48,0,-2,-13,-25,14,20,-14,-14,-2,-1,-10,-32,6,-16,-35,-18,-5,-1,-7,-12,16,-48,-28,-12,-5,7
0,-8,-26,-5,23,43,63,-3,-2,-15,-2,0,-6,26,49,-3,-1,-18,13,4,-27,16,24,-3,-1,-19,-12,-36,-23,18,-15,-1,0,-16,-22,23,23,30,41,0,-2,-13,-3,21,28,3,-14,-2,-1,-10,-32,-3,-2,-35,-18,-5,-1,-7,-22,10,-38,-28,-12,-5,7
0,-8,-6,7,23,22,-10,-3,-2,53,25,-18,-1,26,-12,-3,-1,16,-25,-29,19,12,-13,-3,-1,-19,-36,-16,24,18,-9,-1,0,-16,-29,-31,-6,26,35,0,-2,-13,-25,-27,-29,-1,48,-2,-1,-10,-28,-17,-6,29,21,-5,-1,-7,-2,21,16,9,-6,-5,3
0,18,25,24,-49,-25,-10,-3,-2,23,25,12,-11,-33,-12,-3,-1,49,4,4,19,-30,-13,-3,-1,-11,-32,-3,8,-31,-15,-1,0,-16,-29,11,-10,-36,-20,0,-2,-13,-18,29,-10,-31,-8,-2,-1,-10,10,29,21,21,40,-5,-1,-7,40,21,21,25,29,-5,2
0,18,20,18,6,-8,-10,-3,-2,23,7,-48,-1,-9,-12,-3,-1,-18,-42,-16,31,-23,-13,-3,-1,-19,-36,25,12,-27,-15,-1,0,-16,-29,-27,-6,22,-6,0,-2,-13,-25,-27,-29,12,26,-2,-1,-10,10,-17,-25,9,16,-5,-1,-7,12,16,21,9,-6,-5,3
0,-8,-16,-5,6,-4,-10,-3,-2,-8,16,-18,-11,22,-12,-3,-1,23,13,-25,-20,31,2,-3,-1,34,-8,-36,-39,18,18,-1,0,32,5,-35,-42,-23,41,0,-2,3,19,-27,-29,-18,42,-2,-1,-10,19,-17,-25,21,16,-5,-1,-7,-12,5,21,9,-12,-5,0
0,-8,-6,7,1,-21,-10,-3,-2,0,20,12,29,18,-12,-3,-1,23,26,-12,-4,31,24,-3,-1,42,23,-32,-39,18,37,-1,0,39,17,-35,-42,14,35,0,-2,27,23,-27,-25,20,26,-2,-1,4,32,2,12,29,-4,-5,-1,-7,2,21,6,-12,-12,-5,0
0,-8,-16,24,-21,-25,-10,-3,-2,-15,-11,24,-21,-33,-12,-3,-1,-18,21,13,-27,-30,-13,-3,-1,12,27,-28,-39,-31,-15,-1,0,39,32,26,23,22,-6,0,-2,51,34,-1,-14,33,26,-2,-1,4,36,-3,-16,29,1,-5,-1,-7,-12,-1,21,21,-12,-5,6
0,-8,9,18,12,1,-10,-3,-2,23,25,-42,-1,30,15,-3,-1,23,21,-20,11,24,-6,-3,-1,-11,15,29,16,-27,-15,-1,0,-16,9,15,19,-3,-20,0,-2,-13,30,-20,-18,29,14,-2,-1,-10,32,-30,-6,25,11,-5,-1,-7,2,21,-4,-12,-12,-5,8
0,-8,-11,12,6,26,92,-3,-2,-15,2,12,9,26,49,-3,-1,-18,26,-8,-16,31,2,-3,-1,-11,-1,-32,0,18,-15,-1,0,-16,-29,-8,23,22,21,0,-2,-13,-11,33,32,12,-14,-2,-1,-10,-32,25,-20,-35,-18,-5,-1,-7,2,5,-57,-28,-12,-5,7
0,-8,9,7,-55,-25,-10,-3,-2,68,20,0,14,-33,-12,-3,-1,63,-13,-29,35,-15,-13,-3,-1,12,-20,-36,16,2,-15,-1,0,-16,-29,-35,15,-7,-20,0,-2,-13,-25,-12,32,-22,-20,-2,-1,-10,19,29,30,13,26,-5,-1,-7,17,-1,-18,13,70,-5,2
0,-8,25,18,-21,30,34,-3,-2,-15,11,12,19,26,1,-3,-1,-11,21,-29,23,-3,-13,-3,-1,-4,-8,1,24,22,70,-1,0,-16,9,26,3,-7,-6,0,-2,-13,-11,33,-22,-35,-20,-2,-1,-10,-2,16,-43,-35,-18,-5,-1,-7,31,-45,-57,-28,-12,-5,7
0,-8,-26,-39,-21,-25,-10,-3,-2,-15,-42,18,-1,-13,-12,-3,-1,-18,-4,17,11,8,-13,-3,-1,-4,23,-28,16,-6,-15,-1,0,39,21,-16,15,18,8,0,-2,74,34,33,32,25,-3,-2,-1,-10,-32,-30,30,-35,-18,-5,-1,-7,-26,-28,-9,-28,-12,-5,4
0,96,25,18,23,43,92,-3,-2,68,25,12,-11,-13,1,-3,-1,23,26,4,-27,-30,-13,-3,-1,-19,3,25,-35,-31,-15,-1,0,-16,-22,26,-22,-36,-20,0,-2,-13,-25,21,9,-35,-20,-2,-1,57,10,20,3,-35,-18,-5,-1,70,50,16,-43,-28,-12,-5,5
0,-8,-21,-10,-16,-25,-10,-3,-2,-15,-7,18,-31,-33,-12,-3,-1,-11,26,-8,-27,-30,-13,-3,-1,12,27,-32,-23,26,11,-1,0,12,32,11,15,30,14,0,-2,-13,-22,-1,32,3,-20,-2,-1,-10,-32,-35,30,-19,-18,-5,-1,-7,-26,-12,6,-28,-12,-5,4
0,-8,-26,-33,1,-25,-10,-3,-2,-15,-47,6,14,-33,-12,-3,-1,-18,-13,37,-20,-30,-13,-3,-1,-19,3,13,-39,-22,-15,-1,0,-16,21,19,23,22,-20,0,-2,-13,15,33,24,20,14,-2,-1,-10,-11,16,-2,29,6,-5,-1,-7,-26,-34,16,21,-6,-5,6
0,-8,14,7,1,-12,-10,-3,-2,30,20,-30,-6,15,-12,-3,-1,-18,-42,-29,0,12,-13,-3,-1,-19,-36,-20,20,-18,-15,-1,0,-16,-29,3,23,1,-20,0,-2,-13,-25,-27,-14,29,20,-2,-1,-10,15,-35,-38,25,16,-5,-1,-7,12,21,21,21,-12,-5,3
0,-8,-26,-44,1,39,19,-3,-2,-15,-33,12,-31,7,42,-3,-1,-18,-25,21,-8,24,2,-3,-1,-19,-20,29,16,-18,-15,-1,0,-9,17,23,11,-36,-20,0,-2,35,23,-23,16,-9,-20,-2,-1,-10,10,16,-20,21,-13,-5,-1,-7,-26,-45,-9,37,35,-5,8
0,-8,-26,-61,-5,35,27,-3,-2,-15,-47,-18,29,30,22,-3,-1,-18,0,37,35,31,-6,-3,-1,19,27,29,24,35,-15,-1,0,-9,-10,7,23,30,-20,0,-2,-13,-25,-9,32,33,-20,-2,-1,-10,-32,-44,7,29,-18,-5,-1,-7,-26,-67,-4,13,-12,-5,1
0,-8,25,24,18,-25,-10,-3,-2,15,16,-24,29,-29,-12,-3,-1,-18,-38,-12,35,-30,2,-3,-1,-19,-24,9,24,35,70,-1,0,-16,17,26,3,-7,-6,0,-2,-13,-3,33,-29,-35,-20,-2,-1,-10,-2,25,-43,-35,-18,-5,-1,-7,31,-6,-57,-28,-12,-5,7
0,-8,-6,24,18,5,-10,-3,-2,-15,-20,24,29,-9,-12,-3,-1,-18,-21,37,35,-15,-13,-3,-1,-19,-8,29,20,-31,-15,-1,0,-16,13,26,15,-36,-20,0,-2,-13,-3,33,24,-35,-20,-2,-1,-10,-7,29,30,-15,-18,-5,-1,-7,-17,-1,21,-16,-12,-5,1
0,-8,9,24,6,-4,-10,-3,-2,-15,11,24,29,-13,-12,-3,-1,-11,26,37,35,-19,-13,-3,-1,-11,19,29,20,-31,-15,-1,0,-9,32,26,19,-32,-20,0,-2,-13,26,33,32,-18,-20,-2,-1,-10,-7,29,30,-7,-18,-5,-1,-7,-7,10,6,-4,-12,-5,1
0,-8,-11,24,1,-16,-10,-3,-2,-15,-20,24,29,-21,-12,-3,-1,-18,-4,37,35,-30,-13,-3,-1,-19,-1,29,24,-27,-15,-1,0,-16,5,26,23,-36,-20,0,-2,-13,8,33,20,-35,-20,-2,-1,-10,-2,29,17,-35,-18,-5,-1,-7,-12,10,21,-16,-12,-5,1
0,-8,-26,-5,-21,-25,-10,-3,-2,-15,-24,24,-16,-33,-12,-3,-1,-18,0,29,-27,-30,-13,-3,-1,-19,11,1,-35,-18,-15,-1,0,-16,24,19,19,30,28,0,-2,-13,12,33,28,16,48,-2,-1,-10,-7,29,17,21,40,-5,-1,-7,-26,-17,16,33,6,-5,6
0,-8,-16,12,-60,-25,-10,-3,-2,-15,2,0,-46,-33,-12,-3,-1,-11,21,-12,-27,-30,-13,-3,-1,19,15,-36,-39,-31,-15,-1,0,32,17,11,23,18,-6,0,-2,19,34,18,-6,-9,42,-2,-1,-10,27,-3,-43,-15,45,-5,-1,-7,-12,-6,16,29,-6,-5,6
0,-8,-21,-10,6,30,-2,-3,-2,-8,11,-12,-31,22,15,-3,-1,36,13,-29,0,16,-13,-3,-1,-4,11,21,20,-22,-15,-1,0,-16,-10,23,19,-27,-20,0,-2,-13,4,-1,-18,20,-3,-2,-1,-10,2,-7,-43,17,1,-5,-1,-7,-22,-6,21,37,0,-5,8
0,-8,-1,24,23,-12,-10,-3,-2,-15,-7,24,-16,-33,-12,-3,-1,-18,9,33,-20,-30,-13,-3,-1,-11,23,29,20,-14,-15,-1,0,-16,5,15,23,1,-20,0,-2,-13,-25,-27,24,16,-20,-2,-1,-10,-11,11,30,-3,-18,-5,-1,-7,-12,16,16,-24,-12,-5,5
0,-8,-11,24,-66,-25,-10,-3,-2,-15,-2,-12,-51,-33,-12,-3,-1,-11,26,-16,23,-11,-13,-3,-1,42,15,-32,24,-2,24,-1,0,80,21,0,23,30,48,0,-2,74,34,33,24,3,-3,-2,-1,4,-15,29,-6,-35,-18,-5,-1,-7,-17,21,-28,-28,-12,-5,4
0,-8,35,18,6,-16,-10,-3,-2,-8,25,-42,-26,18,-12,-3,-1,-11,-13,25,-27,0,17,-3,-1,27,7,17,12,30,11,-1,0,-9,5,11,7,18,-13,0,-2,-13,-25,-27,-29,12,14,-2,-1,-10,-32,-44,-43,-15,50,-5,-1,-7,21,5,1,33,23,-5,9
0,-8,-6,1,6,-12,-10,-3,-2,-15,-15,12,29,3,-12,-3,-1,-18,-42,21,35,0,-13,-3,-1,-19,-36,-11,24,-6,-15,-1,0,-16,-29,0,23,-11,-20,0,-2,-13,-25,18,32,-22,-20,-2,-1,-10,-32,16,30,-23,-18,-5,-1,-7,-26,16,21,17,-12,-5,1
0,70,55,7,18,43,70,-3,-2,23,25,12,9,-1,56,-3,-1,-4,26,21,-27,-30,-13,-3,-1,-19,-8,29,8,-31,-15,-1,0,-16,-29,-8,23,-3,-20,0,-2,-13,-25,-27,20,12,-20,-2,-1,30,-7,-7,30,-7,-18,-5,-1,44,45,16,-14,-28,-12,-5,5
0,-8,-11,1,-10,-21,-10,-3,-2,-8,25,24,29,7,-12,-3,-1,16,26,25,-4,31,-6,-3,-1,19,27,-7,-39,22,5,-1,0,18,32,-20,-42,18,28,0,-2,-5,34,3,-29,25,20,-2,-1,-10,23,20,17,29,-4,-5,-1,-7,-17,5,16,-4,-12,-5,0
0,-8,45,-10,-66,-25,-10,-3,-2,-15,20,6,-51,-33,-12,-3,-1,56,26,37,-20,-30,-13,-3,-1,4,3,29,-19,-31,-15,-1,0,-16,-29,19,-1,-36,-20,0,-2,-13,-25,10,24,-35,-20,-2,-1,-10,6,20,30,9,11,-5,-1,-7,31,21,21,37,82,125,1
0,-8,-26,-56,12,-16,-10,-3,-2,-15,-47,12,-11,-33,-12,-3,-1,-18,0,9,-27,-15,17,-3,-1,12,19,-32,-35,30,37,-1,0,12,32,-16,3,30,-6,0,-2,35,34,33,32,12,-20,-2,-1,-10,-15,-44,12,-11,-18,-5,-1,-7,-26,-61,6,-24,-12,-5,4
0,-8,9,24,-5,-21,-10,-3,-2,-8,20,0,9,15,-12,-3,-1,-4,26,-20,-4,31,2,-3,-1,-11,27,-11,-15,35,24,-1,0,-16,-2,26,19,30,41,0,-2,-13,-25,-27,-29,16,42,-2,-1,-10,-19,-30,-16,29,6,-5,-1,-7,12,21,11,-4,-12,-5,9
0,-8,-21,1,12,-12,-10,-3,-2,-8,11,-6,-6,18,-12,-3,-1,29,4,-29,-24,31,17,-3,-1,42,-12,-36,-31,30,-15,-1,0,12,17,-35,-42,26,-20,0,-2,-13,30,-23,-25,29,-20,-2,-1,-10,-2,2,-11,17,-18,-5,-1,-7,-22,5,21,1,-12,-5,0
0,-8,-1,1,23,39,5,-3,-2,30,20,-18,-1,26,15,-3,-1,2,17,-16,-24,24,17,-3,-1,-19,3,29,20,22,-9,-1,0,-16,-6,23,19,5,-20,0,-2,-13,30,-16,-22,29,-3,-2,-1,-10,36,-7,-38,21,1,-5,-1,-7,-7,16,21,17,0,-5,8
0,-8,-26,7,1,-25,-10,-3,-2,-15,-20,24,-16,-33,-12,-3,-1,-18,21,33,-24,-27,17,-3,-1,27,27,5,-3,30,77,-1,0,46,32,26,23,30,8,0,-2,3,4,18,32,3,-20,-2,-1,-10,-32,16,30,-35,-18,-5,-1,-7,-26,10,16,-24,-12,-5,4
0,-8,-6,7,23,35,-10,-3,-2,-15,11,-12,4,26,-12,-3,-1,-18,-42,-29,8,12,-13,-3,-1,-19,-32,-11,16,35,37,-1,0,-16,13,26,19,-3,14,0,-2,-13,-18,14,9,-35,-20,-2,-1,-10,-28,20,-16,-35,-18,-5,-1,-7,-2,21,-48,-28,-12,-5,7
0,-8,-11,7,6,-21,-10,-3,-2,-15,-2,18,29,-5,-12,-3,-1,-18,-21,-16,31,8,-13,-3,-1,-19,-36,-36,24,30,-9,-1,0,-2,-2,-35,-26,30,35,0,-2,27,23,-27,-29,25,31,-2,-1,-10,27,6,-2,29,21,-5,-1,-7,-12,-1,6,5,-12,-5,3
0,-8,-26,-61,-5,26,-10,-3,-2,-15,-47,-18,14,-29,-12,-3,-1,-18,-8,33,-16,-30,-13,-3,-1,-4,27,-11,-35,-10,-2,-1,0,67,21,-4,11,30,41,0,-2,114,34,21,13,33,14,-2,-1,30,-15,-44,7,21,-18,-5,-1,-7,-26,-61,21,21,-12,-5,4
0,-8,4,24,23,43,63,-3,-2,-15,11,18,-6,-9,-12,-3,-1,23,26,-12,-27,-30,-13,-3,-1,73,23,-20,-31,-31,-15,-1,0,39,32,26,23,26,-13,0,-2,-13,-3,3,5,33,3,-2,-1,-10,-28,-30,17,25,-13,-5,-1,-7,7,21,16,-16,-12,-5,5
0,-8,-26,-50,18,5,-10,-3,-2,-15,-47,6,19,-21,-12,-3,-1,-18,-17,33,-20,-7,32,-3,-1,-4,23,-20,-39,30,37,-1,0,39,17,-35,-26,30,-13,0,-2,74,26,18,32,8,-20,-2,-1,17,2,-12,26,-19,-18,-5,-1,-7,-26,-50,21,-20,-12,-5,4
0,-8,25,24,23,9,-10,-3,-2,23,25,-36,-16,22,-12,-3,-1,2,26,-16,23,4,-13,-3,-1,-19,15,25,-3,-31,-15,-1,0,-16,9,26,-38,-36,-20,0,-2,-13,34,29,-6,-35,-20,-2,-1,4,32,11,7,-35,-18,-5,-1,-7,-2,21,-9,-28,-12,-5,8
0,-8,25,7,-55,-25,-10,-3,-2,-15,7,24,-1,-33,-12,-3,-1,-18,-13,29,35,-30,-13,-3,-1,-19,-36,-28,24,-27,-15,-1,0,-16,-29,-27,23,-32,-20,0,-2,-13,-11,3,28,-35,-20,-2,-1,-10,36,29,30,17,35,-5,-1,-7,12,10,-18,17,70,10,2
0,70,50,18,-49,-25,-10,-3,-2,45,16,0,-1,-33,-12,-3,-1,16,4,-4,27,-30,-13,-3,-1,-19,-36,-7,16,-31,-15,-1,0,-16,-29,3,7,-36,-20,0,-2,-13,-25,29,5,-35,-20,-2,-1,4,15,29,12,-3,6,-5,-1,121,50,21,21,37,82,-5,2
0,-8,4,12,23,22,-10,-3,-2,30,16,-30,-31,30,15,-3,-1,29,-13,-29,-8,31,2,-3,-1,-19,-36,21,24,-10,-15,-1,0,-16,-29,-20,11,10,-20,0,-2,-13,-25,-27,-29,12,26,-2,-1,-10,-32,-35,-25,5,40,-5,-1,-7,17,21,21,17,6,-5,3
0,-8,-26,-27,6,18,-10,-3,-2,-15,-2,6,-26,18,-12,-3,-1,29,9,-29,4,0,-13,-3,-1,27,-12,-24,20,-27,-15,-1,0,-16,-29,-27,11,1,-20,0,-2,-13,-25,-27,-29,12,20,-2,-1,-10,-11,-3,-38,-27,40,-5,-1,-7,-26,-17,16,37,41,-5,3
0,18,30,24,18,26,12,-3,-2,-8,11,24,29,15,-12,-3,-1,-4,26,37,35,0,-13,-3,-1,-19,27,29,24,-22,-15,-1,0,39,32,26,15,-36,-20,0,-2,43,34,33,5,-35,-20,-2,-1,4,23,29,17,-31,-18,-5,-1,-7,12,21,1,-28,-12,-5,1
0,-8,-26,-61,18,-16,-10,-3,-2,-15,-47,-42,24,-33,15,-3,-1,-18,-42,25,4,-27,107,127,-1,-19,-16,25,-31,-10,83,-1,0,18,28,26,23,30,35,0,-2,98,19,18,24,33,-8,-2,-1,-10,-32,-44,12,13,-18,-5,-1,-7,-26,-56,21,-8,-12,-5,4
0,-8,-26,-16,18,13,-10,-3,-2,-15,-11,18,-26,15,1,-3,-1,-18,21,33,-16,20,9,-3,-1,-19,7,29,24,22,-15,-1,0,12,32,3,19,-36,-20,0,-2,11,19,-27,1,-5,-20,-2,-1,-10,19,-7,3,9,-18,-5,-1,-7,-26,-17,6,-12,-12,-5,8
0,18,35,24,-38,-25,-10,-3,-2,38,20,12,4,-33,-12,-3,-1,36,13,13,19,-30,-13,-3,-1,-19,-32,13,8,-31,-15,-1,0,-16,-29,19,-6,-36,-20,0,-2,-13,-11,33,1,-18,-20,-2,-1,-10,23,29,30,29,26,-5,-1,44,50,5,-4,9,6,-5,2
0,-8,-26,1,18,1,-10,-3,-2,-15,-24,24,14,26,-12,-3,-1,-18,-34,37,35,16,-6,-3,-1,-19,-36,9,24,26,-9,-1,0,-16,-2,26,19,5,-20,0,-2,-5,34,3,-22,25,9,-2,-1,-10,19,2,-25,13,16,-5,-1,-7,-17,-6,21,25,6,-5,8
0,18,40,24,-27,-25,-10,-3,-2,23,25,0,24,-21,-12,-3,-1,-18,-4,-4,31,4,-13,-3,-1,-19,-36,-36,16,10,-15,-1,0,-16,-29,-35,15,10,-20,0,-2,-13,-25,3,32,-18,-14,-2,-1,-10,6,29,30,-11,60,122,-1,-7,12,-1,6,37,82,127,2
0,-8,20,18,12,-16,-10,-3,-2,-15,-7,-54,-6,-1,-12,-3,-1,-18,-42,-29,-4,8,-13,-3,-1,-19,-36,5,20,-22,-15,-1,0,-16,-22,3,3,26,-6,0,-2,11,-22,-27,-29,25,3,-2,-1,123,23,-12,-34,13,1,-5,-1,-7,7,10,21,13,-12,-5,3
0,-8,-16,7,23,43,41,-3,-2,-15,7,18,9,30,56,-3,-1,-18,26,9,-27,24,32,-3,-1,-19,-24,-36,-23,35,-9,-1,0,-16,-29,3,15,30,21,0,-2,-13,-14,33,32,12,-8,-2,-1,-10,-32,-3,21,-35,-18,-5,-1,-7,-17,16,-28,-28,-12,-5,7
0,-8,4,7,-10,-12,-10,-3,-2,23,20,-6,29,11,-12,-3,-1,-4,-17,-29,35,16,-13,-3,-1,-19,-36,-36,24,18,-15,-1,0,-16,-29,-8,23,-11,-20,0,-2,-13,-7,29,9,-35,-20,-2,-1,-10,15,29,-6,-19,-18,-5,-1,-7,12,10,6,21,11,-5,2
0,70,50,7,1,9,-2,-3,-2,15,25,12,9,15,1,-3,-1,-18,26,-12,-27,-30,-13,-3,-1,-19,11,1,-39,-31,-15,-1,0,-16,-2,26,-30,-36,-20,0,-2,-13,-25,25,1,-35,-20,-2,-1,-10,-11,25,3,-35,-18,-5,-1,44,45,21,-48,-28,-12,-5,5
0,-8,-26,-56,6,30,-10,-3,-2,-15,-47,0,-1,30,-12,-3,-1,-18,-13,25,4,12,-13,-3,-1,-19,-16,29,24,-14,-15,-1,0,-16,-18,26,23,-19,-20,0,-2,3,26,6,-3,20,-14,-2,-1,4,15,-7,-29,1,21,-5,-1,-7,-26,-39,-9,33,82,-5,8
0,-8,-1,-10,-5,30,77,-3,-2,0,16,-24,-11,18,56,-3,-1,-11,-17,-29,-12,20,-13,-3,-1,-19,-36,-32,20,-22,-15,-1,0,-16,-29,7,19,-3,-13,0,-2,3,30,29,1,-5,-20,-2,-1,4,6,11,-43,-35,-18,-5,-1,-7,7,-6,-57,-28,-12,-5,7
0,-8,4,-22,18,30,-2,-3,-2,-8,25,24,4,26,15,-3,-1,-18,21,9,4,28,2,-3,-1,-19,3,29,24,10,-15,-1,0,-16,21,26,-1,-36,-20,0,-2,19,30,10,16,-35,-20,-2,-1,17,32,-21,26,-35,-18,-5,-1,-7,12,21,-9,-28,-12,-5,8
0,-8,-26,-67,6,26,-10,-3,-2,-15,-47,-12,29,22,-12,-3,-1,-11,9,37,35,12,-13,-3,-1,65,27,13,24,2,-15,-1,0,25,-14,-8,23,-11,-20,0,-2,-13,-25,-5,32,-14,-20,-2,-1,-10,-32,-26,30,-3,-18,-5,-1,-7,-26,-67,16,17,-12,-5,1
0,-8,-26,-39,-16,-25,-10,-3,-2,-15,-38,12,19,-25,-12,-3,-1,-18,-17,29,15,16,-13,-3,-1,4,23,-24,4,10,-15,-1,0,39,13,-35,11,5,-6,0,-2,67,34,33,32,29,-3,-2,-1,-10,-15,2,26,-35,-18,-5,-1,-7,-26,-23,-14,-28,-12,-5,4
0,-8,-21,-10,23,43,-2,-3,-2,-15,-7,24,14,30,-6,-3,-1,-18,-42,-29,-8,12,-13,-3,-1,-19,-36,-24,8,18,18,-1,0,-16,-2,26,23,5,8,0,-2,-13,-14,14,20,-35,-20,-2,-1,-10,-32,6,-20,-35,-18,-5,-1,-7,-26,16,-57,-28,-12,-5,7
0,-8,9,7,23,22,-10,-3,-2,8,25,-42,-31,22,1,-3,-1,36,4,-25,-12,28,2,-3,-1,4,11,21,24,2,-15,-1,0,-16,1,26,19,-32,-20,0,-2,-5,30,-9,13,16,-20,-2,-1,30,36,-21,-11,29,-13,-5,-1,-7,-2,10,21,33,0,-5,8
0,-8,-16,7,23,43,106,127,-2,-15,-7,18,-11,3,96,127,-1,-18,0,13,-27,-7,92,52,-1,-11,27,-16,-35,35,11,-1,0,-16,-14,-35,-6,18,-20,0,-2,-13,-25,-12,28,-31,-20,-2,-1,-10,-32,20,3,-35,-18,-5,-1,-7,-12,16,-38,-28,-12,-5,7
0,-8,20,7,-27,-25,-10,-3,-2,-15,7,24,29,-25,-12,-3,-1,-18,9,25,35,-7,-13,-3,-1,-19,-12,29,24,26,-15,-1,0,-16,-29,-35,-34,30,1,0,-2,-13,-25,-27,-29,3,37,-2,-1,-10,-19,-12,12,21,60,46,-1,-7,7,-1,1,21,53,-5,9
0,-8,-26,-5,-27,-25,-10,-3,-2,-15,-11,18,-16,-33,-12,-3,-1,-18,13,4,-27,-30,-13,-3,-1,-19,27,21,-7,-27,-15,-1,0,18,32,3,-1,22,-13,0,-2,3,30,-16,-29,16,20,-2,-1,-10,10,16,-38,5,35,-5,-1,-7,-26,-12,21,33,17,-5,6
0,-8,9,24,-38,-25,-10,-3,-2,-15,25,24,4,-33,-12,-3,-1,-18,0,25,35,-27,-13,-3,-1,-19,-36,17,20,-31,-15,-1,0,-16,-29,19,11,-36,-20,0,-2,-13,19,33,-6,-18,26,79,-1,-10,27,29,30,29,60,96,-1,-7,7,21,16,1,6,-5,2
0,-8,-21,18,18,-16,-10,-3,-2,-15,-33,0,29,-9,-12,-3,-1,-18,-42,-12,35,-15,-13,-3,-1,-19,-24,-3,24,-14,-15,-1,0,53,32,26,23,30,35,0,-2,51,15,25,24,-14,-14,-2,-1,-10,-32,25,-16,-35,-18,-5,-1,-7,-22,16,-48,-28,-12,-5,7
0,-8,-26,-67,-5,39,-2,-3,-2,-15,-47,-36,29,30,1,-3,-1,2,13,37,35,31,-13,-3,-1,50,27,13,24,26,-15,-1,0,-9,-18,-35,23,18,-20,0,-2,-13,-25,-27,24,20,-20,-2,-1,-10,-32,-44,12,29,6,-5,-1,-7,-26,-67,-18,37,29,-5,1
0,-8,20,24,-27,-25,-10,-3,-2,-15,16,6,29,-25,-12,-3,-1,-18,-13,9,31,0,-13,-3,-1,-19,-36,-32,12,6,-15,-1,0,-16,-29,-35,15,-7,-20,0,-2,-13,-25,-12,32,-14,-20,-2,-1,-10,-2,29,30,-3,11,-5,-1,-7,17,16,1,37,82,125,2
0,-8,-26,-67,1,22,-2,-3,-2,-15,-47,-65,29,30,35,-3,-1,-18,-38,29,35,31,39,-3,-1,-11,19,29,16,35,37,-1,0,18,17,-23,-10,30,28,0,-2,-13,-25,-27,1,33,3,-2,-1,-10,-32,-44,-6,29,-13,-5,-1,-7,-26,-67,-4,21,-12,-5,1
0,-8,25,24,23,-8,-10,-3,-2,53,25,-6,19,-1,-12,-3,-1,69,-8,-29,27,-7,-13,-3,-1,-19,-36,-32,24,-14,-15,-1,0,-16,-29,-4,11,-36,-20,0,-2,-13,-22,25,-3,-35,-20,-2,-1,-10,19,29,-2,13,11,-5,-1,19,40,21,21,37,70,-5,2
0,-8,-26,-50,6,-21,-10,-3,-2,-15,-47,-24,29,-21,-12,-3,-1,-18,-38,33,35,-15,-13,-3,-1,-19,-5,29,24,-27,-15,-1,0,-2,32,19,23,-15,-13,0,-2,74,34,33,32,33,37,-2,-1,57,2,6,30,-19,-13,-5,-1,-7,-26,-56,21,-20,-12,-5,4
0,-8,-26,-5,12,-25,-10,-3,-2,-15,-2,24,-31,-33,-12,-3,-1,-11,21,17,-27,-30,-13,-3,-1,4,27,13,-7,-22,-15,-1,0,32,32,26,7,22,1,0,-2,19,34,3,-29,8,31,-2,-1,4,19,25,-2,21,30,-5,-1,-7,-17,-12,6,17,-6,-5,6
0,-8,-26,-67,1,9,-10,-3,-2,-15,-47,-54,29,30,-12,-3,-1,-18,-38,25,35,12,-13,-3,-1,4,23,29,24,2,-15,-1,0,-16,-18,-8,23,-3,-20,0,-2,-13,-25,-12,32,-1,-20,-2,-1,-10,-32,-26,30,21,-18,-5,-1,-7,-26,-67,11,33,17,-5,1
0,-8,-21,7,23,18,-10,-3,-2,-8,11,18,-11,30,8,-3,-1,36,21,-16,-12,28,-13,-3,-1,-11,-24,-36,8,2,-15,-1,0,-16,-29,-20,15,-32,-20,0,-2,-13,-25,14,1,-35,3,-2,-1,-10,-28,29,-6,17,26,-5,-1,-7,-26,10,21,17,-12,-5,2
0,44,25,24,23,-16,-10,-3,-2,60,20,-18,29,-17,-12,-3,-1,16,-29,-4,35,-23,-13,-3,-1,-19,-28,25,24,-10,-15,-1,0,-16,-25,3,15,30,1,0,-2,-13,-7,-23,-29,20,37,-2,-1,-10,36,16,3,25,35,-5,-1,-7,26,21,21,25,6,-5,3
0,-8,-1,24,18,-12,-10,-3,-2,-15,11,18,19,-5,-12,-3,-1,-18,13,-12,23,0,-13,-3,-1,-19,-36,-36,24,-10,-15,-1,0,-16,-29,-8,23,-36,-20,0,-2,-13,-3,29,5,-35,-20,-2,-1,17,36,29,30,1,45,71,-1,-7,-2,-56,-14,37,70,39,2
0,-8,-1,1,-16,-21,-10,-3,-2,-15,25,-18,24,3,-12,-3,-1,-4,17,-25,11,16,-13,-3,-1,-19,-1,21,24,14,-15,-1,0,-16,-18,23,23,1,-20,0,-2,-13,19,10,-18,20,-14,-2,-1,-10,15,-7,-20,29,-4,-5,-1,-7,-7,-12,-18,-16,-12,-5,8
0,-8,14,18,-16,-25,-10,-3,-2,-8,25,-12,29,3,-12,-3,-1,-4,-17,-20,35,31,-6,-3,-1,4,-1,1,24,26,-15,-1,0,-16,-2,-16,7,-15,-20,0,-2,-13,-25,-27,-3,16,-14,-2,-1,-10,-32,-44,-34,29,1,-5,-1,-7,17,5,1,13,-6,-5,9
0,-8,14,7,12,-4,-10,-3,-2,23,11,-48,4,3,-12,-3,-1,9,13,-25,19,24,-13,-3,-1,-19,-5,21,4,18,11,-1,0,-16,-29,-35,-42,-7,35,0,-2,-13,-25,-27,-29,-18,26,-2,-1,-10,-24,-35,-43,9,16,-5,-1,-7,12,21,21,25,0,-5,9
0,44,55,24,23,26,-10,-3,-2,-8,-7,-42,9,30,1,-3,-1,-18,-42,-4,31,24,2,-3,-1,-19,-32,29,24,-27,-15,-1,0,-16,-29,11,23,-32,-20,0,-2,-13,-25,-5,32,-9,-20,-2,-1,-10,-32,11,30,-15,-18,-5,-1,19,50,21,6,-24,-12,-5,3
0,-8,-26,-61,6,9,-10,-3,-2,-15,-47,-18,24,-21,-12,-3,-1,-18,-34,37,8,-23,-6,-3,-1,-4,19,17,-35,35,24,-1,0,60,32,-12,-10,30,1,0,127,114,34,33,32,20,-20,-2,-1,83,19,16,30,5,-18,-5,-1,-7,-26,-67,16,1,-12,-5,4
0,-8,-6,24,-60,-25,-10,-3,-2,-15,7,6,-51,-29,-6,-3,-1,2,26,4,-8,31,32,-3,-1,50,27,-11,16,35,-2,-1,0,60,32,26,23,1,-20,0,-2,-13,12,29,28,-26,-20,-2,-1,-10,-19,29,-2,-35,-18,-5,-1,-7,-2,21,-43,-28,-12,-5,4
0,-8,-26,-33,6,5,-10,-3,-2,-15,-2,6,-21,26,-12,-3,-1,-18,9,4,-12,16,-13,-3,-1,-19,-36,-32,20,-18,-15,-1,0,-16,-29,3,19,-27,-20,0,-2,-13,-25,-23,-10,29,-8,-2,-1,-10,27,2,-34,-15,35,-5,-1,-7,-17,-28,6,33,35,-5,3
0,96,50,24,6,-21,-10,-3,-2,53,16,-12,29,-9,-12,-3,-1,-11,-38,-4,35,-23,-13,-3,-1,-19,-36,-3,16,-27,-15,-1,0,-16,-10,26,-22,-36,-20,0,-2,-13,23,25,-29,-35,-20,-2,-1,57,36,-3,-6,-3,30,-5,-1,95,45,21,21,37,41,-5,2
0,-8,-26,-67,-49,35,12,-3,-2,-15,-47,-65,19,30,22,-3,-1,-11,-4,33,35,31,17,-3,-1,12,11,-7,-27,35,11,-1,0,-16,-29,-35,-26,30,8,0,-2,-13,-25,-27,-14,33,3,-2,-1,-10,-32,-44,-16,29,1,-5,-1,-7,-26,-67,-33,37,11,-5,1
0,-8,-26,-22,-10,-25,-10,-3,-2,-15,-33,18,-26,-33,-12,-3,-1,-18,-13,25,-27,-30,-13,-3,-1,-19,-8,21,-19,-27,-15,-1,0,-16,-6,26,23,30,1,0,-2,-13,-3,33,-3,20,26,-2,-1,-10,-24,25,-11,25,16,-5,-1,-7,-26,-28,16,21,-12,-5,6
0,-8,-26,-27,12,43,34,-3,-2,-15,-2,24,9,26,49,-3,-1,-18,-8,-16,-20,31,39,-3,-1,-19,-32,-3,12,35,77,-1,0,-2,21,26,23,14,-13,0,-2,35,19,-5,32,-22,-20,-2,-1,-10,-32,-21,17,-35,-18,-5,-1,-7,-26,-17,-28,-28,-12,-5,7
0,-8,-26,-27,6,-25,-10,-3,-2,-15,-47,12,-21,-33,-12,-3,-1,-18,0,13,-20,-7,-13,-3,-1,4,27,-24,-3,22,-2,-1,0,60,17,-12,15,30,48,0,-2,74,34,33,32,8,-3,-2,-1,17,2,2,30,-31,-18,-5,-1,-7,-26,-17,6,-28,-12,-5,4
0,-8,-21,18,-5,-21,-10,-3,-2,-15,-38,24,29,-5,-12,-3,-1,-18,-17,37,35,-11,-13,-3,-1,-19,-5,29,24,-14,-15,-1,0,-16,5,26,11,-36,-20,0,-2,-13,15,33,20,-35,-20,-2,-1,-10,15,29,7,-35,-18,-5,-1,-7,-22,10,21,-16,-12,-5,1
0,-8,4,24,23,5,-10,-3,-2,45,25,6,-1,30,-12,-3,-1,23,-4,-29,-4,28,-13,-3,-1,-19,-36,-36,12,6,-15,-1,0,-16,-29,-12,23,-32,-20,0,-2,-13,-22,29,1,-22,9,-2,-1,-10,2,29,7,29,26,-5,-1,-7,-2,21,21,1,-12,-5,2
0,44,4,-10,1,-21,-10,-3,-2,90,11,-12,-26,-29,-12,-3,-1,49,-17,-29,-27,-30,-13,-3,-1,57,15,13,8,-10,-15,-1,0,-2,1,-16,-14,22,35,0,-2,-13,-25,-27,-29,-14,48,-2,-1,-10,-24,-35,-38,5,30,-5,-1,-7,-2,21,21,29,-6,-5,5
0,-8,35,18,-49,-25,-10,-3,-2,30,20,0,19,-33,-12,-3,-1,29,-21,-25,35,-23,-13,-3,-1,-19,-36,-36,4,-2,-15,-1,0,-16,-29,-27,19,-23,-20,0,-2,-13,-25,3,24,-31,-20,-2,-1,-10,19,29,12,-3,6,-5,-1,-7,17,-23,6,33,29,-5,2
0,-8,-26,-67,-33,43,41,-3,-2,-8,-24,-6,29,30,42,-3,-1,56,26,37,23,31,47,-3,-1,4,-8,-32,-23,35,37,-1,0,-16,-29,-35,-22,30,35,0,-2,-13,-25,-27,-10,33,20,-2,-1,-10,-32,-44,-11,29,26,-5,-1,-7,-26,-67,-18,37,35,-5,1
0,96,55,24,23,43,27,-3,-2,68,25,-24,-26,-1,8,-3,-1,49,26,-20,-27,-30,-13,-3,-1,4,27,-11,-39,-31,-15,-1,0,-16,32,0,-42,-36,-20,0,-2,-13,19,33,-22,-35,-20,-2,-1,-10,-7,29,7,-35,-18,-5,-1,95,50,-1,-53,-28,-12,-5,5
0,-8,20,24,23,43,63,-3,-2,15,25,12,-11,11,62,-3,-1,56,26,0,-27,-30,-13,-3,-1,19,23,29,-15,-31,-15,-1,0,-16,-25,19,19,-36,-20,0,-2,-13,-25,3,32,-35,-20,-2,-1,-10,6,16,21,-35,-18,-5,-1,-7,31,21,-23,-28,-12,-5,5
0,-8,-1,12,18,-16,-10,-3,-2,30,25,-12,24,-1,-12,-3,-1,-11,-25,-29,4,0,-13,-3,-1,-19,-32,-7,24,35,37,-1,0,-16,21,26,23,-19,-20,0,-2,-13,-3,10,5,-35,-20,-2,-1,-10,-32,16,-25,-35,-18,-5,-1,-7,-2,16,-48,-28,-12,-5,7
0,-8,9,24,18,-8,-10,-3,-2,-15,-33,6,-31,-25,-12,-3,-1,-18,-4,9,-27,-30,-13,-3,-1,-19,19,-7,-39,-31,-15,-1,0,-16,21,26,11,-27,-20,0,-2,-13,-25,-12,13,-1,-20,-2,-1,-10,-32,-40,17,-11,-18,-5,-1,-7,2,21,11,-28,-12,-5,5
0,-8,-6,24,23,13,-10,-3,-2,-15,-42,-18,-1,30,-6,-3,-1,-18,-42,-8,31,31,-6,-3,-1,-19,-36,5,24,-10,-15,-1,0,-16,-29,-27,23,-11,-20,0,-2,-13,-25,-27,9,8,-20,-2,-1,-10,15,-7,12,21,-13,-5,-1,-7,-2,5,21,33,-12,-5,3
0,44,20,18,12,13,12,-3,-2,15,11,-24,-6,30,42,-3,-1,-18,-42,-4,27,28,9,-3,-1,-19,-36,9,16,-22,-15,-1,0,-16,-29,-27,19,10,-20,0,-2,-13,-25,-27,-22,29,3,-2,-1,4,-11,-17,17,29,11,-5,-1,44,31,-1,6,17,-12,-5,3
0,-8,-21,-16,23,43,106,21,-2,-15,-11,18,-1,22,76,-3,-1,-18,17,-4,-27,24,32,-3,-1,-19,-12,-28,-15,35,5,-1,0,-16,-29,11,23,30,48,0,-2,-13,-25,-5,32,-1,-20,-2,-1,-10,-32,-12,17,-35,-18,-5,-1,-7,-26,10,-28,-28,-12,-5,7
0,-8,-6,1,23,43,19,-3,-2,-15,-7,-30,-31,22,69,-3,-1,-18,-42,-29,-27,12,92,-3,-1,-19,-36,-36,-27,35,24,-1,0,-16,-29,-31,11,-11,-20,0,-2,-13,-22,18,1,-35,-20,-2,-1,-10,-7,29,-2,-15,-18,-5,-1,-7,-12,-1,6,9,-12,-5,2
0,-8,-26,-27,18,-25,-10,-3,-2,-15,-20,18,-11,-33,-12,-3,-1,-18,13,9,-27,-30,-13,-3,-1,-4,27,-16,-23,-27,-15,-1,0,18,32,26,23,14,1,0,-2,-5,30,-12,-25,-1,48,-2,-1,-10,2,20,-20,-15,55,-5,-1,-7,-26,-34,21,37,53,-5,6
0,70,55,24,23,-16,-10,-3,-2,15,16,-12,-26,-33,-12,-3,-1,23,26,37,11,-19,-13,-3,-1,12,23,13,16,22,-15,-1,0,-16,-22,-35,-38,26,35,0,-2,-13,-25,-27,-29,-1,54,-2,-1,30,36,2,-11,1,60,-5,-1,70,36,16,21,37,35,-5,5
0,-8,-6,1,6,-21,-10,-3,-2,-15,-29,24,29,-13,-12,-3,-1,-18,-4,37,11,-30,-13,-3,-1,42,27,29,4,-14,-15,-1,0,-16,-14,-4,23,30,28,0,-2,-13,-25,-27,-22,25,59,-2,-1,-10,-32,-26,26,29,35,-5,-1,-7,-2,21,11,5,-12,-5,3
0,-8,-26,-16,23,13,-10,-3,-2,-15,-33,18,-26,30,-12,-3,-1,-18,-13,21,0,16,-13,-3,-1,-19,-32,29,24,-10,-15,-1,0,-16,-22,26,15,-32,-20,0,-2,11,34,3,5,12,-20,-2,-1,-10,19,16,-25,13,21,-5,-1,-7,-26,-23,11,37,70,-5,8
0,-8,-6,1,-10,-21,-10,-3,-2,8,25,6,24,7,-12,-3,-1,16,26,-20,-24,24,9,-3,-1,42,15,-36,-39,10,37,-1,0,39,17,-35,-42,-3,35,0,-2,51,26,-27,-29,12,26,-2,-1,30,36,20,17,29,-9,-5,-1,-7,12,21,6,-8,-12,-5,0
0,123,55,24,23,22,-2,-3,-2,15,25,18,-1,-1,-6,-3,-1,9,26,21,-27,-30,-13,-3,-1,-11,15,29,-19,-31,-15,-1,0,-16,-6,26,11,-36,-20,0,-2,-13,-25,10,32,-18,-20,-2,-1,-10,-15,16,30,-27,-18,-5,-1,44,45,21,-14,-28,-12,-5,5
0,-8,-11,-5,18,30,5,-3,-2,0,20,-6,-11,22,35,-3,-1,36,17,-29,-20,20,2,-3,-1,4,15,29,24,30,-9,-1,0,-16,-29,-35,15,-15,-20,0,-2,-13,-25,-1,24,-35,-20,-2,-1,-10,-28,25,-25,-35,-18,-5,-1,-7,-17,21,-53,-28,-12,-5,9
0,-8,9,24,23,-4,-10,-3,-2,-8,20,-6,19,11,-12,-3,-1,-18,-42,-29,19,0,-13,-3,-1,-19,-24,-3,16,18,18,-1,0,-16,24,26,23,5,14,0,-2,-13,-18,3,24,-35,-20,-2,-1,-10,-28,25,-6,-35,-18,-5,-1,-7,12,10,-53,-28,-12,-5,7
0,-8,14,24,23,43,12,-3,-2,-15,-20,-24,-11,26,56,-3,-1,-18,-42,-29,0,31,24,-3,-1,-19,-32,5,24,6,-15,-1,0,-16,-29,23,23,14,-20,0,-2,-13,-25,-23,20,33,9,-2,-1,-10,-2,-7,7,29,-9,-5,-1,-7,2,21,21,17,-12,-5,3
0,-8,-11,18,23,43,77,-3,-2,-15,7,0,-16,30,28,-3,-1,9,9,-29,8,20,-13,-3,-1,-19,-32,-32,12,-2,-15,-1,0,-16,1,15,23,30,21,0,-2,-13,19,29,16,-9,-14,-2,-1,-10,-32,25,-20,-35,-18,-5,-1,-7,-12,21,-48,-28,-12,-5,7
0,-8,-26,-33,12,-21,-10,-3,-2,-15,-38,24,-1,-33,-12,-3,-1,-18,4,33,-20,-30,-13,-3,-1,-19,15,17,-7,-10,-15,-1,0,-2,32,19,7,30,1,0,-2,-5,34,14,-29,-14,48,-2,-1,-10,15,25,-20,13,40,-5,-1,-7,-26,-17,16,29,23,-5,6
0,-8,30,18,18,43,56,-3,-2,15,25,12,-11,3,8,-3,-1,9,9,-29,-27,-30,-13,-3,-1,27,27,25,-27,-31,-15,-1,0,5,13,7,7,-36,-20,0,-2,-13,-25,-20,32,-35,-20,-2,-1,17,19,-3,30,-35,-18,-5,-1,-7,26,21,-18,-28,-12,-5,5
0,-8,14,24,18,1,-10,-3,-2,23,16,-48,-31,26,-12,-3,-1,23,13,-29,-24,28,2,-3,-1,-11,7,9,12,10,-15,-1,0,-16,-25,26,23,-23,-20,0,-2,-13,19,6,-10,20,-8,-2,-1,-10,36,-35,-38,17,21,-5,-1,-7,12,16,21,29,-6,-5,8
0,-8,-1,18,6,26,19,-3,-2,-15,2,24,29,22,-12,-3,-1,-18,26,37,35,0,-13,-3,-1,12,27,29,20,-18,-15,-1,0,-2,32,26,-10,-36,-20,0,-2,-13,34,29,-18,-35,-20,-2,-1,-10,10,29,-25,-35,-18,-5,-1,-7,12,16,-43,-28,-12,-5,1
0,-8,-11,7,-27,-25,-10,-3,-2,8,20,-24,19,-33,-12,-3,-1,49,-8,-25,27,-30,-13,-3,-1,42,7,-16,12,-31,-15,-1,0,-16,-29,-16,7,-36,-20,0,-2,-13,-25,3,1,-35,-20,-2,-1,-10,-28,11,3,-7,6,46,-1,-7,-17,10,11,21,70,96,2
0,-8,-26,12,-5,-25,-10,-3,-2,-15,-47,0,29,-25,-12,-3,-1,-18,-42,21,35,-23,-13,-3,-1,-19,-36,25,24,-27,-15,-1,0,-16,-29,26,23,-32,-20,0,-2,-13,-14,33,28,-35,-20,-2,-1,-10,-15,29,21,-35,-18,-5,-1,-7,-22,10,21,-12,-12,-5,1
0,-8,-16,7,-21,1,-10,-3,-2,-15,-15,12,19,30,-12,-3,-1,-18,-13,9,-16,31,17,-3,-1,-19,-16,21,20,35,11,-1,0,-16,-29,-23,-34,18,14,0,-2,-13,-14,-27,-29,16,14,-2,-1,4,19,-17,-43,9,16,-5,-1,-7,-12,-1,21,37,-6,-5,9
0,-8,4,24,23,26,12,-3,-2,-15,11,0,-1,30,1,-3,-1,-11,26,-16,11,12,-13,-3,-1,-11,-8,-32,24,-18,-15,-1,0,-16,-29,-8,19,-19,-13,0,-2,-13,12,33,32,33,3,-2,-1,-10,-24,29,-6,-23,-18,-5,-1,-7,2,21,-43,-28,-12,-5,7
0,-8,20,18,-38,-25,-10,-3,-2,8,20,18,29,-17,-12,-3,-1,49,17,-29,8,24,-13,-3,-1,42,11,-36,-39,18,18,-1,0,39,1,-35,-42,5,35,0,-2,27,26,-27,-29,16,26,-2,-1,-10,36,-12,12,29,1,-5,-1,-7,17,21,16,1,-12,-5,0
0,-8,-11,1,-16,-25,-10,-3,-2,-15,7,0,4,18,-12,-3,-1,-4,21,-20,-27,16,24,-3,-1,12,-5,-36,-39,-6,37,-1,0,39,-2,-35,-42,-19,35,0,-2,43,0,-27,-29,3,20,-2,-1,30,23,-26,-11,29,-9,-5,-1,-7,2,21,16,-8,-12,-5,0
0,-8,-26,-56,6,-25,-10,-3,-2,-15,-47,-24,24,-33,-12,-3,-1,-18,-21,37,-8,-23,-13,-3,-1,-19,23,13,-35,35,11,-1,0,12,32,-27,-6,30,35,0,-2,-13,12,25,32,33,3,-2,-1,-10,-32,-44,17,-3,-18,-5,-1,-7,-26,-67,6,-4,-12,-5,4
0,-8,-26,12,-21,-25,-10,-3,-2,-15,-33,24,-36,-33,-12,-3,-1,-18,9,9,8,-3,-13,-3,-1,27,23,-32,16,14,24,-1,0,74,24,-4,23,30,28,0,-2,51,34,33,32,-22,-20,-2,-1,-10,-28,6,21,-35,-18,-5,-1,-7,-26,10,11,-28,-12,-5,4
0,-8,-26,-33,-5,-25,-10,-3,-2,-15,-47,18,-1,-33,-12,-3,-1,-18,-13,33,-20,-30,-13,-3,-1,-19,27,-11,-39,-31,-15,-1,0,5,32,-8,-22,-15,-20,0,-2,3,34,21,5,20,42,-2,-1,-10,2,16,-11,-15,55,71,-1,-7,-26,-39,-4,25,59,24,6
0,-8,30,-10,1,-8,-10,-3,-2,-15,7,6,-6,30,-6,-3,-1,-18,-13,25,15,31,-13,-3,-1,-19,-32,29,16,-14,-15,-1,0,-16,9,26,11,-36,-20,0,-2,-13,26,-1,16,-5,-20,-2,-1,43,27,-26,12,17,-18,-5,-1,19,26,10,1,-12,-12,-5,8
0,-8,40,24,-16,-8,-10,-3,-2,-15,20,-18,-6,26,-6,-3,-1,-18,4,9,23,12,-13,-3,-1,-19,-16,29,16,-27,-15,-1,0,-16,-2,26,-1,-36,-20,0,-2,-13,26,10,32,-26,-20,-2,-1,-10,36,-26,26,-7,-18,-5,-1,-7,26,21,21,-16,-12,-5,8
0,-8,30,1,-66,-25,-10,-3,-2,38,25,24,-26,-33,-12,-3,-1,16,13,37,4,-30,-13,-3,-1,-19,-32,29,-7,-31,-15,-1,0,-16,-2,26,-22,-36,-20,0,-2,-13,8,29,-25,-35,-20,-2,-1,-10,36,25,-2,-7,-9,-5,-1,-7,31,10,6,21,17,-5,2
0,-8,-26,-16,-21,-21,-10,-3,-2,-15,-24,24,29,-1,-12,-3,-1,9,26,33,-24,28,-13,-3,-1,27,27,13,-39,18,-9,-1,0,18,32,7,-42,10,21,0,-2,-5,30,3,-14,29,14,-2,-1,-10,-11,29,30,25,-18,-5,-1,-7,-26,-28,11,9,-12,-5,0
0,-8,-16,1,1,-21,-10,-3,-2,0,7,0,-21,11,-12,-3,-1,49,13,-29,-27,8,2,-3,-1,42,7,-36,-39,-6,24,-1,0,32,5,-35,-42,-19,41,0,-2,11,23,-27,-29,-1,48,-2,-1,-10,19,11,-2,29,16,-5,-1,-7,-22,-1,21,9,-6,-5,0
0,-8,30,18,1,-21,-10,-3,-2,-15,-15,24,29,-5,-12,-3,-1,-18,9,37,35,31,-6,-3,-1,-19,15,29,24,22,-2,-1,0,-16,24,26,23,-19,-20,0,-2,3,34,33,24,-35,-20,-2,-1,-10,27,29,21,-35,-18,-5,-1,-7,12,21,6,-24,-12,-5,1
0,-8,-1,7,-5,-21,-10,-3,-2,8,25,-6,-11,15,-12,-3,-1,16,26,-29,-27,20,9,-3,-1,19,15,-36,-39,-6,31,-1,0,32,9,-35,-42,-3,28,0,-2,19,23,-27,-25,25,9,-2,-1,4,32,-21,12,5,-18,-5,-1,-7,7,21,-9,-24,-12,-5,0
0,-8,-26,-39,12,-25,-10,-3,-2,-15,-47,6,19,15,-12,-3,-1,-18,-13,25,-4,20,-13,-3,-1,-4,27,-24,0,14,-15,-1,0,25,32,15,23,30,14,0,-2,3,4,6,32,12,-8,-2,-1,-10,-32,-30,30,-35,-18,-5,-1,-7,-26,-28,1,-28,-12,-5,4
0,-8,40,12,1,39,19,-3,-2,-15,25,-42,-26,30,22,-3,-1,-18,13,0,31,-15,-13,-3,-1,-19,7,29,-31,-31,-15,-1,0,-2,21,3,-18,-36,-20,0,-2,51,-7,-23,28,-35,-20,-2,-1,57,2,-40,30,-35,-18,-5,-1,19,21,21,-18,-28,-12,-5,8
0,-8,-6,1,23,26,-10,-3,-2,23,25,-24,-31,15,1,-3,-1,63,-17,-29,-27,20,17,-3,-1,27,27,17,24,35,31,-1,0,-16,-18,-20,-38,-3,35,0,-2,-13,-25,-27,-29,-18,48,-2,-1,-10,2,-3,-34,1,26,-5,-1,-7,-17,5,21,33,6,-5,9
0,-8,-6,12,18,1,-10,-3,-2,23,25,24,29,30,-12,-3,-1,16,26,37,35,31,9,-3,-1,-19,-28,-3,12,35,18,-1,0,-16,-29,-35,-10,30,21,0,-2,-13,-25,-27,-14,33,26,-2,-1,-10,-28,-17,17,29,11,-5,-1,-7,-7,5,16,9,-12,-5,9
0,-8,9,-22,6,43,99,21,-2,-15,-15,-30,-31,11,69,-3,-1,-18,-42,-29,4,20,-6,-3,-1,12,-5,-3,20,30,24,-1,0,-2,13,23,19,-19,-20,0,-2,-13,-25,33,-10,-35,-20,-2,-1,-10,6,25,-38,-35,-18,-5,-1,-7,36,-39,-57,-28,-12,-5,7
0,-8,-26,1,-10,-25,-10,-3,-2,-15,-29,18,-16,-33,-12,-3,-1,-18,21,-12,-27,-30,-13,-3,-1,-11,27,-7,-35,-31,-15,-1,0,12,32,19,23,18,-13,0,-2,-5,34,-27,-25,8,42,-2,-1,-10,27,-3,-38,-3,40,-5,-1,-7,-17,-12,21,37,17,-5,6
0,-8,-26,12,12,-21,-10,-3,-2,-15,-15,24,-1,-25,-12,-3,-1,-18,17,29,-24,-30,-13,-3,-1,-19,19,29,16,-14,-15,-1,0,-9,32,26,-10,30,-6,0,-2,-13,26,14,-29,20,31,-2,-1,-10,6,20,-16,29,16,-5,-1,-7,-26,10,21,29,-12,-5,6
0,-8,-16,12,12,-25,-10,-3,-2,-15,-42,18,29,-25,-12,-3,-1,-18,-42,29,35,-19,-13,-3,-1,-19,-36,5,24,-10,-15,-1,0,-16,-29,11,15,-32,-20,0,-2,-13,-25,21,20,-35,-20,-2,-1,-10,-28,29,7,-35,-18,-5,-1,-7,-17,16,1,-28,-12,-5,1
0,-8,-26,24,-27,-25,-10,-3,-2,-15,-20,24,-31,-33,-12,-3,-1,-18,4,33,-27,-30,-13,-3,-1,-19,11,13,-39,-31,-15,-1,0,-16,28,26,23,-3,-20,0,-2,-13,19,33,20,29,26,-2,-1,-10,19,29,-11,17,55,-5,-1,-7,-22,-6,21,33,41,-5,6
0,-8,-26,12,-38,-25,-10,-3,-2,-15,-24,24,-26,-33,-12,-3,-1,-18,13,21,-27,-27,9,-3,-1,12,27,-16,-35,30,57,-1,0,53,28,-20,11,30,1,0,-2,51,34,33,32,8,-20,-2,-1,17,15,11,26,-31,-18,-5,-1,-7,-26,21,-14,-28,-12,-5,4
0,-8,-16,12,6,-25,-10,-3,-2,-15,16,18,-36,-33,-12,-3,-1,23,26,-20,-24,-11,-13,-3,-1,57,15,-36,-19,35,-2,-1,0,32,32,0,7,30,55,0,-2,-13,-7,18,32,8,-8,-2,-1,-10,-32,11,12,-31,-18,-5,-1,-7,-26,21,-33,-28,-12,-5,4
0,-8,-26,-33,18,-21,-10,-3,-2,-15,-24,24,-1,-33,42,127,-1,-4,26,17,-27,4,107,127,-1,42,27,21,16,35,70,127,0,25,17,11,7,30,1,0,-2,-13,-25,-27,20,12,-20,-2,-1,-10,-32,-17,30,-15,-18,-5,-1,-7,-26,-12,11,-28,-12,-5,4
0,-8,-6,1,6,-4,-10,-3,-2,8,20,-24,-1,26,1,-3,-1,2,17,-20,-20,28,9,-3,-1,-19,3,29,24,-2,-15,-1,0,-16,-29,-8,11,26,1,0,-2,-13,-18,14,-25,16,9,-2,-1,-10,-2,-3,-38,21,-9,-5,-1,-7,-7,21,21,1,-12,-5,8
0,-8,9,1,6,-8,-10,-3,-2,-15,25,-36,-21,-25,-12,-3,-1,9,13,0,4,-23,-13,-3,-1,34,27,5,0,26,-9,-1,0,-2,-22,-35,-42,5,21,0,-2,-13,-25,-27,-29,-1,26,-2,-1,-10,15,-40,-43,5,21,-5,-1,-7,12,16,16,33,0,-5,5
0,-8,-1,18,6,-12,-10,-3,-2,-15,7,18,9,22,-12,-3,-1,-18,9,21,27,24,-13,-3,-1,-19,-24,29,16,-18,-15,-1,0,-16,5,19,19,-23,-20,0,-2,-5,30,-9,1,16,-14,-2,-1,-10,36,-26,-25,29,1,-5,-1,-7,-2,21,21,21,0,-5,8
0,18,35,7,6,-25,-10,-3,-2,15,2,-36,-36,-33,-12,-3,-1,29,4,4,-4,-27,-13,-3,-1,19,23,13,12,18,-15,-1,0,-16,-29,-35,-42,18,8,0,-2,-13,-25,-27,-29,-1,26,-2,-1,17,10,-7,-11,25,-4,-5,-1,19,36,21,1,-8,-12,-5,5
0,-8,-26,-33,12,-8,-10,-3,-2,-15,-29,6,-41,15,-12,-3,-1,-18,-8,-4,-27,16,-13,-3,-1,-19,-28,13,-15,26,-15,-1,0,-16,-25,11,23,1,-20,0,-2,-13,23,14,-6,12,-20,-2,-1,-10,6,6,-34,-7,21,-5,-1,-7,-26,-39,-9,33,64,-5,8
0,-8,-26,-67,6,-21,-10,-3,-2,-15,-47,-30,24,-21,-12,-3,-1,-18,-42,37,15,-23,-13,-3,-1,-19,-20,29,24,26,-9,-1,0,-16,-10,26,-10,-3,48,0,-2,-13,8,33,-14,-35,65,-2,-1,-10,-24,-3,7,17,50,-5,-1,-7,-26,-67,-9,37,47,-5,6
0,-8,40,24,6,-21,-10,-3,-2,30,25,-12,24,-13,-12,-3,-1,2,21,-29,15,4,-13,-3,-1,-19,-20,-36,8,2,-15,-1,0,-16,-29,-35,19,-3,-20,0,-2,-13,-25,3,32,-18,-20,-2,-1,-10,-11,29,30,17,30,21,-1,-7,36,21,21,37,82,125,2
0,70,40,24,6,-25,-10,-3,-2,53,11,-24,29,-13,-6,-3,-1,-18,-8,29,35,31,24,-3,-1,-19,-5,29,20,-22,-15,-1,0,-16,-22,26,-14,-36,-20,0,-2,-13,0,33,-14,-35,-20,-2,-1,-10,32,-3,-43,-35,-18,-5,-1,44,45,-50,-57,-28,-12,-5,7
0,-8,-16,-5,1,-21,-10,-3,-2,0,16,-18,-6,-1,-12,-3,-1,49,9,-29,23,-7,-13,-3,-1,27,-16,-28,12,-22,-15,-1,0,-16,-29,3,-6,-36,-20,0,-2,-13,-25,-23,9,3,-14,-2,-1,-10,-7,-12,-43,13,11,-5,-1,-7,-22,-1,21,37,17,-5,3
0,-8,4,7,1,-16,-10,-3,-2,-15,-15,-30,-1,15,-12,-3,-1,-18,-42,-25,19,4,-13,-3,-1,-19,-36,-7,24,-2,-15,-1,0,-16,-29,-35,-22,22,-13,0,-2,-5,0,-27,-29,-5,42,-2,-1,4,36,-26,-43,1,35,-5,-1,-7,-2,5,1,37,6,-5,3
0,-8,-26,1,-44,-25,-10,-3,-2,-15,-20,12,-46,-33,-12,-3,-1,-18,17,-20,-27,-30,-13,-3,-1,-4,19,-32,-23,-22,-15,-1,0,12,32,23,7,26,14,0,-2,11,34,-5,-29,-14,42,-2,-1,-10,6,6,-25,17,6,-5,-1,-7,-22,-6,21,9,-12,-5,6
0,-8,-21,-16,6,-21,-10,-3,-2,-8,7,12,-26,-33,-12,-3,-1,-4,26,-8,-27,-30,-13,-3,-1,19,23,-36,-27,-31,-15,-1,0,5,32,26,23,26,1,0,-2,3,34,14,-25,3,42,-2,-1,-10,15,16,-16,13,35,-5,-1,-7,-26,-34,21,33,0,-5,6
0,-8,-6,18,-60,-25,-10,-3,-2,-15,-7,-12,-51,-33,-12,-3,-1,-11,21,-20,-27,-30,-13,-3,-1,12,11,-36,-39,-31,-15,-1,0,39,24,0,-10,-11,-13,0,-2,43,26,-1,-10,16,26,-2,-1,17,36,-26,-38,13,11,-5,-1,-7,-2,10,21,17,-12,-5,6
0,-8,20,24,6,-21,-10,-3,-2,45,25,-24,4,-1,-12,-3,-1,56,0,-29,4,8,-13,-3,-1,-11,-16,-36,4,14,-15,-1,0,-16,-29,-35,11,1,-20,0,-2,-13,-25,-12,32,-26,-20,-2,-1,-10,-15,20,26,-7,1,21,-1,-7,12,21,21,37,82,127,2
0,-8,-6,12,12,-25,-10,-3,-2,23,25,24,29,-13,-6,-3,-1,43,13,-29,23,31,2,-3,-1,4,27,17,20,-10,-15,-1,0,-16,-2,26,11,-36,-20,0,-2,-13,12,21,24,-5,-20,-2,-1,-10,10,6,3,25,-18,-5,-1,-7,-7,5,-4,-16,-12,-5,8
0,-8,14,24,-49,-25,-2,-3,-2,-15,25,12,-26,22,69,-3,-1,-18,-8,37,35,4,-13,-3,-1,-19,-24,29,16,-27,-15,-1,0,-16,17,26,23,-27,-20,0,-2,-13,34,14,32,-18,-20,-2,-1,30,36,29,30,-11,-18,-5,-1,-7,21,21,-9,-24,-12,-5,8
0,-8,9,12,23,30,-2,-3,-2,53,20,-24,-1,30,35,-3,-1,16,-38,-29,27,24,-6,-3,-1,-19,-36,-20,24,18,-15,-1,0,-16,-29,-27,23,18,-20,0,-2,-13,-25,-27,-6,33,20,-2,-1,-10,6,-12,-16,29,26,-5,-1,-7,-2,16,21,17,6,-5,3
0,-8,4,24,23,43,106,127,-2,-15,-20,-12,-11,22,96,85,-1,-18,-42,-29,-12,31,47,-3,-1,-19,-28,5,16,30,24,-1,0,-16,-6,26,23,30,28,0,-2,-13,-25,29,5,-35,-20,-2,-1,-10,-7,29,-16,-35,-18,-5,-1,-7,21,5,-53,-28,-12,-5,7
0,-8,-21,-22,23,5,-10,-3,-2,-15,-33,24,29,15,-12,-3,-1,-11,21,37,35,16,-13,-3,-1,4,11,25,24,18,-15,-1,0,-16,-29,-4,23,5,-20,0,-2,-13,-25,14,32,25,-20,-2,-1,-10,-32,6,30,29,-13,-5,-1,-7,-26,-39,6,1,-12,-5,1
0,-8,-1,18,6,-16,-10,-3,-2,-8,20,-6,-11,18,-12,-3,-1,16,17,-29,-27,24,24,-3,-1,50,27,-32,-39,-2,44,-1,0,46,21,-35,-42,-15,75,0,-2,35,34,-20,-29,-14,65,-2,-1,17,27,6,-20,21,40,-5,-1,-7,-2,16,21,33,6,-5,0
0,-8,-16,1,1,-16,-10,-3,-2,-15,-2,24,29,3,-12,-3,-1,2,26,37,4,28,9,-3,-1,27,27,-11,-39,22,37,-1,0,39,32,-20,-42,26,35,0,-2,27,34,3,16,33,14,-2,-1,-10,32,29,30,25,-9,-5,-1,-7,-12,5,1,-16,-12,-5,0
0,18,25,24,23,1,-10,-3,-2,38,16,-18,9,15,-12,-3,-1,-11,-38,-8,31,-11,-13,-3,-1,-19,-24,29,16,-18,-15,-1,0,-16,-25,7,15,30,21,0,-2,-13,-25,-27,-29,16,42,-2,-1,-10,-2,-7,17,29,6,-5,-1,-7,45,21,1,-8,-12,-5,3
0,-8,-1,1,6,26,-10,-3,-2,38,11,-42,-11,26,-12,-3,-1,9,17,-12,23,31,9,-3,-1,-19,-12,13,-7,6,11,-1,0,-16,-29,-35,-42,-3,35,0,-2,-13,-25,-27,-29,-9,26,-2,-1,-10,-28,-30,-34,17,11,-5,-1,-7,2,21,21,5,-6,-5,9
0,-8,-11,-5,23,39,-2,-3,-2,-8,25,12,-1,30,1,-3,-1,16,9,-29,4,16,-13,-3,-1,-19,-32,-32,12,6,-15,-1,0,-16,13,26,23,18,-6,0,-2,-13,15,25,28,16,9,-2,-1,-10,-32,25,-2,-35,-18,-5,-1,-7,-26,16,-33,-28,-12,-5,7
0,-8,40,-10,-60,-25,-10,-3,-2,23,25,12,-16,-33,-12,-3,-1,9,26,4,27,-30,-13,-3,-1,-4,19,29,24,-6,-15,-1,0,-16,-25,-20,-6,18,-13,0,-2,-13,-25,-27,-29,20,14,-2,-1,-10,-11,-7,-20,1,50,-5,-1,-7,36,5,16,37,64,-5,9
0,-8,-26,-33,1,-25,-10,-3,-2,-15,-38,18,-26,-33,-12,-3,-1,-18,9,4,-27,-23,32,-3,-1,12,23,-36,-35,22,37,-1,0,25,32,-27,-18,22,-13,0,-2,51,34,33,32,-9,-20,-2,-1,4,-11,-7,30,-31,-18,-5,-1,-7,-26,-50,-4,-28,-12,-5,4
0,18,35,1,1,39,34,-3,-2,-8,16,-42,-26,-17,-6,-3,-1,-18,9,-29,-27,-30,-13,-3,-1,42,27,29,20,2,-15,-1,0,-9,-14,-20,-22,14,28,0,-2,-13,-25,-27,-29,12,3,-2,-1,17,-2,-35,3,13,-18,-5,-1,44,50,16,-18,-24,-12,-5,5
0,-8,-6,18,1,-16,-10,-3,-2,-15,-7,24,19,-25,-12,-3,-1,-18,9,37,31,-30,-13,-3,-1,-19,7,29,8,-27,-15,-1,0,-16,5,26,15,-36,-20,0,-2,-13,12,33,16,-35,-20,-2,-1,-10,6,29,21,-35,-18,-5,-1,-7,-7,-1,1,-28,-12,-5,1
0,-8,30,1,-66,-25,-10,-3,-2,0,25,24,29,18,-12,-3,-1,2,26,21,11,24,-13,-3,-1,-11,27,-32,8,30,-15,-1,0,-16,21,26,-6,26,-6,0,-2,-13,-25,-16,-29,3,42,-2,-1,-10,-32,-44,-2,25,1,-5,-1,-7,17,-1,6,-16,-12,-5,9
0,-8,20,-22,1,30,-2,-3,-2,8,20,-24,-26,-17,-12,-3,-1,23,-4,-20,-4,-23,-13,-3,-1,27,27,21,-3,22,11,-1,0,-2,-2,-35,-42,-7,35,0,-2,-13,-25,-27,-29,-5,37,-2,-1,-10,2,-21,-16,21,-4,-5,-1,-7,21,10,16,-8,-12,-5,5
0,18,14,-22,-5,39,63,-3,-2,15,25,24,4,15,28,-3,-1,9,26,-12,-27,-30,-13,-3,-1,-11,27,25,-7,-31,-15,-1,0,-16,-14,3,23,-11,-20,0,-2,-13,-25,-27,16,16,-20,-2,-1,70,32,-3,17,5,-18,-5,-1,19,36,21,6,-12,-12,-5,5
0,-8,25,24,23,18,-10,-3,-2,15,25,-36,-46,30,1,-3,-1,-18,0,-29,-24,31,9,-3,-1,-19,-36,-36,-19,30,-15,-1,0,-16,-29,-35,3,10,-20,0,-2,-13,-25,-20,28,-18,-20,-2,-1,-10,-24,16,30,13,21,-5,-1,-7,36,16,-4,5,70,96,2
0,-8,-26,-67,12,-8,-10,-3,-2,-15,-47,-54,29,11,-12,-3,-1,-18,-42,13,35,4,-13,-3,-1,-19,-36,17,24,-2,-15,-1,0,-16,17,26,23,-19,-20,0,-2,-5,23,18,32,-14,-20,-2,-1,-10,-32,-26,30,1,-18,-5,-1,-7,-26,-67,11,13,-12,-5,1
0,-8,-21,-16,23,1,-10,-3,-2,15,16,-12,4,7,-12,-3,-1,63,0,-29,23,-7,-13,-3,-1,27,-8,-20,24,-10,-15,-1,0,-16,-29,-35,-14,14,-13,0,-2,-13,-25,-27,-29,-1,37,-2,-1,-10,2,16,-29,-35,50,71,-1,-7,-26,-23,21,37,64,39,3
0,-8,-26,-22,1,-25,-10,-3,-2,-15,-24,24,-36,-33,1,-3,-1,-11,26,-8,-24,8,99,52,-1,50,27,-20,-3,35,31,-1,0,32,32,26,23,-7,-20,0,-2,-13,-18,3,32,-26,-20,-2,-1,-10,-32,2,17,-35,-18,-5,-1,-7,-26,-1,-9,-28,-12,-5,4
0,-8,-26,-39,12,-25,-10,-3,-2,-15,-42,18,14,-33,-12,-3,-1,-18,-4,37,23,-30,-13,-3,-1,19,27,25,12,-31,-15,-1,0,39,32,26,23,26,41,0,-2,-13,-11,10,24,-1,9,-2,-1,-10,-32,-7,12,-35,-18,-5,-1,-7,-26,-28,-9,-28,-12,-5,4
0,-8,-26,-22,12,35,5,-3,-2,-15,-47,-36,-1,26,62,-3,-1,-18,-42,-29,-27,24,62,-3,-1,-4,-5,9,8,35,37,-1,0,39,32,26,23,30,28,0,-2,-13,-25,-27,13,29,-14,-2,-1,-10,-32,-3,30,-7,-18,-5,-1,-7,-26,-1,6,-24,-12,-5,7
0,-8,-26,-22,18,-8,-10,-3,-2,-15,-33,24,-1,11,-12,-3,-1,-18,-17,21,15,20,-13,-3,-1,-19,3,29,24,6,-15,-1,0,-9,32,11,3,-15,-20,0,-2,3,23,-27,-22,3,-20,-2,-1,-10,2,-17,-34,13,-18,-5,-1,-7,-22,-17,11,9,-12,-5,8
0,-8,-21,7,-60,-25,-10,-3,-2,-15,-15,18,-46,-33,-12,-3,-1,-11,17,-4,-27,-30,-13,-3,-1,-19,27,-24,-39,-27,-15,-1,0,-9,32,-12,19,26,14,0,-2,-5,34,25,-14,-22,48,-2,-1,-10,-2,-12,-43,1,40,-5,-1,-7,-26,-6,21,9,0,-5,6
0,-8,14,-27,-66,-25,-10,-3,-2,-15,2,0,-51,-33,-12,-3,-1,-18,21,9,-27,-30,-13,-3,-1,34,27,29,-3,-14,-15,-1,0,18,32,19,3,30,14,0,-2,3,34,33,-29,16,26,-2,-1,-10,32,25,-38,25,11,-5,-1,-7,7,10,21,25,-6,-5,6
0,-8,-26,-67,-10,30,41,-3,-2,-15,-47,-42,29,30,62,-3,-1,-18,-25,29,35,31,39,-3,-1,4,19,29,24,35,11,-1,0,32,32,26,23,30,8,0,-2,-13,-18,21,32,33,-3,-2,-1,-10,-32,6,30,29,-18,-5,-1,-7,-26,-56,6,37,-6,-5,1
0,-8,9,18,18,-16,-10,-3,-2,-15,11,-36,9,-9,-12,-3,-1,-18,-42,-29,31,-23,-13,-3,-1,-19,-36,17,0,-31,-15,-1,0,-16,-29,-4,19,14,-20,0,-2,11,0,-27,-22,29,-14,-2,-1,17,32,-17,-16,29,-13,-5,-1,-7,-7,16,21,1,-12,-5,3
0,-8,-21,7,-55,-25,-10,-3,-2,-15,-11,18,-46,-33,-12,-3,-1,-18,17,0,-27,-30,-13,-3,-1,-19,19,-11,-39,-31,-15,-1,0,-16,32,-16,-6,1,1,0,-2,-13,19,33,20,3,59,79,-1,-10,2,25,-43,-31,50,122,-1,-7,-22,-6,21,37,64,10,6
0,-8,4,12,-44,-25,-10,-3,-2,-15,2,24,-1,-33,-12,-3,-1,-18,-8,29,35,-23,-13,-3,-1,-19,-32,13,8,14,-15,-1,0,-16,-29,-35,-42,10,1,0,-2,-13,-25,-27,-29,-14,42,-2,-1,-10,-28,-26,-25,-7,60,46,-1,-7,7,21,21,25,53,10,9
0,-8,-26,-27,12,-25,-10,-3,-2,-15,-29,24,-26,-33,-12,-3,-1,-18,17,9,-27,-30,62,127,-1,34,23,-36,-39,6,83,-1,0,67,28,-4,-1,26,48,0,-2,51,30,18,32,16,-14,-2,-1,-10,-32,-21,26,-23,-18,-5,-1,-7,-26,-17,6,-28,-12,-5,4
0,-8,35,24,23,39,12,-3,-2,15,25,24,-21,-25,-6,-3,-1,76,26,-12,-27,-30,-13,-3,-1,50,27,29,-19,-31,-15,-1,0,-16,-2,23,-10,-36,-20,0,-2,-13,-25,18,13,-35,-20,-2,-1,-10,-11,29,-11,-35,-18,-5,-1,-7,40,16,-57,-28,-12,-5,5
0,-8,-26,-56,18,9,-10,-3,-2,-15,-47,-6,29,-17,-12,-3,-1,-18,-4,37,35,-30,-13,-3,-1,4,23,29,24,-31,-15,-1,0,67,32,26,23,22,21,0,-2,35,19,25,32,16,9,-2,-1,-10,-32,-7,17,-35,-18,-5,-1,-7,-26,-56,11,-24,-12,-5,4
0,-8,-1,12,18,-8,-10,-3,-2,-15,-11,24,29,22,-12,-3,-1,-18,-21,37,35,4,-13,-3,-1,-19,-36,25,24,-27,-15,-1,0,-16,-25,26,11,-36,-20,0,-2,-13,15,29,24,-14,-20,-2,-1,-10,19,11,-6,25,-13,-5,-1,-7,-2,21,21,37,0,-5,8
0,-8,-11,1,-21,-21,-10,-3,-2,-15,16,24,29,26,-6,-3,-1,2,21,-20,-24,16,17,-3,-1,27,-1,-36,-39,-2,37,-1,0,32,1,-35,-42,-15,35,0,-2,19,19,-27,-29,3,14,-2,-1,-10,32,6,-2,29,-9,-5,-1,-7,-12,-6,16,1,-12,-5,0
0,44,50,24,-38,-25,-10,-3,-2,-15,-29,-6,-6,-33,-12,-3,-1,-18,-42,25,0,-23,-6,-3,-1,-11,-5,29,16,35,51,-1,0,53,32,23,-14,-32,-20,0,-2,-13,26,3,-29,-35,-20,-2,-1,4,36,-30,-43,-35,-18,-5,-1,44,45,-61,-57,-28,-12,-5,7
0,-8,-1,24,-5,-25,-10,-3,-2,-15,7,6,14,11,-12,-3,-1,-18,13,4,-4,31,-13,-3,-1,-19,-8,21,24,35,11,-1,0,-16,-29,-8,-10,22,28,0,-2,-13,-11,-27,-29,-1,48,-2,-1,4,32,6,-6,17,35,-5,-1,-7,-2,-6,1,29,6,-5,9
0,18,20,18,23,13,-10,-3,-2,30,7,-65,-41,30,-12,-3,-1,-18,-38,-29,4,24,-13,-3,-1,-19,-36,5,20,-18,-15,-1,0,-16,-29,-8,19,-15,-20,0,-2,-13,-25,-27,-14,20,-8,-2,-1,17,-2,-26,-25,21,-4,-5,-1,-7,17,21,21,13,-12,-5,3
0,-8,-11,-5,23,18,-10,-3,-2,-15,-2,24,-1,22,28,-3,-1,-18,21,0,-27,12,47,-3,-1,4,27,-28,-39,2,37,-1,0,12,17,-35,-42,1,35,0,-2,35,30,-23,-29,16,26,-2,-1,30,32,2,-6,25,1,-5,-1,-7,-2,-1,11,9,-12,-5,0
0,-8,4,1,-5,-25,-10,-3,-2,0,25,12,19,11,-12,-3,-1,36,21,-25,4,31,-13,-3,-1,4,23,-16,4,35,18,-1,0,-16,13,26,19,22,35,0,-2,-13,-11,-20,-18,-9,48,-2,-1,17,36,16,3,21,40,-5,-1,-7,12,-1,6,25,17,-5,9
0,-8,-26,-61,23,22,-10,-3,-2,-15,-47,-65,29,30,15,-3,-1,-18,-42,4,35,31,-13,-3,-1,-19,3,29,24,35,-9,-1,0,25,32,19,23,26,-20,0,-2,-5,-14,-9,32,16,-20,-2,-1,-10,-32,-26,30,13,-18,-5,-1,-7,-26,-56,16,21,-12,-5,1
0,-8,-26,-67,-5,39,19,-3,-2,-15,-47,-54,29,30,69,-3,-1,-18,-42,4,27,31,77,-3,-1,-19,-36,-16,0,35,24,-1,0,-9,-2,7,23,18,-20,0,-2,59,34,33,24,-31,-20,-2,-1,30,2,20,30,1,-18,-5,-1,-7,-26,-61,-4,37,59,-5,2
0,-8,-16,1,-10,-25,-10,-3,-2,-15,2,12,19,3,-12,-3,-1,2,21,-25,11,4,-13,-3,-1,-4,-8,-36,0,2,-15,-1,0,-16,-29,-27,23,-27,-20,0,-2,-13,-25,10,32,-9,-20,-2,-1,-10,-2,29,17,21,60,96,-1,-7,-7,16,-57,-28,17,53,2
0,-8,-26,-22,6,-16,-10,-3,-2,-15,-7,24,14,-21,-12,-3,-1,-11,21,29,-24,-30,-13,-3,-1,-4,27,9,-23,-27,-15,-1,0,5,32,26,15,26,-6,0,-2,3,34,21,-25,33,31,-2,-1,-10,6,25,-2,29,16,-5,-1,-7,-26,-23,21,25,0,-5,6
0,-8,14,24,23,13,-10,-3,-2,-8,25,18,4,-1,-12,-3,-1,-11,17,13,-27,-30,-13,-3,-1,34,27,5,-15,-31,-15,-1,0,-2,17,26,23,5,-20,0,-2,-13,-25,-23,-3,29,-20,-2,-1,-10,15,-21,17,17,-18,-5,-1,-7,26,21,21,-4,-12,-5,5
0,-8,-26,-50,23,-16,-10,-3,-2,-15,-47,0,9,-33,-12,-3,-1,-18,-21,37,-20,-11,77,-3,-1,4,23,-3,-39,14,70,-1,0,46,32,-20,-14,30,35,0,-2,59,34,33,32,33,-8,-2,-1,-10,-32,-44,17,13,-18,-5,-1,-7,-26,-61,21,9,-12,-5,4
0,-8,-26,-56,12,-25,-10,-3,-2,-15,-47,-12,-6,-33,-12,-3,-1,-18,-38,33,4,12,-13,-3,-1,-19,11,-7,8,2,-15,-1,0,18,32,11,19,22,14,0,-2,51,23,6,32,20,-3,-2,-1,-10,-32,-44,30,-19,-18,-5,-1,-7,-26,-67,21,-4,-12,-5,4
0,-8,30,24,23,43,106,46,-2,23,25,24,19,7,15,-3,-1,16,26,-8,-27,-30,-13,-3,-1,-11,23,5,-39,-31,-15,-1,0,-16,-6,26,-10,-36,-20,0,-2,-13,-25,6,24,-35,-20,-2,-1,-10,-32,-21,30,-23,-18,-5,-1,-7,21,21,6,-24,-12,-5,5
0,-8,-26,1,6,-4,-10,-3,-2,-15,-47,-6,29,3,-12,-3,-1,-18,-29,33,35,-7,-13,-3,-1,34,23,29,24,-22,-15,-1,0,-16,-25,26,23,-23,-20,0,-2,-13,-22,33,32,-9,-20,-2,-1,-10,-28,29,30,-11,-18,-5,-1,-7,-26,-6,21,13,-12,-5,1
0,-8,-26,-16,6,-25,-10,-3,-2,-15,-38,24,-11,-33,35,26,-1,-18,0,25,-24,-7,107,127,-1,27,27,9,-7,26,83,-1,0,74,32,26,23,30,41,0,-2,3,-18,-27,13,33,-14,-2,-1,-10,-32,-26,30,-7,-18,-5,-1,-7,-26,-17,16,-20,-12,-5,4
0,-8,14,1,23,43,56,-3,-2,15,25,24,14,3,1,-3,-1,56,17,-12,-27,-30,-13,-3,-1,34,23,5,-35,-31,-15,-1,0,-16,17,26,11,-32,-20,0,-2,-13,-25,-12,32,-18,-20,-2,-1,-10,-11,2,30,-23,-18,-5,-1,-7,17,21,-9,-28,-12,-5,5
0,-8,-21,1,23,43,77,-3,-2,-15,-15,24,4,15,49,-3,-1,-18,-17,0,-27,24,17,-3,-1,-19,-36,-36,-15,35,5,-1,0,-16,-29,3,23,30,41,0,-2,-13,-25,3,28,-14,-20,-2,-1,-10,-32,-7,3,-35,-18,-5,-1,-7,-26,21,-33,-28,-12,-5,7
0,-8,-26,12,1,-21,-10,-3,-2,-15,-29,18,-16,7,-12,-3,-1,-4,26,33,-8,16,2,-3,-1,34,27,-36,-39,14,18,-1,0,18,17,-35,-42,14,8,0,-2,-5,30,-27,-29,25,-8,-2,-1,-10,6,-17,-11,25,-18,-5,-1,-7,-22,5,21,5,-12,-5,0
0,-8,-11,-5,23,39,-10,-3,-2,-15,20,24,-26,18,-12,-3,-1,-4,26,9,-27,16,-13,-3,-1,-11,-1,25,0,10,-15,-1,0,-16,-29,-12,23,14,-13,0,-2,-13,-18,25,-22,33,9,-2,-1,-10,2,2,-38,21,1,-5,-1,-7,-12,16,21,9,-12,-5,8
0,-8,50,1,-49,-25,-10,-3,-2,-15,20,-18,19,-29,-12,-3,-1,-18,9,13,31,-27,-13,-3,-1,-19,-16,29,-23,10,31,-1,0,-16,-29,7,15,10,-20,0,-2,-13,-22,18,20,12,-20,-2,-1,-10,19,-17,-43,1,1,-5,-1,-7,45,-45,-33,25,23,-5,8
0,-8,-11,24,1,-21,-10,-3,-2,-15,-33,24,29,-13,-12,-3,-1,-18,-34,37,35,-11,-13,-3,-1,-19,-36,29,24,-10,-15,-1,0,-16,-14,26,23,-27,-20,0,-2,-13,-11,33,24,-35,-20,-2,-1,-10,-7,29,21,-35,-18,-5,-1,-7,-17,21,11,-28,-12,-5,1
0,-8,-16,-10,6,26,12,-3,-2,-15,2,6,-11,30,35,-3,-1,-18,9,9,8,31,47,-3,-1,-19,-12,5,12,26,18,-1,0,-16,-29,-35,-42,14,35,0,-2,51,-22,-27,-29,29,-8,-2,-1,43,27,-3,-25,29,-18,-5,-1,-7,-17,-1,21,29,-12,-5,9
0,-8,25,24,-5,-25,-10,-3,-2,45,20,-12,24,-25,-12,-3,-1,56,4,-20,35,-11,-13,-3,-1,34,-16,-11,24,-18,-15,-1,0,-16,-25,23,-1,-36,-20,0,-2,-13,12,33,-22,-35,-20,-2,-1,-10,19,20,-6,5,6,-5,-1,-7,31,21,21,37,76,-5,2
0,-8,-21,-10,-10,-25,-10,-3,-2,-8,11,-12,-46,-33,-12,-3,-1,9,17,-29,-27,-30,-13,-3,-1,27,11,-36,-39,-31,-15,-1,0,39,13,-16,-1,10,-13,0,-2,27,34,21,-6,8,26,-2,-1,-10,10,-3,-43,-7,35,-5,-1,-7,-22,-1,21,29,0,-5,6
0,-8,-16,24,18,-4,-10,-3,-2,-15,-2,24,19,26,-12,-3,-1,-18,21,13,-27,31,39,-3,-1,12,27,-32,-39,18,18,-1,0,12,28,-35,-42,14,14,0,-2,27,34,-5,-29,33,-20,-2,-1,-10,27,16,-6,25,-18,-5,-1,-7,-12,10,21,-4,-12,-5,0
0,-8,-21,7,1,-21,-10,-3,-2,-15,-7,24,29,15,-12,-3,-1,-18,17,-4,-27,20,9,-3,-1,27,3,-36,-39,10,24,-1,0,32,21,-35,-42,1,35,0,-2,11,34,-23,-18,25,20,-2,-1,-10,15,29,30,29,-13,-5,-1,-7,-26,-6,21,-4,-12,-5,0
0,-8,-1,-5,23,43,48,-3,-2,-15,20,12,-11,15,90,-3,-1,-18,-42,-29,-20,24,54,-3,-1,-19,-36,-36,4,18,-9,-1,0,-16,-29,-31,23,-15,-20,0,-2,-13,-25,-23,24,3,-20,-2,-1,-10,-28,-26,26,1,-18,-5,-1,-7,7,21,-4,-20,-12,-5,3
0,18,35,1,6,9,-2,-3,-2,-15,-11,-18,24,30,1,-3,-1,-18,-42,-16,35,8,-13,-3,-1,-19,-36,-7,24,-6,-15,-1,0,-16,-29,-16,23,5,-20,0,-2,-13,-25,-27,-3,33,20,-2,-1,-10,-19,-7,26,17,-9,-5,-1,44,40,21,-9,-24,-12,-5,3
0,-8,-26,24,-33,-25,-10,-3,-2,-15,2,24,29,11,-12,-3,-1,9,26,17,23,24,-13,-3,-1,34,11,-32,-27,22,-15,-1,0,12,9,-35,-42,30,-20,0,-2,3,26,-27,-25,33,-14,-2,-1,-10,6,-12,-2,21,-18,-5,-1,-7,-22,-6,16,-16,-12,-5,0
0,-8,20,24,23,18,-10,-3,-2,0,25,-18,4,11,-12,-3,-1,-18,21,0,19,31,9,-3,-1,-19,-8,29,20,30,31,-1,0,-16,-29,-35,-42,5,48,0,-2,-13,-25,-27,-29,12,37,-2,-1,-10,15,-35,-16,29,11,-5,-1,-7,17,21,21,17,-6,-5,9
0,-8,20,24,23,43,19,-3,-2,-15,-11,24,-26,-17,-12,-3,-1,-11,21,9,-27,-30,-13,-3,-1,50,23,-3,-11,-18,-15,-1,0,5,17,11,15,30,14,0,-2,-13,-25,-27,-25,12,48,-2,-1,-10,-28,-35,-38,9,30,-5,-1,-7,17,21,21,37,11,-5,5
0,-8,9,-22,-33,9,19,-3,-2,-15,7,6,9,15,22,-3,-1,-18,13,-29,-27,-30,-13,-3,-1,19,23,13,-3,-22,-15,-1,0,5,1,-8,-10,26,-6,0,-2,-13,-25,-27,-29,-9,26,-2,-1,-10,-7,-44,-38,17,1,-5,-1,-7,7,16,16,-8,-12,-5,5
0,-8,25,18,-55,-25,-10,-3,-2,38,25,24,-21,-33,-12,-3,-1,63,13,21,8,-30,-13,-3,-1,42,-1,17,-11,-31,-15,-1,0,-16,-29,26,-22,-36,-20,0,-2,-13,-3,29,-25,-35,-20,-2,-1,-10,36,20,-25,-15,21,71,-1,-7,12,21,21,37,82,125,2
0,-8,9,24,12,30,63,-3,-2,-15,-2,0,-1,30,15,-3,-1,-18,21,-8,4,20,-13,-3,-1,-11,-8,-32,24,-18,-15,-1,0,-2,13,15,23,14,21,0,-2,19,19,29,24,12,-8,-2,-1,-10,-19,29,-29,-35,-18,-5,-1,-7,17,5,-57,-28,-12,-5,7
0,-8,-6,18,6,-12,-10,-3,-2,15,11,12,-1,18,-12,-3,-1,36,26,4,4,20,-13,-3,-1,-19,23,13,20,14,-15,-1,0,-16,-6,26,11,-32,-20,0,-2,-13,15,29,28,-26,-20,-2,-1,-10,19,-7,26,-3,-18,-5,-1,-7,-2,16,21,-8,-12,-5,8
0,18,20,1,6,22,-10,-3,-2,8,20,-48,-36,-21,-12,-3,-1,16,9,0,-4,-30,-13,-3,-1,19,27,21,12,-2,-15,-1,0,-9,1,-35,-34,14,-20,0,-2,-13,-25,-27,-22,25,-20,-2,-1,-10,-7,-35,3,-11,-18,-5,-1,-7,26,21,6,-24,-12,-5,5
0,-8,-26,1,18,-8,-10,-3,-2,-15,-15,24,-6,-25,-12,-3,-1,-18,9,29,-27,-30,-13,-3,-1,-19,27,9,-27,-31,-15,-1,0,5,32,19,19,-3,-20,0,-2,-5,34,-5,-29,16,26,-2,-1,-10,19,11,-25,17,40,-5,-1,-7,-22,-6,21,37,11,-5,6
0,-8,-11,18,-44,-25,-10,-3,-2,-15,7,24,-41,-33,-12,-3,-1,-11,26,0,-24,-30,-13,-3,-1,4,27,-32,-15,-27,-15,-1,0,5,28,-4,7,18,1,0,-2,3,34,-20,-29,-5,48,-2,-1,-10,23,-3,-25,1,55,-5,-1,-7,-12,5,21,33,17,-5,6
0,-8,-11,18,23,39,-2,-3,-2,-15,-7,-6,-6,30,8,-3,-1,-18,-38,-29,-16,31,9,-3,-1,-19,-36,-36,-3,26,-15,-1,0,-16,-14,23,19,30,21,0,-2,-13,-18,18,28,-5,-14,-2,-1,-10,-32,16,-6,-35,-18,-5,-1,-7,-7,10,-53,-28,-12,-5,7
0,-8,-6,12,23,-4,-10,-3,-2,15,25,24,29,-1,-12,-3,-1,63,9,-29,31,0,-13,-3,-1,-4,-32,-16,24,22,-9,-1,0,-16,-29,-31,3,26,55,0,-2,-13,-25,-27,-29,12,48,-2,-1,-10,-24,16,12,29,16,-5,-1,-7,-12,21,16,5,-12,-5,3
0,-8,-26,-33,12,9,-10,-3,-2,-15,-11,24,9,-1,-12,-3,-1,2,26,29,-16,-30,-13,-3,-1,27,27,29,24,14,-9,-1,0,39,32,15,-26,22,14,0,-2,3,34,6,-29,-1,48,-2,-1,-10,10,25,-16,17,26,-5,-1,-7,-26,-23,11,37,41,-5,6
0,-8,-1,24,-21,-25,-10,-3,-2,-15,-2,-42,9,-9,-12,-3,-1,9,17,-29,-20,20,-13,-3,-1,12,3,-36,-39,6,37,-1,0,18,1,-35,-42,-3,35,0,-2,3,15,-27,-29,3,14,-2,-1,-10,32,-17,-6,25,-13,-5,-1,-7,-7,5,1,-16,-12,-5,0
0,-8,-26,-10,-5,-25,-10,-3,-2,-15,-33,24,-1,-33,-12,-3,-1,-18,-8,37,-27,-30,-13,-3,-1,-19,11,21,-39,-31,-15,-1,0,-16,24,26,19,-11,-20,0,-2,-13,19,33,16,29,14,-2,-1,-10,-2,29,3,17,50,-5,-1,-7,-26,-17,6,17,23,-5,6
0,-8,-26,-67,-49,39,34,-3,-2,-15,-47,-71,4,30,35,-3,-1,-18,-42,9,35,31,17,-3,-1,-19,3,29,24,35,11,-1,0,12,32,-8,-10,30,8,0,-2,-5,-11,-27,9,33,-8,-2,-1,-10,-32,-44,-11,29,-13,-5,-1,-7,-26,-67,-43,37,-6,-5,1
0,-8,-6,24,12,-12,-10,-3,127,90,25,0,-1,11,-12,-3,-1,69,9,9,31,8,-13,-3,-1,4,19,21,24,-14,-15,-1,0,-16,5,26,-10,-36,-20,0,-2,-13,19,29,24,-31,-20,-2,-1,-10,19,11,30,-19,-18,-5,-1,-7,-7,16,21,-16,-12,-5,8
0,-8,-26,-33,23,1,-10,-3,-2,-15,-33,24,-6,-33,-12,-3,-1,-11,13,25,-24,-23,-6,-3,-1,34,27,-16,-35,26,51,-1,0,67,32,-4,7,30,-6,0,-2,3,19,29,32,12,-20,-2,-1,-10,-32,-7,30,-19,-18,-5,-1,-7,-26,-23,16,-28,-12,-5,4
0,-8,-1,7,-27,-25,-10,-3,-2,-15,7,0,19,-25,-12,-3,-1,-18,9,-29,19,-7,-13,-3,-1,-19,-12,-32,20,-18,-15,-1,0,-16,-29,-12,3,-36,-20,0,-2,-13,-7,25,-18,-35,-20,-2,-1,-10,15,29,-6,-27,11,71,-1,-7,-7,-23,-9,37,59,10,2
0,18,14,7,23,30,-10,-3,-2,-8,11,0,24,30,-12,-3,-1,-18,-42,-8,31,0,-13,-3,-1,-19,-16,25,-19,-31,-15,-1,0,-16,-6,26,3,-32,-20,0,-2,-13,-18,21,32,12,-20,-2,-1,-10,-32,-35,21,29,1,-5,-1,-7,36,21,16,1,-12,-5,3
0,-8,-6,18,23,1,-10,-3,-2,-15,11,-6,4,26,-12,-3,-1,-18,21,25,31,31,39,-3,-1,-19,-8,29,24,14,-2,-1,0,-16,-10,23,23,-27,-20,0,-2,-13,34,6,16,12,-20,-2,-1,17,36,-17,-6,29,-18,-5,-1,-7,7,10,6,5,-12,-5,8
0,-8,-26,18,-38,-25,-10,-3,-2,-15,-29,24,-16,-33,-12,-3,-1,-11,13,37,-27,4,2,-3,-1,19,27,9,-19,35,44,-1,0,32,32,19,23,30,28,0,-2,-5,15,29,32,8,-20,-2,-1,-10,-32,16,30,-23,-18,-5,-1,-7,-22,21,-4,-28,-12,-5,4
0,-8,-1,-5,6,-12,-10,-3,-2,-15,25,6,24,3,-12,-3,-1,9,26,-29,23,20,-13,-3,-1,-11,7,29,20,30,5,-1,0,-16,-29,-35,-42,14,28,0,-2,-13,-25,-27,-29,-9,48,-2,-1,-10,-7,-26,-34,1,35,-5,-1,-7,2,5,21,37,23,-5,9
0,-8,-26,-44,18,22,-10,-3,-2,-15,-38,18,29,18,-12,-3,-1,-18,13,25,15,8,-13,-3,-1,34,19,-24,16,18,24,-1,0,39,32,26,23,26,35,0,-2,-5,4,6,32,-18,-20,-2,-1,-10,-32,-30,30,-35,-18,-5,-1,-7,-26,-50,11,-28,-12,-5,4
0,-8,-26,-22,-27,-25,-10,-3,-2,-15,-29,24,4,-33,-12,-3,-1,-18,-4,37,-24,-30,-13,-3,-1,-19,7,21,4,22,-2,-1,0,-16,21,26,15,22,48,0,-2,-13,12,29,-25,-14,54,-2,-1,-10,-7,29,-6,21,40,-5,-1,-7,-26,-39,11,37,11,-5,6
0,-8,-26,12,-27,-25,-10,-3,-2,-8,-7,24,29,-21,-12,-3,-1,9,26,4,15,12,-13,-3,-1,4,27,-7,-23,35,11,-1,0,39,32,-20,-42,30,35,0,-2,27,34,10,-29,20,42,-2,-1,-10,23,29,30,29,26,-5,-1,-7,-17,-12,6,-4,-12,-5,0
0,-8,9,24,18,-8,-10,-3,-2,-15,2,24,24,15,-12,-3,-1,-18,-21,37,35,24,-13,-3,-1,-19,-36,-24,-7,30,18,-1,0,-16,-29,-35,-42,5,48,0,-2,-13,-25,-27,-29,12,42,-2,-1,-10,-28,-44,-20,25,26,-5,-1,-7,2,16,21,37,0,-5,9
0,-8,-6,18,1,-16,-10,-3,-2,0,20,-30,4,7,-12,-3,-1,9,26,-29,-27,28,-6,-3,-1,27,3,-36,-39,10,37,-1,0,39,1,-35,-42,-11,35,0,-2,27,19,-27,-29,12,26,-2,-1,17,36,-12,-6,29,-9,-5,-1,-7,2,16,21,5,-12,-5,0
0,-8,-26,-22,18,18,-10,-3,-2,-15,-11,6,-21,-29,-12,-3,-1,-11,26,-20,-27,-30,-13,-3,-1,12,7,-36,-39,-31,-15,-1,0,12,32,11,7,1,-6,0,-2,-5,30,-23,-29,3,37,-2,-1,-10,10,-3,-25,17,-4,-5,-1,-7,-26,-6,16,-8,-12,-5,6
0,-8,-11,1,-49,-25,-10,-3,-2,-15,11,12,-41,-33,-12,-3,-1,2,0,-29,-27,-30,-13,-3,-1,-19,-36,-24,-19,-18,-15,-1,0,12,9,26,23,30,8,0,-2,35,34,-12,-29,-1,31,-2,-1,-10,32,11,-25,1,40,-5,-1,-7,-17,5,21,29,11,-5,6
0,-8,-26,-44,6,30,-10,-3,-2,-15,-47,-12,29,30,-6,-3,-1,-18,-29,29,35,20,-13,-3,-1,-19,-5,29,24,-10,-15,-1,0,5,28,26,23,-19,-20,0,-2,19,34,33,32,-9,-20,-2,-1,17,2,25,30,1,-18,-5,-1,-7,-26,-45,11,21,-12,-5,1
0,-8,-26,-39,18,-16,-10,-3,-2,-15,-47,12,-1,-25,-12,-3,-1,-18,9,29,-12,28,-13,-3,-1,27,27,-20,-3,30,37,-1,0,80,28,7,19,30,41,0,-2,43,30,29,32,12,-20,-2,-1,-10,-32,-30,30,-11,-18,-5,-1,-7,-26,-34,21,-20,-12,-5,4
0,-8,-1,18,1,-21,-10,-3,-2,-15,-11,-24,-21,15,-12,-3,-1,-4,-21,-29,-27,16,2,-3,-1,12,19,-36,-39,2,24,-1,0,32,13,-35,-42,1,28,0,-2,11,23,-27,-29,16,-3,-2,-1,-10,36,-21,-2,21,-13,-5,-1,-7,-2,16,-4,-12,-12,-5,0
0,-8,-11,12,-60,-25,-10,-3,-2,-15,7,0,-51,-33,-12,-3,-1,2,26,-4,-27,-30,-13,-3,-1,19,27,-28,-39,-31,-15,-1,0,25,32,-27,-22,-27,-20,0,-2,19,34,-20,16,29,-8,-2,-1,4,27,16,-34,17,35,-5,-1,-7,-12,-6,21,25,11,-5,6
0,-8,9,18,18,-8,-10,-3,-2,45,25,24,29,-17,-12,-3,-1,36,21,4,35,-15,-13,-3,-1,-19,-36,5,20,-31,-15,-1,0,-16,-25,23,-6,-36,-20,0,-2,-13,-3,33,-22,-35,-20,-2,-1,-10,2,29,-6,9,26,-5,-1,-7,17,21,21,21,6,-5,2
0,18,25,12,6,-8,-10,-3,-2,75,2,-42,-11,22,-12,-3,-1,36,-29,-20,19,0,-13,-3,-1,-19,-24,25,20,-14,-15,-1,0,-16,-25,-20,-14,22,14,0,-2,-13,-25,-27,-29,-5,48,-2,-1,-10,-32,-44,-38,9,35,-5,-1,-7,31,21,21,9,-6,-5,3
0,-8,-26,1,-33,-25,-10,-3,-2,-15,-11,18,14,-17,-12,-3,-1,16,26,-4,-16,16,-13,-3,-1,34,19,-32,-39,14,18,-1,0,5,24,-35,-42,-7,48,0,-2,-5,26,-20,-29,3,31,-2,-1,-10,6,6,-16,25,6,-5,-1,-7,-26,-12,21,17,-12,-5,0
0,-8,-26,-50,23,-4,-10,-3,-2,-15,-33,12,-1,-33,49,127,-1,-11,13,17,-27,-23,99,127,-1,34,27,1,4,35,83,127,0,25,28,15,7,30,41,0,-2,-13,-25,-27,1,29,-8,-2,-1,-10,-32,-40,26,-7,-18,-5,-1,-7,-26,-39,16,-20,-12,-5,4
0,-8,-1,24,12,-21,-10,-3,-2,-15,16,12,19,3,-12,-3,-1,-11,21,-4,-24,16,-6,-3,-1,4,27,-32,-39,10,11,-1,0,18,32,-16,-42,10,-6,0,-2,3,34,-20,-18,33,-20,-2,-1,-10,15,16,21,13,-18,-5,-1,-7,-12,16,16,-8,-12,-5,0
0,96,50,24,18,-8,-10,-3,-2,68,25,12,24,30,-12,-3,-1,2,-29,-29,35,24,2,-3,-1,-19,-1,29,24,35,37,-1,0,-16,28,26,3,-32,-20,0,-2,-13,15,21,-25,-35,-20,-2,-1,43,36,-21,-43,-35,-18,-5,-1,95,45,-67,-57,-28,-12,-5,7
0,18,25,24,18,-21,-10,-3,-2,8,20,-12,29,-17,-12,-3,-1,-18,-38,17,31,-30,-13,-3,-1,-19,11,29,20,-18,-15,-1,0,-16,-29,-31,3,26,-13,0,-2,51,-14,-27,-18,33,20,-2,-1,127,32,-17,-6,29,11,-5,-1,-7,31,21,21,1,-12,-5,3
0,-8,-11,7,23,43,85,-3,-2,-15,2,12,-11,26,49,-3,-1,-18,-29,-8,-20,24,2,-3,-1,-19,-36,-36,-3,14,-9,-1,0,-16,-22,23,19,30,41,0,-2,-13,-18,29,24,-1,-8,-2,-1,-10,-32,6,3,-35,-18,-5,-1,-7,-17,16,-38,-28,-12,-5,7
0,-8,-26,-67,-5,35,12,-3,-2,-15,-47,-59,29,30,1,-3,-1,-18,-42,17,35,24,-13,-3,-1,-19,-24,29,24,30,-15,-1,0,-9,21,26,23,18,-20,0,-2,35,34,6,28,20,-20,-2,-1,-10,-32,-44,12,29,-13,-5,-1,-7,-26,-67,-14,29,-6,-5,1
0,-8,-26,-33,12,-21,-10,-3,-2,-15,-42,24,-1,-33,-12,-3,-1,-18,13,29,-24,-30,-13,-3,-1,-4,27,13,0,-18,-15,-1,0,18,32,23,15,30,-13,0,-2,11,34,18,-29,29,26,-2,-1,-10,15,29,-2,29,21,-5,-1,-7,-26,-6,16,17,-6,-5,6
0,-8,-26,-10,1,-12,-10,-3,-2,-15,-11,24,24,22,-12,-3,-1,-18,-21,37,11,31,-6,-3,-1,-19,-16,29,24,10,-9,-1,0,-9,32,11,23,-3,-20,0,-2,-5,34,-16,-14,33,3,-2,-1,-10,19,6,-25,29,26,-5,-1,-7,-17,-12,11,25,11,-5,8
0,-8,25,18,-33,-25,-10,-3,-2,0,25,12,29,-5,-12,-3,-1,9,26,4,-8,31,-6,-3,-1,19,11,-36,-39,18,37,-1,0,39,5,-35,-42,14,35,0,-2,27,19,-27,-25,29,-3,-2,-1,43,23,-26,12,17,-18,-5,-1,-7,17,21,6,-12,-12,-5,0
0,-8,-21,12,-16,-25,-10,-3,-2,-15,16,18,-36,-33,-12,-3,-1,-11,26,13,-27,-30,-13,-3,-1,19,19,17,20,10,-15,-1,0,39,32,-27,-30,22,14,0,-2,27,34,-12,-29,16,14,-2,-1,-10,10,16,-34,21,11,-5,-1,-7,-17,-1,21,17,-6,-5,6
0,-8,-11,12,23,35,-10,-3,-2,8,7,24,-11,-29,-12,-3,-1,83,26,21,-27,-30,-13,-3,-1,57,27,29,-7,-31,-15,-1,0,-16,-2,7,19,-32,-20,0,-2,-13,-25,-1,32,-31,-20,-2,-1,-10,2,25,30,-27,-18,-5,-1,-7,-7,21,-14,-28,-12,-5,5
0,-8,4,24,23,9,-10,-3,-2,0,25,-24,-6,30,8,-3,-1,36,26,-25,-27,4,54,-3,-1,50,11,-36,-39,2,64,-1,0,53,17,-35,-42,-3,48,0,-2,51,23,-27,-29,3,26,-2,-1,17,36,-7,-16,25,-4,-5,-1,-7,12,21,16,5,-12,-5,0
0,-8,25,1,-66,-25,-10,-3,-2,-15,-11,24,-46,-33,-12,-3,-1,-18,-4,37,-24,-30,-13,-3,-1,-19,11,29,-19,-31,-15,-1,0,-16,21,26,-1,-36,-20,0,-2,-13,-22,10,28,-35,-20,-2,-1,-10,-2,11,30,13,40,96,-1,-7,7,21,21,37,82,127,1
0,-8,-16,24,6,-21,-10,-3,-2,-15,-20,18,29,-5,-12,-3,-1,-18,-29,-4,35,0,-13,-3,-1,-19,-36,-24,24,-6,-15,-1,0,-16,-25,15,11,-36,-20,0,-2,35,26,33,-14,-35,-20,-2,-1,110,36,29,17,5,-4,-5,-1,-7,-7,-6,16,37,47,-5,2
0,-8,4,-10,-16,-8,-10,-3,-2,-15,16,-12,29,30,-6,-3,-1,9,21,-25,8,31,-13,-3,-1,4,27,29,24,2,-15,-1,0,-16,17,19,23,-15,-20,0,-2,-13,19,-23,5,16,-20,-2,-1,-10,36,-17,21,1,-18,-5,-1,-7,12,-1,-28,-24,-12,-5,8
0,-8,-26,-10,6,-25,-10,-3,-2,-15,-47,6,29,-13,-12,-3,-1,-18,-42,37,35,-15,-13,-3,-1,-19,-24,29,24,-2,-15,-1,0,-16,-2,26,23,1,-20,0,-2,-13,8,33,32,8,-20,-2,-1,-10,10,29,30,21,-18,-5,-1,-7,-22,-39,-23,33,35,-5,1
0,-8,-21,1,1,-8,-2,-3,-2,-15,11,6,14,22,42,-3,-1,23,21,-29,-27,16,39,-3,-1,-4,27,17,8,22,-9,-1,0,-16,-29,19,23,1,-20,0,-2,-13,-3,10,-22,33,-20,-2,-1,-10,15,-7,-20,29,-18,-5,-1,-7,-12,-1,21,1,-12,-5,8
0,18,25,18,-5,-21,-10,-3,-2,8,-11,-24,4,15,-12,-3,-1,-18,-42,-8,27,28,-6,-3,-1,-19,-36,9,20,-22,-15,-1,0,-16,-29,-20,19,-27,-20,0,-2,-13,-25,-27,16,8,-20,-2,-1,-10,-19,-26,3,29,-13,-5,-1,-7,36,21,16,13,-12,-5,3
0,-8,-6,12,23,35,-2,-3,-2,0,16,24,29,-1,-12,-3,-1,9,26,37,27,-19,-13,-3,-1,12,27,29,0,-31,-15,-1,0,-16,17,15,7,-36,-20,0,-2,-5,26,33,28,-22,-20,-2,-1,-10,10,29,30,13,-18,-5,-1,-7,-17,-17,16,37,35,-5,1
0,-8,14,-16,-21,26,48,-3,-2,-15,7,12,-1,-1,22,-3,-1,-11,17,-20,-27,-30,-13,-3,-1,27,27,13,8,2,-15,-1,0,-9,-14,-20,-14,26,28,0,-2,-13,-25,-27,-29,8,20,-2,-1,4,19,-26,-2,25,-13,-5,-1,-7,17,21,11,-16,-12,-5,5
0,-8,-6,7,23,35,-10,-3,-2,0,16,24,9,-17,-12,-3,-1,69,26,-8,-27,-30,-13,-3,-1,65,27,5,-35,-31,-15,-1,0,18,28,26,-22,-36,-20,0,-2,-13,-18,29,5,-35,-20,-2,-1,-10,-11,25,-2,-35,-18,-5,-1,-7,-7,21,-33,-28,-12,-5,5
0,-8,-16,24,-10,-25,-10,-3,-2,-15,-33,24,29,-29,-12,-3,-1,-18,-21,37,27,-30,-13,-3,-1,-19,-24,29,12,-31,-15,-1,0,-16,-25,26,19,-36,-20,0,-2,-13,-22,33,32,-35,-20,-2,-1,-10,-24,29,26,-27,-18,-5,-1,-7,-26,16,21,17,-12,-5,1
0,-8,-16,7,23,9,-10,-3,-2,-8,11,24,-1,-5,-12,-3,-1,16,26,9,-27,-30,-13,-3,-1,34,27,-7,-39,-31,-15,-1,0,46,32,26,11,-32,-20,0,-2,27,34,-5,24,3,-20,-2,-1,-10,23,11,21,25,-18,-5,-1,-7,-12,-1,21,17,-12,-5,6
0,-8,-11,-10,23,43,19,-3,-2,-15,-47,-71,-46,22,35,-3,-1,-18,-42,-29,-20,28,17,-3,-1,-19,-20,-20,8,30,18,-1,0,-9,28,26,23,1,8,0,-2,-13,-18,14,20,-35,-20,-2,-1,-10,-28,29,-20,-35,-18,-5,-1,-7,-12,-1,-57,-28,-12,-5,7
0,-8,-6,-10,23,43,41,-3,-2,8,25,6,4,30,1,-3,-1,-11,-29,-29,11,4,-13,-3,-1,-19,-16,-3,16,30,70,-1,0,-16,28,26,15,14,35,0,-2,-13,-14,18,-3,-35,-20,-2,-1,-10,-32,25,-25,-35,-18,-5,-1,-7,-12,10,-53,-28,-12,-5,7
0,-8,-16,1,23,18,-10,-3,-2,-15,7,-30,-46,18,15,-3,-1,2,26,-29,4,16,-13,-3,-1,12,27,9,16,-27,-15,-1,0,-16,-2,26,-18,-36,-20,0,-2,-13,-3,18,28,-26,-20,-2,-1,-10,2,-12,17,-19,-18,-5,-1,-7,-12,5,21,-16,-12,-5,8
0,-8,-26,-44,18,-16,-10,-3,-2,-15,-42,24,-6,-33,-12,-3,-1,-18,-4,33,-24,12,54,-3,-1,4,19,-3,-39,26,51,-1,0,53,32,11,7,30,35,0,-2,90,34,25,28,33,9,-2,-1,-10,-32,-44,26,17,-18,-5,-1,-7,-26,-45,21,9,-12,-5,4
0,44,30,12,-10,-21,-10,-3,-2,30,7,-24,24,7,-12,-3,-1,-18,-42,-29,11,12,-13,-3,-1,-19,-36,-3,16,-22,-15,-1,0,-16,-29,-8,23,26,-13,0,-2,-13,-25,-27,-22,20,26,-2,-1,17,-11,-40,-34,13,16,-5,-1,19,31,21,21,13,-12,-5,3
0,-8,-21,-5,18,1,-10,-3,-2,0,20,-12,29,26,-12,-3,-1,-11,17,-8,-4,12,-13,-3,-1,-19,-16,21,16,-18,-15,-1,0,-16,-25,19,23,-11,-20,0,-2,-13,12,3,-6,29,-14,-2,-1,-10,6,-3,-25,29,-4,-5,-1,-7,-22,16,16,-4,-12,-5,8
0,-8,14,18,12,5,-10,-3,-2,-15,7,24,19,30,-12,-3,-1,-18,-29,33,27,24,-6,-3,-1,-19,-36,9,24,-27,-15,-1,0,-16,-10,19,15,-19,-20,0,-2,-13,19,-5,1,-1,-20,-2,-1,4,36,-35,-2,-7,-18,-5,-1,-7,17,21,-4,-24,-12,-5,8
0,-8,20,24,18,-12,-10,-3,-2,30,25,-6,-1,15,-12,-3,-1,29,21,-25,-24,28,24,-3,-1,4,27,-11,-3,35,44,-1,0,-16,-10,7,11,22,48,0,-2,-13,-25,-27,-29,8,37,-2,-1,-10,-32,-44,-43,17,35,-5,-1,-7,21,21,21,33,23,-5,9
0,-8,25,18,-27,-25,-10,-3,-2,15,25,6,4,11,-12,-3,-1,49,26,21,31,31,17,-3,-1,4,11,13,16,35,11,-1,0,-16,-29,-35,-1,30,8,0,-2,-13,-25,-27,5,33,3,-2,-1,-10,-15,-26,26,25,-18,-5,-1,19,31,16,1,-16,-12,-5,9
0,-8,-21,-16,12,22,-2,-3,-2,-15,-2,18,-6,18,22,-3,-1,2,26,0,-27,-30,-13,-3,-1,19,27,29,24,10,-15,-1,0,32,32,7,-1,30,14,0,-2,3,34,-9,-29,16,26,-2,-1,-10,10,25,17,29,6,-5,-1,-7,-26,-17,1,1,-12,-5,6
0,-8,-16,-5,23,-8,-10,-3,-2,-15,7,-18,4,26,-6,-3,-1,-18,-34,-29,-12,31,-13,-3,-1,-19,-36,-28,-7,30,-9,-1,0,12,32,26,23,26,28,0,-2,11,-3,-12,32,-22,-20,-2,-1,-10,-32,-17,7,-35,-18,-5,-1,-7,-26,-1,-23,-28,-12,-5,7
0,-8,4,18,1,-4,-10,-3,-2,-15,-11,24,29,18,-6,-3,-1,-18,-8,37,35,16,-13,-3,-1,-19,-5,29,24,10,-15,-1,0,-16,32,26,23,-15,-20,0,-2,27,34,33,32,-31,-20,-2,-1,30,32,29,30,-27,-18,-5,-1,-7,21,21,16,-16,-12,-5,1
0,-8,14,24,23,30,-10,-3,-2,-15,-2,-6,-6,30,1,-3,-1,-18,-42,-12,35,16,-13,-3,-1,-19,-28,29,20,-27,-15,-1,0,-16,-22,23,3,-36,-20,0,-2,-13,-25,-12,32,-22,-20,-2,-1,30,19,-35,21,-19,-18,-5,-1,-7,17,21,21,-8,-12,-5,3
0,-8,-6,24,-21,22,41,-3,-2,-15,-2,24,24,30,28,-3,-1,2,26,-12,-4,28,-13,-3,-1,4,-5,-36,12,2,-15,-1,0,-16,-6,26,23,18,21,0,-2,-13,-14,25,20,3,-3,-2,-1,-10,-32,20,-16,-35,-18,-5,-1,-7,-7,16,-48,-28,-12,-5,7
0,-8,-26,-67,-10,22,-10,-3,-2,-15,-47,-71,29,18,-12,-3,-1,-18,-42,0,35,4,-13,-3,-1,-19,-36,17,24,-18,-15,-1,0,-16,9,26,23,-36,-20,0,-2,-13,30,33,32,-18,-20,-2,-1,30,19,-17,30,-11,-18,-5,-1,-7,-26,-67,-9,25,29,-5,1
0,-8,-26,-67,-38,39,12,-3,-2,-15,-47,-54,24,30,15,-3,-1,2,13,37,27,31,-6,-3,-1,-4,-8,-20,-7,35,-15,-1,0,-16,-29,-35,-10,22,-20,0,-2,-13,-25,-27,-3,33,-14,-2,-1,-10,-32,-44,-2,29,11,-5,-1,-7,-26,-67,-18,33,0,-5,1
0,-8,-16,-39,-38,22,99,119,-2,-15,7,24,19,18,96,85,-1,-11,17,9,-27,-7,69,-3,-1,-19,27,-16,-35,22,11,-1,0,-16,-25,-35,-14,10,-20,0,-2,-13,-25,-20,16,-26,-20,-2,-1,-10,-32,2,3,-35,-18,-5,-1,-7,-26,16,-33,-28,-12,-5,7
0,-8,-16,18,23,13,-10,-3,-2,-15,-33,6,4,30,-12,-3,-1,-18,-42,-20,23,16,-13,-3,-1,-19,-36,1,24,14,-15,-1,0,5,-18,-31,-18,26,35,0,-2,74,23,-27,-29,8,48,-2,-1,30,36,11,-11,29,21,-5,-1,-7,-12,16,21,13,-12,-5,3
0,-8,-26,-50,23,-12,-10,-3,-2,-15,-47,0,29,-25,-12,-3,-1,-18,-8,37,35,-15,-13,-3,-1,34,27,25,24,18,57,-1,0,39,32,26,23,18,1,0,-2,-13,-25,-1,24,-31,-20,-2,-1,-10,-32,-17,30,-35,-18,-5,-1,-7,-26,-45,11,-28,-12,-5,4
0,-8,-11,-10,23,26,-10,-3,-2,-15,11,0,-51,-25,-12,-3,-1,9,26,-20,-27,-30,-13,-3,-1,-19,27,21,24,26,-2,-1,0,25,32,11,-22,30,14,0,-2,-5,19,-23,-29,25,20,-2,-1,-10,-32,-30,17,17,-13,-5,-1,-7,-22,5,-9,-24,-12,-5,5
0,-8,9,18,12,9,-10,-3,-2,-8,20,-30,-26,22,22,-3,-1,-18,21,4,-27,8,39,-3,-1,4,27,-11,-39,18,37,-1,0,18,32,-27,-42,14,35,0,-2,19,34,-16,-25,33,3,-2,-1,57,36,2,21,13,-18,-5,-1,-7,12,16,16,-20,-12,-5,0
0,-8,25,24,12,-16,-10,-3,-2,-15,11,6,19,11,-12,-3,-1,-18,-25,4,31,28,17,-3,-1,-19,3,29,24,22,5,-1,0,-16,-25,11,15,-32,-20,0,-2,-13,-18,33,1,-35,-20,-2,-1,-10,23,11,-38,-35,-18,-5,-1,-7,36,-28,-57,-28,-12,-5,7
0,-8,-21,12,-27,-25,-10,-3,-2,-15,-20,24,29,-29,-12,-3,-1,-18,-13,37,31,-30,-13,-3,-1,-19,-12,29,20,-31,-15,-1,0,-16,-6,26,19,-36,-20,0,-2,-13,-11,33,32,-31,-20,-2,-1,-10,-15,29,30,-11,-18,-5,-1,-7,-22,16,21,5,-12,-5,1
0,-8,-16,12,6,9,-10,-3,-2,-15,7,6,9,18,-12,-3,-1,-18,4,-4,-4,31,17,-3,-1,-19,-16,29,20,35,37,-1,0,-16,-29,-27,-26,10,35,0,-2,-13,-25,-27,-29,12,31,-2,-1,17,23,-12,-38,9,30,-5,-1,-7,-17,-12,16,37,0,-5,9
0,-8,-1,1,6,-8,-10,-3,-2,8,25,-12,-41,-13,49,-3,-1,-18,21,29,15,28,9,-3,-1,-19,-8,29,20,-27,-15,-1,0,-16,-18,26,23,-19,-20,0,-2,-13,4,25,20,16,-20,-2,-1,-10,19,11,17,9,-18,-5,-1,-7,7,21,-4,-20,-12,-5,8
0,-8,-26,12,-10,-25,-10,-3,-2,-15,-33,24,29,-21,-12,-3,-1,-18,-13,37,35,-3,-13,-3,-1,-19,11,29,24,-10,-15,-1,0,-16,-14,23,23,-11,-20,0,-2,-13,-25,21,32,-35,-20,-2,-1,-10,-32,20,12,-35,-18,-5,-1,-7,-26,-12,-9,-28,-12,-5,1
0,-8,9,12,-21,-8,-10,-3,-2,-15,25,-24,24,22,-6,-3,-1,9,26,-12,-27,0,17,-3,-1,42,19,-36,-39,-14,11,-1,0,39,32,-35,-42,-19,14,0,-2,11,34,-23,-29,12,3,-2,-1,-10,32,29,30,13,-18,-5,-1,-7,2,5,-23,-28,-12,-5,0
0,-8,14,24,-38,-25,-10,-3,-2,-8,11,-6,29,-33,-12,-3,-1,-18,0,-29,23,-19,-13,-3,-1,-19,-24,-32,24,-27,-15,-1,0,-16,-29,0,7,-36,-20,0,-2,-13,-14,29,-10,-35,-20,-2,-1,-10,27,25,-6,-3,-4,-5,-1,-7,7,-1,1,21,64,10,2
0,-8,-11,18,23,43,34,-3,-2,-15,-33,12,-16,26,8,-3,-1,-18,-42,-29,-12,24,-13,-3,-1,-19,-28,1,20,35,77,-1,0,-16,-2,26,15,-11,-6,0,-2,-13,-25,3,1,-35,-20,-2,-1,-10,-24,29,-34,-35,-18,-5,-1,-7,-2,-1,-57,-28,-12,-5,7
0,-8,-1,12,-5,9,-10,-3,-2,15,20,-59,29,30,-12,-3,-1,36,9,-29,19,31,-13,-3,-1,-4,23,29,24,30,11,-1,0,-16,-29,-20,-1,30,-6,0,-2,-13,-25,-27,-14,33,-8,-2,-1,30,23,-7,21,29,-18,-5,-1,-7,7,16,1,-8,-12,-5,9
0,-8,-21,-16,18,-16,-10,-3,-2,-15,-24,24,-16,-29,-12,-3,-1,-18,17,4,-27,-30,-13,-3,-1,-19,23,-11,-7,-14,-15,-1,0,-16,28,26,11,22,28,0,-2,-13,26,-16,-29,-22,48,-2,-1,-10,-7,-3,-11,1,55,-5,-1,-7,-26,-12,11,29,0,-5,6
0,-8,-26,-50,-16,43,106,46,-2,-15,-29,24,14,11,96,26,-1,-18,-29,-8,-27,-7,84,-3,-1,-19,-36,-28,-11,26,44,-1,0,-16,-14,26,23,26,1,0,-2,-13,8,3,13,16,-20,-2,-1,-10,-32,-44,12,-19,-18,-5,-1,-7,-26,-56,16,-24,-12,-5,7
0,-8,-6,-10,-5,-8,-10,-3,-2,-8,2,24,29,22,-12,-3,-1,9,26,37,35,16,-13,-3,-1,12,27,29,24,-2,-15,-1,0,12,32,26,23,-3,-20,0,-2,19,34,33,32,-5,-20,-2,-1,30,32,29,30,13,-18,-5,-1,-7,-2,-1,1,21,-6,-5,1
0,-8,-6,18,23,22,-10,-3,-2,-15,-15,-18,-6,30,-12,-3,-1,-18,-42,-29,-12,20,-13,-3,-1,-19,-32,1,20,35,51,-1,0,-16,21,23,23,-3,-6,0,-2,-13,-14,-1,20,-35,-20,-2,-1,-10,-28,16,-25,-35,-18,-5,-1,-7,2,-6,-57,-28,-12,-5,7
0,70,55,24,12,5,-2,-3,-2,-8,-7,-18,24,30,15,-3,-1,-18,-42,0,35,16,-6,-3,-1,-19,-36,1,24,-22,-15,-1,0,-16,-29,-23,19,-7,-20,0,-2,-13,-25,-27,5,29,-20,-2,-1,4,10,2,30,29,-4,-5,-1,44,36,21,1,-8,-12,-5,3
0,-8,9,1,-16,-25,-10,-3,-2,-15,7,24,29,-29,-12,-3,-1,-18,4,37,35,-30,-13,-3,-1,-19,11,29,24,-31,-15,-1,0,-16,21,26,23,-36,-20,0,-2,-13,23,33,32,-35,-20,-2,-1,4,27,29,30,-31,-18,-5,-1,-7,-7,-1,1,9,-12,-5,1
0,-8,-26,-10,18,-25,-10,-3,-2,-15,2,18,-36,-33,-12,-3,-1,29,21,-12,-27,-30,-13,-3,-1,73,7,-32,-27,2,-2,-1,0,12,17,23,19,30,41,0,-2,-13,-25,3,32,-1,-8,-2,-1,-10,-32,2,12,-35,-18,-5,-1,-7,-26,-1,-14,-28,-12,-5,4
0,-8,-11,1,23,13,-10,-3,-2,-15,7,-18,14,30,49,-3,-1,2,26,-8,-27,0,77,-3,-1,-19,-1,29,0,22,-2,-1,0,-16,-29,-20,23,14,-20,0,-2,-13,-25,14,5,33,-20,-2,-1,-10,-28,25,-34,13,-18,-5,-1,-7,-17,21,21,-4,-12,-5,8
0,-8,-1,-10,12,43,70,-3,-2,0,20,18,-26,-17,-6,-3,-1,-4,26,9,-12,-27,-13,-3,-1,-4,27,29,24,14,-15,-1,0,-2,5,-31,-42,22,8,0,-2,-13,-25,-27,-25,25,-3,-2,-1,-10,-32,-35,17,-7,-18,-5,-1,-7,7,10,-23,-28,-12,-5,5
0,-8,-26,-61,-5,13,-10,-3,-2,-15,-47,-30,29,18,-12,-3,-1,-18,-25,29,35,4,-13,-3,-1,57,27,9,24,2,-15,-1,0,-16,-29,-23,23,-11,-20,0,-2,-13,-25,-16,32,-1,-20,-2,-1,-10,-32,-21,30,5,-18,-5,-1,-7,-26,-56,11,-4,-12,-5,1
0,-8,-26,-61,6,-21,-10,-3,-2,-15,-42,12,24,-33,-12,-3,-1,-18,-29,37,-4,-30,-13,-3,-1,-19,-12,13,-39,-31,-15,-1,0,-16,5,19,-1,-23,-20,0,-2,-13,4,33,32,33,-14,-2,-1,-10,2,29,26,29,6,-5,-1,-7,-26,-56,-4,17,-6,-5,6
0,-8,-16,18,-44,-25,-10,-3,-2,-15,2,6,-51,-33,-12,-3,-1,-18,26,-4,-27,-30,-13,-3,-1,4,27,-7,-39,-31,-15,-1,0,12,32,26,19,-15,-20,0,-2,19,34,-9,-18,20,20,-2,-1,4,27,-3,-43,-3,45,-5,-1,-7,-17,5,21,37,35,-5,6
0,-8,-1,18,23,39,-2,-3,-2,60,25,-6,-11,30,22,-3,-1,63,0,-25,11,28,-6,-3,-1,-19,-36,-3,24,14,-9,-1,0,-16,-29,-31,-1,30,48,0,-2,-13,-25,-20,-29,-5,71,-2,-1,-10,2,16,-20,25,40,-5,-1,-7,-2,16,21,29,6,-5,3
0,18,35,1,18,43,41,-3,-2,38,25,24,14,-9,-6,-3,-1,63,26,-16,-27,-30,-13,-3,-1,4,19,25,-35,-31,-15,-1,0,-16,-25,26,-14,-36,-20,0,-2,-13,-25,29,1,-35,-20,-2,-1,57,-2,29,-11,-35,-18,-5,-1,70,45,21,-33,-28,-12,-5,5
0,18,35,24,23,39,-10,-3,-2,38,11,-30,-11,30,-12,-3,-1,-18,-38,-29,4,24,-13,-3,-1,-19,-8,25,24,35,57,-1,0,5,28,11,19,-19,-6,0,-2,-13,-22,18,-3,-35,-20,-2,-1,-10,-24,29,-34,-35,-18,-5,-1,-7,36,-17,-57,-28,-12,-5,7
0,-8,-6,24,23,-8,-10,-3,-2,-15,7,-6,-16,11,-12,-3,-1,-18,-4,-20,-8,16,-13,-3,-1,-19,-36,-36,-11,14,-15,-1,0,-16,-29,-35,11,-11,-20,0,-2,-13,-25,-20,32,-31,-20,-2,-1,-10,-28,25,26,5,-13,-5,-1,-7,-2,21,-18,17,53,-5,2
0,-8,-1,1,6,-16,-10,-3,-2,8,25,12,29,18,-6,-3,-1,9,26,9,35,16,-6,-3,-1,-11,-1,29,20,-27,-15,-1,0,-9,21,26,23,-15,-20,0,-2,11,34,-9,16,33,-20,-2,-1,30,32,-12,21,13,-18,-5,-1,-7,2,21,6,-16,-12,-5,8
0,-8,-26,1,12,-21,-10,-3,-2,-15,-7,24,-1,-13,-12,-3,-1,-18,-8,25,-8,24,-13,-3,-1,-19,-28,21,24,35,11,-1,0,-16,-29,-35,-26,5,48,0,-2,-13,-25,-27,-29,-18,71,-2,-1,-10,-24,-17,-25,1,60,-5,-1,-7,-22,-6,21,33,29,-5,9
0,18,50,24,23,43,27,-3,-2,38,25,24,9,3,-6,-3,-1,69,26,-16,-27,-30,-13,-3,-1,19,27,9,-39,-31,-15,-1,0,-16,9,26,-18,-36,-20,0,-2,-13,-22,29,13,-35,-20,-2,-1,4,-15,20,12,-35,-18,-5,-1,70,45,21,-28,-28,-12,-5,5
0,-8,-16,-5,6,-4,-10,-3,-2,-15,25,-12,14,30,35,-3,-1,-18,17,13,-27,8,69,-3,-1,-19,-20,21,24,22,-9,-1,0,-16,-29,7,11,14,-13,0,-2,-13,4,10,-22,25,-3,-2,-1,-10,10,2,-29,25,-13,-5,-1,-7,-17,16,21,-4,-12,-5,8
0,-8,-26,-16,6,-25,-10,-3,-2,-15,-33,18,-21,15,-12,-3,-1,-11,9,4,-8,24,-13,-3,-1,27,19,-36,8,-2,-15,-1,0,80,-6,-27,23,1,14,0,-2,114,23,21,32,29,3,-2,102,127,36,29,12,-27,-18,-5,-1,70,-12,5,-38,-28,-12,-5,4
0,-8,9,7,23,-4,-10,-3,-2,30,20,-30,-21,22,-12,-3,-1,43,-21,-25,11,4,-13,-3,-1,-19,-36,-3,24,-10,-15,-1,0,-16,-29,-31,-18,26,-13,0,-2,-13,-25,-27,-29,-31,48,-2,-1,-10,-15,-21,-34,-15,45,-5,-1,-7,2,-1,21,29,17,-5,3
0,-8,35,24,23,9,-10,-3,-2,8,25,6,-11,-13,-12,-3,-1,-4,26,-16,-27,-30,-13,-3,-1,-19,27,17,-3,-31,-15,-1,0,-16,9,26,23,-7,-20,0,-2,-13,-25,-23,9,20,-20,-2,-1,-10,-24,6,30,5,-18,-5,-1,-7,26,21,1,-28,-12,-5,5
0,-8,-26,-5,-38,-12,70,-3,-2,-15,-15,12,-41,15,49,-3,-1,-4,21,-4,-16,31,24,-3,-1,34,27,-3,12,35,70,-1,0,32,32,26,23,-7,-13,0,-2,-13,-11,10,20,-35,-20,-2,-1,-10,-32,11,-16,-35,-18,-5,-1,-7,-26,-1,-57,-28,-12,-5,4
0,-8,-26,-39,18,30,5,-3,-2,-15,-47,0,-16,11,28,-3,-1,-18,-42,9,19,28,-6,-3,-1,-19,-32,-3,24,-14,-15,-1,0,5,28,-4,11,-36,-20,0,-2,43,19,-27,9,-5,-20,-2,-1,-10,19,6,3,-3,-18,-5,-1,-7,-26,-34,6,13,-12,-5,8
0,-8,20,1,12,1,-10,-3,-2,-15,25,-36,-51,-33,-12,-3,-1,-4,21,-29,-27,-30,-13,-3,-1,42,23,13,24,6,-9,-1,0,-9,1,-12,-34,14,28,0,-2,-13,-25,-27,-29,12,20,-2,-1,-10,-32,-44,-6,25,-9,-5,-1,-7,31,10,-14,-20,-12,-5,5
0,-8,4,-5,23,30,27,-3,-2,0,25,24,29,30,69,-3,-1,-18,-42,-29,-8,31,17,-3,-1,-19,-36,5,20,-10,-15,-1,0,-16,5,26,-30,-36,-20,0,-2,-13,23,33,20,-31,-20,-2,-1,-10,-32,-21,30,21,-18,-5,-1,-7,-2,10,-4,-4,-12,-5,3
0,-8,-11,18,-33,-25,-10,-3,-2,-15,-7,6,-46,-9,49,-3,-1,2,26,-16,-4,28,24,-3,-1,34,23,-32,16,6,18,-1,0,53,21,0,23,26,28,0,-2,43,34,33,13,-18,-20,-2,-1,-10,-19,29,-20,-35,-18,-5,-1,-7,-7,21,-43,-28,-12,-5,4
0,-8,20,24,-5,-21,-10,-3,-2,23,25,-12,29,3,-12,-3,-1,23,17,-25,8,28,-13,-3,-1,-11,23,-11,4,35,-2,-1,0,-16,-2,26,19,30,28,0,-2,-13,-25,-16,-25,12,31,-2,-1,30,27,-3,-2,21,40,-5,-1,-7,31,21,21,25,6,-5,9
0,-8,-1,-22,1,43,19,-3,-2,8,25,-6,-16,-29,-12,-3,-1,2,17,-4,-12,-30,-13,-3,-1,19,27,13,16,-6,-15,-1,0,-16,-22,-35,-26,14,-20,0,-2,-13,-25,-27,-14,8,-20,-2,-1,-10,-7,-7,21,-7,-18,-5,-1,-7,7,5,-23,-28,-12,-5,5
0,-8,9,24,6,-8,-10,-3,-2,-15,-15,24,29,3,-12,-3,-1,-18,-38,37,35,4,-13,-3,-1,-19,-24,29,24,6,-15,-1,0,-16,1,26,23,-3,-20,0,-2,-13,12,33,32,-18,-20,-2,-1,-10,6,29,21,-31,-18,-5,-1,-7,-7,-1,11,5,-12,-5,1
0,-8,45,1,1,26,34,-3,-2,0,20,-24,-11,-1,15,-3,-1,16,9,-29,-27,-30,-13,-3,-1,42,27,13,4,-2,-15,-1,0,-9,-14,-20,-6,26,28,0,-2,-13,-25,-27,-29,-1,26,-2,-1,4,15,-26,-20,21,16,-5,-1,-7,31,21,21,5,-6,-5,5
0,127,55,24,23,43,70,-3,-2,45,25,-18,-21,-33,-6,-3,-1,2,26,-16,-27,-30,-13,-3,-1,-19,7,13,-39,-31,-15,-1,0,-16,-14,26,-38,-36,-20,0,-2,19,-25,25,-14,-35,-20,-2,-1,110,6,29,-29,-35,-18,-5,-1,121,45,5,-57,-28,-12,-5,5
0,-8,-11,-5,6,39,12,-3,-2,15,25,12,4,30,42,-3,-1,-4,-21,-29,27,28,-6,-3,-1,-19,-36,-36,24,14,-15,-1,0,-16,-29,-35,3,5,-20,0,-2,-13,-25,-27,1,16,-20,-2,-1,-10,2,6,26,-3,-18,-5,-1,-7,-17,-1,11,-16,-12,-5,3
0,96,40,24,23,39,12,-3,-2,60,7,-30,-11,30,42,-3,-1,-18,-42,-25,19,28,2,-3,-1,-19,-36,-20,24,10,-15,-1,0,-16,-29,-4,23,-19,-20,0,-2,-13,-25,-23,32,8,-20,-2,-1,57,-2,-26,26,17,-18,-5,-1,121,50,21,21,1,-12,-5,3
0,-8,-6,12,12,-8,-10,-3,-2,-15,20,-12,-1,18,-12,-3,-1,16,21,-29,-20,28,32,-3,-1,12,15,-36,-39,26,37,-1,0,25,5,-35,-42,14,28,0,-2,11,26,-23,-29,16,9,-2,-1,-10,19,-3,-16,25,-9,-5,-1,-7,-12,10,11,-4,-12,-5,0
0,-8,-1,1,23,26,19,-3,-2,-8,7,-30,-26,30,22,-3,-1,-4,-4,-29,4,4,-13,-3,-1,-19,-28,-24,8,-27,-15,-1,0,12,17,19,19,14,8,0,-2,27,-11,33,-25,-35,-20,-2,-1,-10,-28,11,-43,-35,-18,-5,-1,-7,-12,-1,-57,-28,-12,-5,7
0,-8,-16,-10,1,-16,-10,-3,-2,-15,2,24,14,7,-12,-3,-1,-18,-4,0,-20,28,-13,-3,-1,-19,-24,-28,-27,30,-15,-1,0,-16,-29,-35,-1,5,-20,0,-2,-13,-18,-1,32,-5,-20,-2,-1,-10,6,29,30,29,60,71,-1,-7,-12,5,-14,5,11,-5,2
0,-8,-11,12,-21,1,19,-3,-2,-15,2,24,29,30,90,26,-1,2,26,-16,-20,28,32,-3,-1,19,-5,-36,-3,26,-15,-1,0,-16,-2,0,19,18,8,0,-2,-13,12,33,32,29,-3,-2,-1,-10,-32,16,-11,-35,-18,-5,-1,-7,2,16,-48,-28,-12,-5,7
0,-8,20,24,23,9,-10,-3,-2,23,25,18,19,30,-12,-3,-1,9,-4,-16,23,16,-13,-3,-1,-19,-36,-3,20,-27,-15,-1,0,-16,-22,26,-14,-36,-20,0,-2,-13,15,25,-25,-18,-3,-2,-1,-10,36,20,26,29,1,-5,-1,-7,17,21,16,-8,-12,-5,2
0,18,25,-16,-5,-4,-10,-3,127,90,-11,-65,-41,11,-12,-3,-1,76,-29,-29,15,-11,-13,-3,-1,-4,11,13,4,-31,-15,-1,0,-16,-22,23,15,-19,-20,0,-2,-13,15,-9,-25,16,-8,-2,-1,-10,23,-44,-43,21,-9,-5,-1,-7,17,5,21,9,-12,-5,8
0,-8,-26,-67,-38,35,12,-3,-2,-15,-47,-71,-6,30,42,-3,-1,-18,-42,9,35,31,24,-3,-1,-11,15,25,8,35,-9,-1,0,12,17,-23,-1,26,-20,0,-2,-13,-25,-27,13,16,-20,-2,-1,-10,-32,-44,-6,13,-18,-5,-1,-7,-26,-67,-33,25,11,-5,1
0,-8,-21,7,12,-12,-10,-3,-2,-15,-11,24,14,-25,-12,-3,-1,-4,26,37,-16,-30,-13,-3,-1,4,27,13,-35,-31,-15,-1,0,18,32,19,-22,-36,-20,0,-2,11,34,33,32,33,14,-2,-1,4,27,29,30,29,40,-5,-1,-7,-12,-1,16,29,29,-5,6
0,-8,9,24,23,43,48,-3,-2,-15,-2,0,-1,30,1,-3,-1,-18,13,-4,0,20,-13,-3,-1,-19,3,-32,12,-10,-15,-1,0,-16,5,3,23,-3,1,0,-2,-5,19,29,32,33,9,-2,-1,-10,-28,29,-34,-23,-18,-5,-1,-7,17,10,-57,-28,-12,-5,7
0,-8,20,24,-10,-16,-10,-3,-2,-15,25,12,4,7,-12,-3,-1,-11,26,9,19,28,-13,-3,-1,-19,-8,25,24,35,37,-1,0,-16,-29,3,-18,30,48,0,-2,-13,-25,-27,-25,29,31,-2,-1,-10,-32,-40,-11,29,21,-5,-1,-7,2,21,21,29,-6,-5,9
0,-8,4,12,-5,-21,-10,-3,-2,-15,20,-42,-21,26,-12,-3,-1,9,26,-29,-27,4,9,-3,-1,42,-1,-36,-39,-14,37,-1,0,32,1,-35,-42,-19,35,0,-2,19,4,-27,-29,3,3,-2,-1,4,23,-35,-29,21,-18,-5,-1,-7,-2,10,16,-12,-12,-5,0
0,-8,-26,-33,23,-8,-10,-3,-2,-15,-42,6,24,-29,-12,-3,-1,-11,4,37,-8,-30,-13,-3,-1,42,27,5,-39,10,24,-1,0,67,32,-4,-6,30,62,0,-2,3,30,33,32,33,20,-2,-1,-10,-32,-26,30,9,-18,-5,-1,-7,-26,-28,21,-16,-12,-5,4
0,18,50,24,-44,-25,-10,-3,-2,53,25,-6,19,-33,-12,-3,-1,63,0,-8,35,-30,-13,-3,-1,12,-8,-3,12,-31,-15,-1,0,-16,-25,23,-18,-36,-20,0,-2,-13,-7,33,-22,-35,-20,-2,-1,43,32,20,3,9,40,21,-1,-7,36,21,21,33,53,10,2
0,-8,14,18,18,-16,-10,-3,-2,0,25,6,9,7,-12,-3,-1,2,21,-25,8,12,-13,-3,-1,-19,-36,-32,20,2,-15,-1,0,-16,-29,3,11,-32,-20,0,-2,-13,4,33,-3,-35,-20,-2,-1,70,36,29,17,-7,11,21,-1,-7,7,-39,1,37,76,24,2
0,-8,-26,-61,23,-4,-10,-3,-2,-15,-47,-42,29,11,-12,-3,-1,-18,-42,21,35,12,-13,-3,-1,34,11,29,24,-2,-15,-1,0,12,1,11,23,-19,-20,0,-2,-13,-25,6,32,-26,-20,-2,-1,-10,-32,2,30,-27,-18,-5,-1,-7,-26,-50,6,-8,-12,-5,1
0,-8,-6,24,-33,-25,-10,-3,-2,-15,7,18,-46,-33,-12,-3,-1,-11,26,17,-27,-30,-13,-3,-1,42,27,-24,-39,-2,11,-1,0,67,32,-12,3,30,28,0,-2,43,34,33,28,-22,-20,-2,-1,-10,-15,29,3,-35,-18,-5,-1,-7,-7,21,-28,-28,-12,-5,4
0,-8,-26,-50,6,5,-10,-3,-2,-15,-42,12,4,-33,-12,-3,-1,-18,9,21,-24,-23,9,-3,-1,34,27,-20,-35,30,51,-1,0,53,24,-35,-14,30,35,0,-2,106,34,33,32,33,-14,-2,-1,43,15,6,26,9,-18,-5,-1,-7,-26,-56,16,-12,-12,-5,4
0,-8,-16,-10,12,18,-10,-3,-2,-8,20,-18,-6,30,-6,-3,-1,29,-4,-29,8,16,-13,-3,-1,34,-8,-24,20,30,-15,-1,0,-2,28,23,-14,30,-13,0,-2,-13,-22,-20,-29,3,3,-2,-1,-10,-11,16,-25,-3,26,-5,-1,-7,-22,-12,16,37,23,-5,9
0,-8,-16,-10,23,30,-10,-3,-2,8,25,-24,-41,30,-6,-3,-1,36,13,-29,-20,31,32,-3,-1,27,27,13,24,35,31,-1,0,-16,-22,-20,-10,14,-13,0,-2,-13,-25,-23,28,-22,-20,-2,-1,-10,-32,-3,3,-35,-18,-5,-1,-7,-22,21,-43,-28,-12,-5,9
0,-8,-21,12,-33,-25,-10,-3,-2,-15,-15,24,-46,-33,-12,-3,-1,-18,13,13,-27,-30,-13,-3,-1,-19,19,-7,-39,-31,-15,-1,0,5,32,3,-10,-23,-20,0,-2,-13,34,21,16,25,20,-2,-1,-10,27,-3,-25,9,45,-5,-1,-7,-17,-1,21,21,11,-5,6
0,-8,-11,7,18,-21,-10,-3,-2,15,20,12,24,7,-12,-3,-1,69,13,-20,23,4,-13,-3,-1,88,3,-36,20,6,-15,-1,0,-9,-25,-27,23,-19,-20,0,-2,-13,-25,6,28,-31,-20,-2,-1,-10,-24,25,30,29,60,127,-1,-7,-17,16,21,13,59,53,2
0,-8,-26,-16,-16,-25,-10,-3,-2,-15,-33,24,-6,-33,-12,-3,-1,2,17,13,-27,-23,-13,-3,-1,57,27,-16,-11,30,-9,-1,0,-2,13,23,23,18,-13,0,-2,-13,-25,-1,32,-22,-20,-2,-1,-10,-32,-17,26,-35,-18,-5,-1,-7,-26,-45,21,-8,-12,-5,4
0,-8,-6,1,23,1,-10,-3,-2,15,25,-12,-26,30,15,-3,-1,36,13,-29,-8,28,24,-3,-1,27,11,-7,20,-18,-15,-1,0,-16,17,26,7,-32,-20,0,-2,-13,15,10,5,12,-20,-2,-1,-10,19,-17,-43,17,-4,-5,-1,-7,2,5,6,5,-12,-5,8
0,-8,-26,7,-33,-25,-10,-3,-2,-15,-24,24,-11,-33,-12,-3,-1,-18,4,4,-27,-30,-13,-3,-1,-19,15,-20,-39,-31,-15,-1,0,-16,24,23,23,22,14,0,-2,-13,23,-1,-29,-35,54,79,-1,-10,10,-17,-43,-15,50,-5,-1,-7,-17,5,1,33,11,-5,6
0,-8,-6,7,18,1,-10,-3,-2,-15,20,-6,-41,22,1,-3,-1,2,17,-25,-27,16,17,-3,-1,19,11,-36,-39,6,18,-1,0,18,-10,-35,-42,14,-6,0,-2,19,8,-27,-22,20,-8,-2,-1,-10,23,-35,21,-7,-18,-5,-1,-7,-2,21,-23,-28,-12,-5,0
0,-8,-26,-67,6,9,-10,-3,-2,-15,-47,-42,29,-21,-12,-3,-1,-18,-42,29,11,-23,54,-3,-1,-11,7,17,-39,10,83,-1,0,67,28,-16,-14,22,48,0,127,106,34,33,32,33,3,-2,-1,43,-15,-30,3,21,-18,-5,-1,-7,-26,-67,16,1,-12,-5,4
0,-8,-16,-5,12,9,-2,-3,-2,8,16,-18,-11,18,15,-3,-1,23,4,-25,-12,24,-6,-3,-1,-19,-1,21,20,-6,-15,-1,0,-16,-29,11,15,5,-20,0,-2,-13,-11,18,-22,20,9,-2,-1,-10,-15,6,-38,9,21,-5,-1,-7,-22,-17,21,29,0,-5,8
0,-8,20,24,-10,-21,-10,-3,-2,-15,-11,-54,29,-17,-12,-3,-1,-18,-42,-8,27,-23,-13,-3,-1,-19,-28,29,20,-2,-15,-1,0,-16,-29,-35,-30,26,-6,0,-2,19,-3,-27,-29,20,20,-2,-1,70,23,-40,-20,29,-4,-5,-1,-7,21,21,16,-8,-12,-5,3
0,-8,-21,7,-21,-25,-10,-3,-2,-15,-15,24,-36,-33,-12,-3,-1,-18,17,9,-27,-3,39,-3,-1,4,27,-24,-31,30,44,-1,0,46,32,-4,7,26,-20,0,-2,35,34,33,32,-5,-20,-2,-1,-10,-19,11,26,-31,-18,-5,-1,-7,-26,5,-14,-28,-12,-5,4
0,-8,4,1,6,-16,-10,-3,-2,8,25,-36,-46,26,-12,-3,-1,16,26,25,19,31,2,-3,-1,-4,15,29,8,30,11,-1,0,-16,-29,-35,-42,-3,35,0,-2,-13,-22,-27,-29,-1,26,-2,-1,30,36,-35,-43,5,16,-5,-1,-7,-2,-6,21,25,-6,-5,9
0,-8,-16,18,18,-12,-10,-3,-2,8,7,18,-1,18,-12,-3,-1,2,26,29,15,24,-13,-3,-1,-19,-8,29,24,6,-15,-1,0,-16,-10,26,11,-36,-20,0,-2,-13,23,33,13,-35,-20,-2,-1,-10,23,29,26,-35,-18,-5,-1,-7,-17,16,-9,-28,-12,-5,8
0,-8,-1,7,6,9,-10,-3,-2,-15,25,-6,14,30,28,-3,-1,-11,26,-8,-20,24,54,-3,-1,-19,-1,29,24,30,-15,-1,0,-16,9,26,15,22,-20,0,-2,27,30,-12,-29,33,14,-2,-1,70,27,-12,-16,29,1,-5,-1,-7,7,16,21,13,-12,-5,8
0,-8,9,24,-16,9,5,-3,-2,23,25,12,29,30,15,-3,-1,36,17,-29,-4,31,17,-3,-1,-11,27,29,20,35,24,-1,0,-16,-29,-20,-26,18,35,0,-2,-13,-25,-27,-29,20,26,-2,-1,-10,19,-3,7,29,16,-5,-1,-7,7,16,11,1,-12,-5,9
0,-8,9,7,-5,-25,-10,-3,-2,30,25,-6,29,-33,-12,-3,-1,2,-8,-8,35,-30,-13,-3,-1,-19,-24,25,24,-6,-15,-1,0,-16,-29,-8,-10,30,14,0,-2,35,4,-27,-29,12,31,-2,-1,-10,36,-17,-16,21,11,-5,-1,-7,2,16,21,13,-12,-5,3
0,-8,-16,12,-60,-25,-10,-3,-2,-15,-11,0,-51,-33,-12,-3,-1,-18,9,-8,-27,-30,-13,-3,-1,-4,19,-36,-39,-31,-15,-1,0,-16,9,-35,-18,-7,-6,0,-2,19,19,21,28,25,48,-2,-1,-10,23,11,-34,9,50,-5,-1,-7,-12,5,21,25,-6,-5,6
0,44,30,12,12,13,-10,-3,-2,8,-2,-30,-1,30,8,-3,-1,-18,-42,-12,23,16,-13,-3,-1,-19,-36,17,20,-22,-15,-1,0,-16,-29,23,-6,-36,-20,0,-2,-13,-25,6,28,-35,-20,-2,-1,-10,-28,16,-2,-35,-18,-5,-1,19,45,5,-53,-28,-12,-5,3
0,-8,-26,-61,18,-16,-10,-3,-2,-15,-47,-36,19,-33,-12,-3,-1,-18,-42,17,8,-30,32,-3,-1,-19,-12,25,-35,14,83,-1,0,18,32,19,-1,30,35,0,127,106,34,33,32,33,-3,-2,-1,30,-2,-21,17,9,-18,-5,-1,-7,-26,-67,16,-16,-12,-5,4
0,18,40,24,23,9,-10,-3,-2,68,11,-48,14,-5,-12,-3,-1,29,-38,0,35,-27,-13,-3,-1,-19,-16,29,20,6,-15,-1,0,-16,-18,-12,-10,26,35,0,-2,-13,-3,-23,-29,-5,54,-2,-1,43,36,-21,-34,17,30,-5,-1,19,31,21,21,17,-6,-5,3
0,-8,-1,1,23,43,41,-3,-2,-15,-2,-18,-31,11,69,-3,-1,-18,-42,-29,-27,20,39,-3,-1,-19,-28,5,20,35,70,-1,0,-16,24,15,23,5,-13,0,-2,-13,-14,-12,32,-26,-20,-2,-1,-10,-32,16,-2,-35,-18,-5,-1,-7,2,5,-57,-28,-12,-5,7
0,-8,9,24,23,39,27,-3,-2,-15,-7,0,24,30,35,-3,-1,-18,-42,-29,8,28,-6,-3,-1,-19,-8,13,20,30,37,-1,0,-9,32,26,23,18,14,0,-2,-13,-25,25,9,-35,-20,-2,-1,-10,-11,29,-34,-35,-18,-5,-1,-7,12,10,-53,-28,-12,-5,7
0,-8,-11,1,1,-12,-10,-3,-2,-15,-29,24,29,-17,-12,-3,-1,-18,-21,37,35,-11,-13,-3,-1,-19,7,29,20,-31,-15,-1,0,-16,17,26,15,-36,-20,0,-2,-13,23,33,5,-35,-20,-2,-1,-10,-2,29,3,-31,-18,-5,-1,-7,-2,5,11,-12,-12,-5,1
0,-8,14,18,23,22,-10,-3,-2,0,25,-12,-31,22,15,-3,-1,23,26,-20,-27,0,47,-3,-1,57,11,-36,-39,14,24,-1,0,46,13,-35,-42,26,21,0,-2,51,19,-27,-3,29,-14,-2,-1,17,32,-12,26,1,-18,-5,-1,-7,21,21,1,-24,-12,-5,0
0,-8,4,7,-55,-25,-10,-3,-2,15,25,24,29,11,-12,-3,-1,-18,9,17,-24,-7,-6,-3,-1,-19,11,21,0,-22,-15,-1,0,-16,-25,-4,7,14,-20,0,-2,-13,-25,-27,5,25,-20,-2,-1,-10,-15,-3,30,-15,-18,-5,-1,-7,17,10,-38,-28,-12,-5,5
0,-8,-11,18,23,26,-10,-3,-2,-15,-20,24,-21,22,28,-3,-1,-18,-42,-16,-24,28,32,-3,-1,-19,-36,-32,16,35,5,-1,0,18,1,-27,11,30,1,0,-2,27,34,-27,-29,3,54,-2,-1,4,32,6,-6,13,60,21,-1,-7,-12,10,21,37,41,-5,3
0,-8,30,24,-27,-25,-10,-3,-2,-8,25,-6,24,-33,-12,-3,-1,-4,26,-8,35,-15,-13,-3,-1,-19,-28,-28,24,-18,-15,-1,0,-16,-29,-16,23,-36,-20,0,-2,-13,-25,6,24,-35,-20,-2,-1,-10,6,29,21,-7,11,-5,-1,-7,36,10,11,37,82,82,2
0,127,40,-39,-21,9,-2,-3,-2,45,25,24,29,30,28,-3,-1,23,26,9,-4,-15,-13,-3,-1,27,27,29,20,-10,-15,-1,0,-16,-14,-16,19,14,-20,0,-2,-13,-25,-16,32,3,-20,-2,-1,4,2,16,26,-23,-18,-5,-1,95,50,16,-43,-28,-12,-5,5
0,-8,-26,-67,-38,39,48,-3,-2,-15,-47,-59,24,30,49,-3,-1,-18,-29,33,35,31,62,-3,-1,34,27,5,-7,35,31,-1,0,-16,-25,-35,-10,30,8,0,-2,-13,-25,-27,13,33,-14,-2,-1,-10,-32,-44,-2,29,-13,-5,-1,-7,-26,-67,-18,29,-12,-5,1
0,-8,-26,-67,-27,1,-10,-3,-2,-15,-47,-36,24,-9,-12,-3,-1,-18,-38,33,-8,24,9,-3,-1,-19,11,-3,-23,35,-15,-1,0,18,32,0,-1,30,8,0,-2,-5,15,18,24,25,3,-2,-1,-10,-32,-44,-6,-3,-18,-5,-1,-7,-26,-67,-4,1,-12,-5,4
0,-8,-26,-33,6,43,106,127,-2,-15,-20,24,19,11,96,127,-1,-18,-34,-16,-27,-15,99,127,-1,-19,-28,1,8,35,70,-1,0,-2,28,26,23,30,1,0,-2,19,8,-16,9,8,-20,-2,-1,-10,-32,-40,30,-27,-18,-5,-1,-7,-26,-28,-14,-28,-12,-5,7
0,-8,-26,-67,1,30,-2,-3,-2,-15,-47,-24,29,26,1,-3,-1,-18,0,37,35,16,-13,-3,-1,12,27,29,24,22,-15,-1,0,12,-2,-20,23,-11,-20,0,-2,-13,-25,-23,32,-1,-20,-2,-1,-10,-32,-40,30,-3,-18,-5,-1,-7,-26,-67,1,21,-12,-5,1
0,-8,9,18,23,43,-2,-3,-2,53,25,24,-1,-13,-12,-3,-1,76,26,37,31,-30,-13,-3,-1,65,19,17,24,-22,-15,-1,0,-16,-29,-12,23,-32,-20,0,-2,-13,-25,18,16,-35,-20,-2,-1,-10,-7,29,-11,-35,-18,-5,-1,-7,21,5,-57,-28,-12,-5,5
0,-8,-1,12,-5,-21,-10,-3,-2,-15,25,-12,19,18,-12,-3,-1,-18,17,-20,4,31,32,-3,-1,-19,11,-7,0,35,37,-1,0,-16,-10,26,23,26,35,0,-2,-5,-14,-23,-22,12,31,-2,-1,4,32,-17,-25,13,35,-5,-1,-7,2,21,11,21,6,-5,9
0,-8,4,12,18,5,-10,-3,-2,8,20,-36,-41,22,8,-3,-1,9,13,-29,-24,31,17,-3,-1,-19,3,9,-3,35,24,-1,0,-16,-25,-4,-1,22,14,0,-2,-13,-25,-27,-29,-1,42,-2,-1,4,19,-21,-43,5,35,-5,-1,-7,7,5,21,37,11,-5,9
0,44,50,24,18,-21,-10,-3,-2,8,2,-42,29,-17,-12,-3,-1,-18,-42,-29,31,-11,-13,-3,-1,-19,-36,-20,20,-27,-15,-1,0,-16,-22,19,-22,-36,-20,0,-2,-13,30,10,-29,-35,-20,-2,-1,57,36,-30,-29,-19,-4,-5,-1,95,50,21,21,37,53,-5,2
0,-8,-26,-5,23,-4,-10,-3,-2,-15,-47,-12,29,-13,-12,-3,-1,-18,-25,37,35,-11,-13,-3,-1,65,27,29,24,-18,-15,-1,0,18,1,19,23,-27,-20,0,-2,-13,-25,25,32,-26,-20,-2,-1,-10,-32,6,30,-27,-18,-5,-1,-7,-26,-23,21,5,-12,-5,1
0,-8,-16,24,1,-21,-10,-3,-2,-15,2,18,14,11,-12,-3,-1,-4,26,9,-27,24,2,-3,-1,12,27,13,-39,14,18,-1,0,12,32,-12,-42,14,28,0,-2,-13,30,-23,-25,29,31,-2,-1,-10,10,-3,3,25,-9,-5,-1,-7,-17,5,21,5,-12,-5,0
0,-8,-11,12,23,13,-10,-3,-2,-15,11,-12,-21,30,35,-3,-1,16,26,-16,-20,24,32,-3,-1,-19,3,29,24,35,11,-1,0,-16,-29,-35,-42,14,14,0,-2,-13,-25,-27,-29,20,3,-2,-1,30,15,-35,-20,25,-18,-5,-1,-7,-7,-1,21,13,-12,-5,9
0,-8,-26,-16,-10,-25,-10,-3,-2,-15,-15,24,-16,-33,-12,-3,-1,-18,13,25,-24,-30,-13,-3,-1,-19,23,-7,-39,-31,-15,-1,0,12,32,23,7,-7,-20,0,-2,3,34,18,-14,12,37,-2,-1,-10,2,20,-20,1,50,-5,-1,-7,-26,-34,1,29,41,-5,6
0,-8,9,24,18,-21,-10,-3,-2,23,25,6,29,-1,-12,-3,-1,43,4,-29,-12,31,17,-3,-1,73,-5,-36,-39,14,57,-1,0,60,1,-35,-42,-3,62,0,-2,51,23,-27,-29,16,37,-2,-1,17,36,-3,12,25,-4,-5,-1,-7,12,21,6,-8,-12,-5,0
0,-8,-26,-5,-44,-25,-10,-3,-2,-15,-42,24,-31,-21,-12,-3,-1,-18,0,9,35,-15,-13,-3,-1,-4,19,-16,24,-22,-15,-1,0,39,21,-8,23,10,-6,0,-2,67,34,33,32,25,-14,-2,-1,-10,-32,6,17,-35,-18,-5,-1,-7,-26,-6,-23,-28,-12,-5,4
0,-8,25,1,23,43,48,-3,-2,15,25,24,4,-13,15,-3,-1,49,9,-16,-27,-30,-13,-3,-1,73,7,-36,-39,-31,-15,-1,0,25,32,19,-10,-36,-20,0,-2,-13,-7,10,32,-22,-20,-2,-1,-10,-15,-7,30,-23,-18,-5,-1,-7,36,21,-4,-28,-12,-5,5
0,-8,-26,-50,18,43,-2,-3,-2,-15,-15,18,29,22,-12,-3,-1,9,26,37,31,20,-13,-3,-1,-19,-5,-28,20,22,-15,-1,0,-16,-29,-35,23,26,-20,0,-2,-13,-25,-27,32,16,-20,-2,-1,-10,-32,-40,30,29,-9,-5,-1,-7,-26,-50,16,25,-6,-5,1
0,70,25,24,23,43,5,-3,-2,90,25,12,-6,-21,-12,-3,-1,89,9,-29,-27,-30,-13,-3,-1,73,19,-36,-39,-31,-15,-1,0,25,32,-23,-42,-36,-20,0,-2,-13,8,33,-18,-35,-20,-2,-1,-10,-15,20,17,-35,-18,-5,-1,44,45,21,-18,-28,-12,-5,5
0,-8,-1,24,12,9,-10,-3,-2,-15,-29,24,29,-5,-12,-3,-1,-18,17,37,35,0,-13,-3,-1,-19,19,29,24,2,-15,-1,0,-16,13,26,23,-15,-20,0,-2,-13,12,33,32,-1,-20,-2,-1,-10,15,29,30,21,-4,-5,-1,-7,2,21,21,37,6,-5,1
0,-8,-26,12,12,13,-10,-3,-2,-15,-29,24,29,7,-12,-3,-1,-18,13,37,31,-23,-13,-3,-1,-11,23,29,4,-31,-15,-1,0,32,32,26,-22,-36,-20,0,-2,11,34,33,-3,-35,-20,-2,-1,-10,36,29,-6,-35,-18,-5,-1,-7,-12,-1,1,-28,-12,-5,1
0,-8,25,24,-10,-21,-10,-3,-2,30,16,-36,29,-21,-12,-3,-1,16,-25,-8,31,-30,-13,-3,-1,-19,-36,13,16,-27,-15,-1,0,-16,-29,-23,3,26,-13,0,-2,-13,-25,-27,-29,8,26,-2,-1,-10,6,-7,-6,25,11,-5,-1,-7,17,16,16,9,-12,-5,3
0,-8,14,18,-5,-21,-10,-3,-2,-15,-2,-48,-1,-9,-12,-3,-1,-18,-42,-25,23,-7,-13,-3,-1,-19,-36,25,24,-22,-15,-1,0,-16,-29,-20,-10,26,-13,0,-2,-5,-22,-27,-29,3,20,-2,-1,43,23,-21,-29,5,21,-5,-1,-7,7,10,21,33,0,-5,3
0,-8,-11,-10,12,-12,-10,-3,-2,45,25,-6,-1,18,-12,-3,-1,29,17,-29,-24,28,2,-3,-1,-4,27,1,24,35,-9,-1,0,-16,17,26,19,26,-6,0,-2,-13,19,10,-29,-1,26,-2,-1,-10,6,11,-25,-7,40,-5,-1,-7,-17,-6,21,37,41,-5,8
0,-8,9,12,-16,-25,-10,-3,-2,-8,25,-42,-1,-5,-12,-3,-1,-18,13,-20,-16,20,-13,-3,-1,-19,-16,25,24,35,-9,-1,0,-16,-29,-35,-22,5,28,0,-2,-13,-25,-27,-29,-26,59,-2,-1,-10,-15,-35,-43,-35,50,71,-1,-7,-2,16,21,37,59,10,9
0,-8,-26,-50,12,1,-10,-3,-2,-15,-33,12,-1,-29,-12,-3,-1,-11,13,13,-27,-30,-13,-3,-1,50,19,-32,-39,-2,18,-1,0,60,28,-4,-6,30,48,0,-2,43,34,33,28,29,-8,-2,-1,-10,-32,-44,12,9,-18,-5,-1,-7,-26,-50,21,-20,-12,-5,4
0,-8,40,24,23,39,5,-3,-2,-15,16,6,4,30,1,-3,-1,-18,4,25,31,-7,-13,-3,-1,-19,-16,29,0,-31,-15,-1,0,-16,9,19,19,-36,-20,0,-2,-5,26,-16,28,-5,-20,-2,-1,70,15,-44,26,-11,-18,-5,-1,19,36,21,16,-16,-12,-5,8
0,-8,-26,-44,-16,-25,-10,-3,-2,-15,-47,0,4,-33,-12,-3,-1,-18,-25,25,35,-15,-13,-3,-1,-19,11,-11,16,-14,-15,-1,0,12,32,0,19,18,1,0,-2,19,19,18,32,25,14,-2,-1,-10,-32,-44,30,-19,-18,-5,-1,-7,-26,-56,21,-16,-12,-5,4
0,-8,-26,-22,12,13,-10,-3,-2,-15,-7,18,29,26,-12,-3,-1,9,21,-8,4,24,-13,-3,-1,42,19,-32,16,-2,-15,-1,0,-9,28,15,7,-36,-20,0,-2,-13,23,33,20,-35,-20,-2,-1,-10,19,2,26,-7,-18,-5,-1,-7,-17,-12,21,-8,-12,-5,8
0,-8,45,1,1,30,12,-3,-2,-15,25,-24,-11,-9,-6,-3,-1,-18,17,0,-8,-30,-13,-3,-1,-19,23,25,24,-22,-15,-1,0,-16,21,-23,-18,-3,-20,0,-2,-13,-25,-27,-18,20,-20,-2,-1,-10,-11,-26,-6,13,-13,-5,-1,19,45,16,-4,-16,-12,-5,5
0,-8,-1,24,23,5,-10,-3,-2,-15,-20,-18,14,11,-12,-3,-1,-18,-42,-29,11,16,-13,-3,-1,-19,-32,-11,12,2,-15,-1,0,-16,1,26,23,26,21,0,-2,-13,-22,14,24,-1,-8,-2,-1,-10,-32,16,-11,-35,-18,-5,-1,-7,-7,21,-48,-28,-12,-5,7
0,18,9,18,23,13,-10,-3,127,83,16,-30,19,22,-12,-3,-1,23,-38,4,35,0,-13,-3,-1,-19,-24,29,-3,-31,-15,-1,0,-16,-29,7,19,-11,-13,0,-2,-13,-25,-27,-3,29,42,-2,-1,-10,-11,-40,-43,9,60,46,-1,-7,21,21,21,37,29,-5,3
0,-8,-21,18,6,-21,-10,-3,-2,-15,-15,24,19,-1,-12,-3,-1,36,9,9,-20,20,2,-3,-1,34,-1,-32,-39,-6,24,-1,0,18,5,-35,-42,-23,41,0,-2,-13,30,-20,-29,-1,48,-2,-1,-10,6,25,17,29,11,-5,-1,-7,-26,5,11,5,-12,-5,0
0,-8,-21,-33,1,43,56,-3,-2,-15,-2,18,-1,18,49,-3,-1,-18,-34,-25,-27,24,2,-3,-1,-19,-36,-11,8,35,83,-1,0,-16,-10,26,23,22,28,0,-2,-13,-14,-5,28,-35,-20,-2,-1,-10,-32,-12,-2,-35,-18,-5,-1,-7,-26,-6,-48,-28,-12,-5,7
0,-8,-16,1,1,26,56,46,-2,-15,-7,18,9,18,96,127,-1,-18,9,4,-27,0,62,-3,-1,-11,27,-24,-27,30,-2,-1,0,-9,-18,-35,7,-7,-20,0,-2,-13,-25,-12,20,-35,-20,-2,-1,-10,-32,16,-2,-35,-18,-5,-1,-7,-12,16,-43,-28,-12,-5,7
0,-8,-26,-16,-5,-25,-10,-3,-2,-15,-24,12,-36,-25,-12,-3,-1,-18,21,-20,-24,24,9,-3,-1,19,15,-36,12,2,-9,-1,0,39,21,-23,23,22,21,0,-2,35,30,33,20,-22,-20,-2,-1,-10,-32,-3,7,-35,-18,-5,-1,-7,-26,-6,-23,-28,-12,-5,4
0,-8,4,12,-10,-16,-10,-3,-2,-15,20,18,14,26,8,-3,-1,-4,26,13,-27,20,54,-3,-1,-11,27,-16,-39,18,18,-1,0,-16,32,-23,-42,18,21,0,-2,-5,30,-9,-6,20,-14,-2,-1,-10,36,6,21,5,-18,-5,-1,-7,7,21,-4,-24,-12,-5,0
0,-8,-16,7,1,-25,-10,-3,-2,-15,-11,24,-16,-33,-12,-3,-1,-18,13,37,-12,-30,-13,-3,-1,12,27,29,24,14,-15,-1,0,5,32,3,-30,26,35,0,-2,-13,34,3,-29,20,37,-2,-1,-10,19,25,-38,25,26,-5,-1,-7,-17,-6,21,37,0,-5,6
0,18,9,18,23,43,92,-3,-2,60,25,-6,-21,-21,-6,-3,-1,29,26,37,19,-30,-13,-3,-1,42,27,13,24,-14,-15,-1,0,-9,-14,-35,11,-3,-20,0,-2,-13,-25,-27,28,-1,-20,-2,-1,-10,-32,-12,30,-27,-18,-5,-1,-7,36,16,-33,-28,-12,-5,5
0,44,30,7,-5,-16,-10,-3,-2,38,7,-48,14,-1,-12,-3,-1,23,13,-8,27,20,-13,-3,-1,-19,-24,9,-3,14,18,-1,0,-16,-29,-35,-42,-3,35,0,-2,-13,-25,-27,-29,-22,42,-2,-1,-10,-24,-44,-38,1,30,-5,-1,19,45,21,21,29,0,-5,9
0,-8,9,-5,6,9,-2,-3,-2,-8,20,-18,-11,-9,-12,-3,-1,49,26,-29,-27,-30,-13,-3,-1,42,27,29,24,6,-15,-1,0,-16,-6,-16,-1,18,-20,0,-2,-13,-25,-23,24,33,-20,-2,-1,-10,-7,20,21,-19,-18,-5,-1,19,21,10,-48,-28,-12,-5,5
0,-8,-16,-10,12,13,-10,-3,-2,0,16,-6,9,30,-12,-3,-1,9,26,-25,-27,28,-13,-3,-1,-4,15,13,-11,22,-15,-1,0,-16,-25,-4,23,14,-20,0,-2,-13,-25,-12,24,29,3,-2,-1,-10,-32,16,-11,21,1,-5,-1,-7,-26,10,16,13,-12,-5,8
0,-8,-11,1,23,30,-10,-3,-2,-8,16,-18,-1,18,-12,-3,-1,-18,-34,-29,11,8,-13,-3,-1,-19,-24,-7,20,35,51,-1,0,-16,32,26,19,-23,-20,0,-2,-13,-14,21,-3,-35,-20,-2,-1,-10,-32,29,-34,-35,-18,-5,-1,-7,-7,16,-57,-28,-12,-5,7
0,-8,30,-22,-44,30,106,70,-2,0,25,24,29,22,49,26,-1,9,13,-4,35,-15,-13,-3,-1,-19,-28,25,0,-31,-15,-1,0,18,21,26,15,14,-6,0,-2,51,30,29,16,16,-8,-2,-1,-10,32,-3,-43,-35,-18,-5,-1,-7,50,-28,-57,-28,-12,-5,7
0,-8,-26,-61,-5,5,-10,-3,-2,-15,-47,-6,29,-13,-12,-3,-1,-18,-4,33,31,-3,-13,-3,-1,19,27,-24,24,-14,-15,-1,0,53,21,0,23,22,35,0,-2,11,30,33,32,20,14,-2,-1,-10,-32,-44,30,-23,-18,-5,-1,-7,-26,-67,11,-20,-12,-5,4
0,-8,-26,-22,6,-12,-10,-3,-2,-15,-11,24,29,-1,-12,-3,-1,63,26,37,35,-23,-13,-3,-1,50,-1,29,0,-31,-15,-1,0,-16,-22,23,-10,-36,-20,0,-2,-13,-11,33,-3,-35,-20,-2,-1,-10,-19,29,3,-35,-18,-5,-1,-7,-26,-28,6,-20,-12,-5,1
0,-8,-26,-67,-21,30,12,-3,-2,-15,-47,0,4,11,22,-3,-1,-18,4,4,4,31,-13,-3,-1,-4,27,29,24,30,-15,-1,0,-2,32,7,-14,5,-20,0,-2,-13,-25,-27,1,-5,-20,-2,-1,-10,-32,-44,3,-3,-18,-5,-1,-7,-26,-67,-14,1,-12,-5,9
0,-8,-11,18,-49,-25,-10,-3,-2,-15,16,24,-46,-33,-12,-3,-1,36,26,-4,-27,0,24,-3,-1,73,19,-36,-19,35,37,-1,0,67,28,19,23,18,-20,0,-2,-5,15,25,32,-14,-20,-2,-1,-10,-15,25,3,-35,-18,-5,-1,-7,-7,21,-33,-28,-12,-5,4
0,44,40,24,-27,-25,-10,-3,-2,75,11,12,14,-33,-12,-3,-1,-4,-42,4,19,-30,-13,-3,-1,-19,-36,9,-3,-31,-15,-1,0,-16,-29,15,-22,-36,-20,0,-2,-13,4,29,-22,-35,-20,-2,-1,-10,36,29,30,1,-9,-5,-1,19,50,10,6,37,41,-5,2
0,-8,14,1,23,43,19,-3,-2,-15,20,-36,-1,-13,-12,-3,-1,9,9,-20,4,-7,-13,-3,-1,42,19,21,-7,22,18,-1,0,5,-2,-35,-42,-3,35,0,-2,-13,-25,-27,-29,16,-8,-2,-1,-10,-11,-35,-20,13,-18,-5,-1,-7,7,16,16,-20,-12,-5,5
0,18,25,24,18,-16,-10,-3,-2,-8,7,6,29,-17,-12,-3,-1,-18,-42,-29,35,0,-13,-3,-1,-19,-8,9,24,22,37,-1,0,39,32,26,23,30,21,0,-2,3,12,33,5,-35,-20,-2,-1,-10,-19,29,-25,-35,-18,-5,-1,-7,21,16,-48,-28,-12,-5,7
0,-8,-6,-10,6,-12,-10,-3,-2,15,25,6,29,-1,-12,-3,-1,16,21,-29,27,12,-13,-3,-1,4,23,25,24,35,-9,-1,0,-16,-10,0,-10,22,35,0,-2,-13,-25,-27,-29,16,26,-2,-1,-10,6,25,3,21,16,-5,-1,-7,-7,-1,11,17,0,-5,9
0,-8,-16,-10,-27,-25,-10,-3,-2,-15,16,24,29,26,-6,-3,-1,9,26,0,-16,31,39,-3,-1,19,27,5,-11,35,11,-1,0,-16,-10,19,15,30,8,0,-2,-13,-25,-27,-29,33,-8,-2,-1,-10,-15,-12,-11,29,-9,-5,-1,-7,-2,-1,21,21,-12,-5,9
0,-8,-6,1,1,5,-10,-3,-2,-15,25,24,29,-13,-12,-3,-1,-18,26,37,35,31,-13,-3,-1,12,27,29,24,18,-15,-1,0,12,32,26,23,14,-20,0,-2,11,30,33,32,3,-20,-2,-1,-10,19,29,30,-3,-18,-5,-1,19,7,-1,-4,-8,-12,-5,1
0,-8,9,24,23,18,-10,-3,-2,-15,16,6,-16,-17,-12,-3,-1,16,26,-4,-27,-30,-13,-3,-1,88,23,-3,-15,-27,-15,-1,0,12,17,11,23,18,-6,0,-2,-13,-25,-27,-25,29,14,-2,-1,-10,-11,-17,-16,29,1,-5,-1,-7,7,21,21,17,-6,-5,5
0,-8,-21,7,-44,-25,-10,-3,-2,-15,-24,18,-41,-33,-12,-3,-1,-18,9,0,-27,-30,-13,-3,-1,-19,19,-11,-39,-31,-15,-1,0,-16,32,11,19,26,28,0,-2,-13,26,25,-6,-18,59,79,-1,-10,6,20,-29,-19,50,46,-1,-7,-22,-28,11,37,53,-5,6
0,-8,4,18,18,-8,-10,-3,-2,30,25,24,29,22,-12,-3,-1,29,26,29,35,20,-13,-3,-1,-19,-24,-7,24,-6,-15,-1,0,-16,-29,-27,23,1,-20,0,-2,-13,-25,-27,24,29,-20,-2,-1,-10,-2,2,30,21,-18,-5,-1,-7,7,16,16,-12,-12,-5,3
0,18,25,18,23,30,12,-3,-2,23,16,-42,-26,26,42,-3,-1,-18,-42,-29,-20,28,32,-3,-1,-19,-36,-36,-3,35,-15,-1,0,-16,-29,-35,-6,30,-20,0,-2,-13,-25,-27,-14,33,14,-2,-1,-10,-24,-30,17,13,-18,-5,-1,-7,45,5,-23,-28,-12,-5,3
0,-8,-11,18,-27,-25,-10,-3,-2,8,20,-6,-46,-29,35,-3,-1,36,26,-20,-27,20,99,-3,-1,42,27,17,16,35,18,-1,0,-16,1,0,19,18,-20,0,-2,-13,-25,3,32,-26,-20,-2,-1,-10,-32,11,12,-35,-18,-5,-1,-7,-12,21,-38,-28,-12,-5,4
0,-8,30,1,-55,-25,-10,-3,-2,-15,20,-24,14,-25,-12,-3,-1,-18,-13,17,8,4,-13,-3,-1,12,11,13,24,-2,-15,-1,0,-2,9,11,-6,14,-13,0,-2,-13,-25,-27,-29,-5,42,-2,-1,-10,-32,-44,-43,-35,60,46,-1,-7,2,-1,1,25,53,-5,9
0,-8,-26,-10,1,-25,-10,-3,-2,-15,-29,18,-46,-33,-12,-3,-1,-18,13,13,-24,-23,-13,-3,-1,19,23,-28,20,6,-9,-1,0,60,21,-12,23,30,41,0,-2,90,34,33,32,8,-8,-2,-1,17,-2,16,7,-35,-18,-5,-1,-7,-26,5,-4,-28,-12,-5,4
0,44,40,24,18,-16,-10,-3,-2,98,16,-30,29,-13,-12,-3,-1,49,-38,-20,35,-15,-13,-3,-1,-19,-32,9,24,30,37,-1,0,-16,28,26,11,-3,-6,0,-2,-13,12,25,-29,-35,-20,-2,-1,-10,15,2,-43,-35,-18,-5,-1,-7,45,-50,-57,-28,-12,-5,7
0,96,45,24,23,26,-2,-3,-2,0,7,-30,19,30,28,-3,-1,-18,-42,-8,35,8,-13,-3,-1,-19,-36,-20,24,-2,-15,-1,0,-16,-29,-20,23,-11,-20,0,-2,-13,-25,-23,28,12,-20,-2,-1,4,2,2,30,5,-18,-5,-1,121,50,21,16,-24,-12,-5,3
0,-8,14,24,-5,-21,-10,-3,-2,-15,16,-59,-26,3,-12,-3,-1,-18,17,-25,-8,16,-13,-3,-1,-19,-12,29,24,26,-9,-1,0,-16,-29,-23,-14,5,28,0,-2,-13,-25,-27,-29,-18,48,-2,-1,-10,-7,-40,-43,-27,50,-5,-1,-7,17,21,21,37,59,-5,9
0,-8,-21,-16,18,22,12,-3,-2,-15,7,-18,-46,11,28,-3,-1,-18,13,0,-4,31,47,-3,-1,-19,-20,5,8,30,11,-1,0,-16,-29,-35,-42,14,21,0,-2,51,0,-27,-29,29,9,-2,-1,4,19,2,-25,29,-4,-5,-1,-7,-26,5,21,5,-12,-5,9
0,-8,-26,-61,18,-8,-10,-3,-2,-15,-42,6,19,-29,-12,-3,-1,-18,-4,33,-8,-3,39,-3,-1,12,27,-11,-35,35,37,-1,0,80,28,-35,-18,30,-6,0,-2,74,34,21,24,33,3,-2,-1,-10,-11,-7,26,21,-13,-5,-1,-7,-26,-67,16,21,-12,-5,4
0,-8,-26,1,-10,-25,-10,-3,-2,-15,-29,24,-36,3,8,-3,-1,-18,17,0,-4,31,2,-3,-1,4,23,-28,0,10,-15,-1,0,53,5,-31,23,14,48,0,-2,98,15,25,32,12,-14,-2,-1,110,36,25,-2,-35,-18,-5,-1,-7,-26,10,-18,-28,-12,-5,4
0,-8,-26,-67,1,18,-10,-3,-2,-15,-47,-6,29,-21,-12,-3,-1,-18,-25,33,-12,-30,-13,-3,-1,-19,11,5,-39,2,51,-1,0,25,28,-31,-38,26,35,0,-2,43,34,3,9,33,20,-2,-1,43,32,29,30,17,-18,-5,-1,-7,-26,-67,1,9,-12,-5,4
0,-8,20,12,23,43,5,-3,-2,38,20,-30,-31,22,42,-3,-1,-18,-42,-29,-8,28,17,-3,-1,-19,-36,-36,24,-14,-15,-1,0,-16,-29,-35,19,-19,-20,0,-2,-13,-25,-27,-3,16,-20,-2,-1,-10,32,-35,-6,21,-18,-5,-1,-7,21,16,1,-16,-12,-5,3
0,-8,14,12,1,-12,-10,-3,-2,30,25,-36,19,22,-12,-3,-1,23,13,-29,4,24,-13,-3,-1,-4,19,21,16,35,5,-1,0,-16,-22,-20,-18,30,14,0,-2,-13,-25,-27,-29,33,9,-2,-1,-10,-32,-44,-20,29,-4,-5,-1,-7,7,21,21,5,-12,-5,9
0,-8,-26,-67,-5,-4,-10,-3,-2,-15,-47,-24,29,-25,-12,-3,-1,-18,-25,33,35,-19,-13,-3,-1,-19,11,-11,24,-18,-15,-1,0,18,28,-35,19,-15,1,0,-2,35,34,33,32,12,3,-2,-1,-10,-32,-44,21,-35,-18,-5,-1,-7,-26,-67,1,-20,-12,-5,4
0,-8,25,7,-66,-25,-10,-3,-2,-15,16,18,4,-33,-12,-3,-1,-18,9,9,35,0,2,-3,-1,-19,-16,21,24,14,-9,-1,0,-16,-18,26,-1,-36,-20,0,-2,-13,19,14,32,-35,-20,-2,-1,4,36,-12,30,-15,-18,-5,-1,-7,26,21,6,-24,-12,-5,8
0,-8,-11,1,23,43,34,-3,-2,-15,-2,-6,-16,30,62,-3,-1,-18,-42,-29,-20,24,62,-3,-1,19,7,-3,-3,35,5,-1,0,46,32,26,23,30,41,0,-2,-5,-11,6,32,-9,-20,-2,-1,-10,-32,6,21,-35,-18,-5,-1,-7,-7,21,-33,-28,-12,-5,7
0,-8,-6,1,-60,-25,-10,-3,-2,-15,16,6,-51,-33,-12,-3,-1,-4,26,-16,-27,-30,-13,-3,-1,34,15,-36,-39,-31,-15,-1,0,32,17,-8,7,-11,-6,0,-2,19,30,29,16,20,42,-2,-1,4,23,29,-20,9,40,-5,-1,-7,-2,5,21,17,-6,-5,6
0,-8,-26,-61,1,5,-10,-3,-2,-15,-47,-18,29,30,-6,-3,-1,-11,-13,33,35,24,-13,-3,-1,12,27,29,24,35,-15,-1,0,-16,-29,-23,23,30,-20,0,-2,-13,-25,-20,32,33,-3,-2,-1,-10,-32,-17,30,29,-18,-5,-1,-7,-26,-50,16,25,-12,-5,1
0,-8,-26,12,18,-21,-10,-3,-2,-15,-20,24,4,-33,-12,-3,-1,-18,13,33,-20,-30,-13,-3,-1,-19,27,13,-39,-31,-15,-1,0,5,32,26,23,5,-13,0,-2,3,34,18,-14,12,48,-2,-1,-10,10,20,-16,21,55,-5,-1,-7,-22,5,21,37,47,-5,6
0,-8,4,12,23,43,5,-3,-2,23,25,6,4,30,-12,-3,-1,-18,-13,-20,31,16,-13,-3,-1,-19,-36,-7,24,22,-9,-1,0,-16,-29,-35,-18,26,48,0,-2,-13,-25,-27,-29,29,31,-2,-1,-10,-19,6,-6,29,11,-5,-1,-7,7,21,21,5,-12,-5,3
0,-8,-26,-22,6,-25,-10,-3,-2,-15,-42,24,29,-33,-12,-3,-1,-18,-13,37,35,-30,-13,-3,-1,-11,23,29,24,-31,-15,-1,0,25,32,23,23,1,-6,0,-2,35,30,33,32,33,42,-2,-1,-10,-32,6,30,-35,-18,-5,-1,-7,-26,-12,11,-28,-12,-5,4
0,-8,-11,7,-5,5,-10,-3,-2,-15,2,24,29,30,1,-3,-1,9,26,9,-24,24,2,-3,-1,12,27,-36,-39,35,-2,-1,0,-16,32,-31,-42,14,35,0,-2,-13,30,6,-29,20,14,-2,-1,-10,6,20,-2,21,-13,-5,-1,-7,-17,-1,6,-12,-12,-5,0
0,-8,-26,-5,23,18,-10,-3,-2,-15,-7,24,-1,-5,-12,-3,-1,2,26,4,-27,-30,-13,-3,-1,50,27,17,-23,-31,-15,-1,0,53,32,-4,23,-7,-20,0,-2,19,34,-16,-3,33,-8,-2,-1,-10,23,16,-6,29,6,-5,-1,-7,-22,-6,21,37,-6,-5,6
0,-8,30,-27,1,39,-2,-3,-2,-8,25,12,-6,-9,-12,-3,-1,36,9,-29,-27,-30,-13,-3,-1,19,19,25,20,-10,-15,-1,0,-9,-6,-20,-1,1,-20,0,-2,-13,-25,-27,-14,12,-20,-2,-1,-10,10,-26,17,-3,-18,-5,-1,-7,31,21,-9,-24,-12,-5,5
0,-8,9,24,23,9,-10,-3,-2,-15,16,0,4,22,-12,-3,-1,-18,4,33,35,16,-13,-3,-1,-19,-16,25,20,-14,-15,-1,0,-16,-29,-23,7,22,-20,0,-2,-5,12,-27,-3,29,-20,-2,-1,4,27,-17,17,13,-18,-5,-1,-7,7,21,21,17,-12,-5,9
0,-8,-26,-16,23,-8,-10,-3,-2,-8,-7,24,14,-25,-12,-3,-1,76,26,29,4,-30,-13,-3,127,95,23,-16,24,6,-15,-1,0,18,32,26,23,-3,-20,0,-2,-13,-18,21,32,-31,-20,-2,-1,-10,-32,6,17,-35,-18,-5,-1,-7,-26,-6,6,-28,-12,-5,4
0,70,35,1,12,-8,-10,-3,-2,-8,11,-48,-31,-33,-12,-3,-1,9,17,-12,-16,-30,-13,-3,-1,19,15,13,16,10,-15,-1,0,-16,-29,-35,-42,10,21,0,-2,-13,-25,-27,-29,-18,26,-2,-1,-10,-7,-35,-43,-3,21,-5,-1,44,36,21,21,37,0,-5,5
0,-8,-26,-44,18,26,-10,-3,-2,-15,-33,24,24,22,-12,-3,-1,-18,-8,25,4,31,-13,-3,-1,-19,-32,-11,20,14,-15,-1,0,-9,1,15,19,-32,-20,0,-2,59,34,33,-10,-35,-20,-2,-1,30,23,29,30,9,6,-5,-1,-7,-26,-50,-4,37,41,-5,2
0,-8,-1,24,23,43,106,127,-2,-15,-20,-18,-26,-13,90,127,-1,-18,-42,-29,-27,4,69,52,-1,-19,-36,-24,-15,35,5,-1,0,-16,-10,26,23,30,28,0,-2,-13,-11,3,32,-18,-14,-2,-1,-10,-28,16,3,-35,-18,-5,-1,-7,-12,21,-48,-28,-12,-5,7
0,-8,-1,1,-16,-21,-10,-3,-2,-15,16,12,14,18,-12,-3,-1,2,9,-25,-24,20,17,-3,-1,34,-5,-36,-39,-6,37,-1,0,39,1,-35,-42,-15,35,0,-2,27,12,-27,-29,12,3,-2,-1,4,32,-3,7,17,-18,-5,-1,-7,7,16,1,-20,-12,-5,0
0,-8,-21,-16,18,-4,-10,-3,-2,-15,16,-6,-26,11,-12,-3,-1,9,21,-25,-12,24,-13,-3,-1,-19,-12,-32,12,6,-15,-1,0,-16,-29,-35,-1,18,-13,0,-2,-13,-25,-27,-29,-1,37,-2,-1,-10,19,-3,-25,-19,55,-5,-1,-7,-22,-12,21,33,53,10,3
0,-8,14,18,23,18,-10,-3,-2,-15,-15,-12,-1,26,-12,-3,-1,-18,-42,-29,0,20,-13,-3,-1,-19,-36,-20,16,18,-9,-1,0,5,32,26,23,14,8,0,-2,-5,12,33,-3,-35,-20,-2,-1,-10,2,-3,-43,-35,-18,-5,-1,-7,36,-61,-57,-28,-12,-5,7
0,-8,-11,-22,-5,30,92,-3,-2,0,11,24,14,18,76,-3,-1,-11,26,-29,-27,-30,-13,-3,-1,4,27,9,0,-27,-15,-1,0,5,32,19,15,5,-20,0,-2,-13,4,-16,5,12,-20,-2,-1,-10,-2,25,21,9,-18,-5,-1,-7,-17,-1,6,-20,-12,-5,5
0,-8,-26,12,-44,-25,-10,-3,-2,-15,-20,6,-46,-33,-12,-3,-1,-18,21,-12,-27,-30,-13,-3,-1,12,27,-7,-23,-22,-15,-1,0,39,32,7,-6,26,14,0,-2,27,26,-23,-29,8,31,-2,-1,-10,15,11,-20,17,6,-5,-1,-7,-22,5,21,9,-12,-5,6
0,-8,-16,1,12,9,-10,-3,-2,-15,11,6,24,15,-12,-3,-1,16,21,-20,11,-7,-13,-3,-1,-4,19,17,16,-27,-15,-1,0,-16,-29,7,19,18,-13,0,-2,-13,-22,29,-18,25,20,-2,-1,-10,-7,16,-38,29,1,-5,-1,-7,-22,-1,21,17,-12,-5,8
0,-8,-1,12,18,-16,-10,-3,-2,-15,11,12,-6,7,-12,-3,-1,-18,21,4,-20,28,9,-3,-1,-19,7,13,-3,26,-2,-1,0,-16,-2,26,15,-27,-20,0,-2,-13,23,25,32,-18,-20,-2,-1,30,32,-7,21,5,-18,-5,-1,-7,2,21,21,5,-12,-5,8
0,-8,-26,-33,23,1,-10,-3,-2,-15,-24,24,-1,-33,-12,-3,-1,-4,21,29,-27,-3,-6,-3,-1,27,27,-24,-27,35,44,-1,0,60,32,-4,3,30,21,0,-2,11,30,33,32,29,-14,-2,-1,-10,-32,-30,30,-7,-18,-5,-1,-7,-26,-39,21,-16,-12,-5,4
0,-8,-11,12,-16,-12,-10,-3,-2,-15,2,6,-11,22,1,-3,-1,-4,26,-16,-27,4,17,-3,-1,19,11,-36,-39,-14,37,-1,0,39,1,-35,-42,-7,35,0,-2,27,15,-27,-22,29,-3,-2,-1,-10,27,-21,17,-7,-18,-5,-1,-7,-2,10,-33,-28,-12,-5,0
0,-8,9,12,23,9,-10,-3,-2,-15,16,12,29,22,-12,-3,-1,-18,-42,-29,11,16,-13,-3,-1,-19,-20,-20,16,6,-2,-1,0,32,32,26,23,30,28,0,-2,35,19,33,13,-31,-20,-2,-1,-10,-24,29,-29,-35,-18,-5,-1,-7,2,5,-57,-28,-12,-5,7
0,-8,9,12,-5,-21,-10,-3,-2,30,20,-36,-16,7,-12,-3,-1,56,-13,-29,-20,16,-13,-3,-1,19,-20,-36,-35,18,-15,-1,0,-16,-29,-35,-30,1,-20,0,-2,-13,-25,-27,13,-22,-20,-2,-1,-10,-32,-3,17,-27,-4,-5,-1,-7,7,21,21,37,82,82,2
0,-8,4,12,23,39,-2,-3,-2,53,25,0,-6,30,8,-3,-1,63,26,17,27,20,-13,-3,-1,34,23,29,16,-31,-15,-1,0,-16,-22,-4,23,-15,-20,0,-2,-13,-25,-5,32,-18,-20,-2,-1,-10,-24,16,12,-35,-18,-5,-1,-7,17,21,-53,-28,-12,-5,9
0,18,25,18,18,-12,-10,-3,-2,30,11,-48,-1,15,-12,-3,-1,9,4,-29,0,28,-13,-3,-1,-4,19,29,24,26,-2,-1,0,-16,-25,-20,-30,5,21,0,-2,-13,-25,-27,-29,-26,48,-2,-1,-10,-19,-30,-43,-27,45,-5,-1,-7,21,21,21,37,53,-5,9
0,-8,-16,-16,12,43,99,-3,-2,8,25,6,-11,7,96,-3,-1,-11,-34,-29,-27,12,54,-3,-1,-19,-24,9,8,35,57,-1,0,-16,17,19,23,14,-6,0,-2,-13,-25,-16,32,-22,-20,-2,-1,-10,-32,-12,3,-35,-18,-5,-1,-7,-26,10,-33,-28,-12,-5,7
0,-8,-1,18,12,-12,-10,-3,-2,-15,7,-30,-41,15,-12,-3,-1,-18,26,-16,-27,16,-6,-3,-1,-19,11,9,0,30,-15,-1,0,-16,-22,3,19,18,-13,0,-2,-13,-25,-27,-29,25,3,-2,-1,-10,-32,-17,12,25,-9,-5,-1,-7,7,5,-38,-28,-12,-5,9
0,-8,-11,7,12,-8,-10,-3,-2,-15,11,0,19,30,-12,-3,-1,-11,26,-16,27,31,17,-3,-1,-11,19,1,24,35,24,-1,0,-16,-22,-4,-26,10,41,0,-2,-13,-18,-20,-29,16,37,-2,-1,-10,27,20,-25,9,26,-5,-1,-7,-7,-23,-4,37,41,-5,9
0,-8,-16,7,12,1,-10,-3,-2,-15,-2,6,-26,30,-12,-3,-1,-18,-4,9,-12,24,-13,-3,-1,-19,-20,25,20,-10,-15,-1,0,-16,-10,26,15,-32,-20,0,-2,-13,26,-5,1,3,-20,-2,-1,-10,23,-12,-38,9,6,-5,-1,-7,-12,-6,16,37,59,-5,8
0,70,50,24,-27,-25,-10,-3,-2,75,11,-6,29,-33,-12,-3,-1,63,-21,-12,35,-30,-13,-3,-1,-19,-36,-24,24,-14,-15,-1,0,-16,-29,-12,23,-23,-20,0,-2,-13,-25,14,32,-35,-20,-2,-1,4,19,29,21,-3,6,-5,-1,44,36,21,21,37,82,24,2
0,-8,-6,24,1,-21,-10,-3,-2,0,25,24,4,-1,-12,-3,-1,2,26,25,-24,24,2,-3,-1,12,27,-36,-39,22,11,-1,0,12,28,-35,-42,18,35,0,-2,-5,34,-23,-29,25,9,-2,-1,-10,10,-7,-11,25,-13,-5,-1,-7,-17,5,21,5,-12,-5,0
0,-8,-26,-50,23,-12,-10,-3,-2,-15,-47,-12,29,11,-12,-3,-1,-18,-25,37,35,0,-13,-3,-1,-4,19,13,24,-10,-15,-1,0,53,32,19,23,30,55,0,-2,27,19,21,32,-1,-3,-2,-1,-10,-32,-35,26,-23,-18,-5,-1,-7,-26,-45,1,-28,-12,-5,4
0,-8,-6,18,6,-12,-10,-3,-2,-8,25,6,29,26,-6,-3,-1,23,21,-29,-12,31,17,-3,-1,4,23,21,24,26,-15,-1,0,-16,-14,26,23,10,-20,0,-2,-13,15,18,1,33,9,-2,-1,-10,36,2,12,29,-4,-5,-1,-7,7,21,6,1,-12,-5,8
0,-8,25,7,-16,-21,-10,-3,-2,0,25,-30,-1,-1,-12,-3,-1,-18,9,21,0,12,-13,-3,-1,4,27,29,24,-2,-15,-1,0,-16,-10,-4,7,5,-13,0,-2,-13,-25,-27,-29,12,20,-2,-1,-10,-32,-44,-43,-23,55,-5,-1,-7,26,21,21,37,35,-5,9
0,-8,-26,-5,-21,-25,-10,-3,-2,-15,-20,18,-41,-33,-12,-3,-1,-18,13,4,-27,-15,39,-3,-1,19,27,-28,-31,22,44,-1,0,53,28,11,19,22,-13,0,-2,35,34,6,32,-14,-20,-2,-1,-10,-32,-17,21,-31,-18,-5,-1,-7,-26,10,-23,-28,-12,-5,4
0,-8,9,1,-60,-25,-10,-3,-2,-15,20,24,24,-17,-12,-3,-1,-4,26,9,11,12,-13,-3,-1,27,11,-36,-39,18,5,-1,0,39,17,-35,-42,-11,35,0,-2,35,23,-27,-29,3,26,-2,-1,4,36,16,26,29,-4,-5,-1,-7,2,16,-14,-16,-12,-5,0
0,-8,-16,7,18,-21,-10,-3,-2,-8,16,6,24,-17,-12,-3,-1,16,17,-20,31,-30,-13,-3,-1,27,19,-3,12,-31,-15,-1,0,-16,-2,26,7,-32,-20,0,-2,-13,-22,29,9,20,-14,-2,-1,-10,-15,16,-25,17,11,-5,-1,-7,-26,-6,21,29,-6,-5,8
0,127,55,24,23,39,63,-3,-2,53,25,6,-11,-9,22,-3,-1,63,26,-25,-27,-30,-13,-3,-1,57,27,-7,-39,-31,-15,-1,0,5,28,23,-30,-36,-20,0,-2,-13,-14,33,20,-35,-20,-2,-1,4,-11,29,-2,-35,-18,-5,-1,127,50,-6,-57,-28,-12,-5,5
0,-8,9,18,23,9,-10,-3,-2,-15,25,-30,-21,26,8,-3,-1,9,26,-29,0,20,17,-3,-1,-19,27,-28,-7,26,37,-1,0,-16,17,19,15,-7,-20,0,-2,-13,8,33,-6,-35,-20,-2,-1,-10,15,-30,21,-27,-18,-5,-1,-7,-2,-6,-9,13,-12,-5,8
0,-8,40,12,-49,-25,-10,-3,-2,15,25,18,4,-33,-12,-3,-1,29,9,-12,35,-30,-13,-3,-1,4,-12,-20,24,-31,-15,-1,0,-16,-29,0,7,-36,-20,0,-2,-13,-22,25,-3,-35,-20,-2,-1,4,27,29,3,5,-9,-5,-1,-7,26,-1,11,29,23,-5,2
0,-8,20,7,23,43,19,-3,-2,0,7,-42,-31,22,15,-3,-1,-18,-42,-29,-8,20,-13,-3,-1,-19,-36,-24,12,18,18,-1,0,-16,-29,15,15,14,35,0,-2,-13,-25,21,-6,-35,-20,-2,-1,-10,-15,20,-38,-35,-18,-5,-1,-7,40,-28,-57,-28,-12,-5,7
0,-8,-6,-33,-5,35,34,-3,-2,15,25,24,9,30,35,-3,-1,23,26,-20,-24,31,9,-3,-1,19,27,-36,-19,26,-15,-1,0,-16,-22,-35,3,5,-20,0,-2,-13,-25,-20,28,-18,-20,-2,-1,-10,-32,-7,30,-35,-18,-5,-1,-7,-26,-28,1,-28,-12,-5,7
0,96,50,24,23,43,19,-3,-2,15,25,18,-6,-5,-6,-3,-1,-18,21,29,-24,-30,-13,-3,-1,-19,-16,29,-3,-31,-15,-1,0,-16,-29,19,23,-36,-20,0,-2,-13,-25,6,32,-14,-20,-2,-1,30,10,16,30,-19,-18,-5,-1,121,50,21,1,-28,-12,-5,5
0,18,30,1,12,1,-10,-3,-2,-8,-20,-48,-11,30,35,-3,-1,-18,-42,-29,-16,31,24,-3,-1,-19,-36,-28,16,6,-15,-1,0,-16,-29,-20,23,-7,-20,0,-2,-13,-25,-23,24,20,-20,-2,-1,-10,-32,-40,12,21,-18,-5,-1,121,31,16,-14,-24,-12,-5,3
0,-8,-26,12,-27,-25,-10,-3,-2,-15,-47,18,24,-29,-12,-3,-1,-18,-34,37,31,-27,-13,-3,-1,-19,-12,29,20,-31,-15,-1,0,-16,5,26,11,-36,-20,0,-2,-13,4,33,28,-31,-20,-2,-1,-10,-15,29,30,-11,-18,-5,-1,-7,-26,5,1,-28,-12,-5,1
0,-8,40,7,-21,-16,-10,-3,-2,23,25,24,29,15,-12,-3,-1,-11,21,21,-27,-30,-13,-3,-1,-19,11,17,-11,-27,-15,-1,0,-16,1,26,23,14,-20,0,-2,-13,-25,-12,5,33,-3,-2,-1,-10,-28,-21,21,25,-13,-5,-1,-7,21,21,21,-4,-12,-5,5
0,18,30,24,23,18,-10,-3,-2,45,25,-6,-16,30,-6,-3,-1,29,4,-29,-8,31,2,-3,-1,-19,-28,-36,-11,26,-15,-1,0,-16,-29,-35,3,14,-20,0,-2,-13,-25,-16,32,-9,-20,-2,-1,-10,-11,25,30,9,11,-5,-1,-7,40,21,6,25,82,67,2
0,-8,-1,18,-16,-25,-10,-3,-2,-15,20,-36,4,-9,-12,-3,-1,29,-4,-29,-27,24,-13,-3,-1,19,-1,-36,-39,2,24,-1,0,12,21,-35,-42,-19,35,0,-2,-5,34,-27,-29,-18,42,-2,-1,-10,32,-12,-20,29,1,-5,-1,-7,-17,16,16,-8,-12,-5,0
0,-8,-1,18,12,30,5,-3,-2,-15,7,18,-6,-5,-6,-3,-1,16,26,4,-27,-30,-13,-3,-1,50,27,29,-11,-31,-15,-1,0,25,17,19,-14,-36,-20,0,-2,-13,-25,14,-6,-35,-20,-2,-1,-10,-24,29,-29,-35,-18,-5,-1,-7,7,10,-57,-28,-12,-5,5
0,-8,25,1,6,43,5,-3,-2,15,20,-36,-31,-17,-12,-3,-1,16,0,-29,-27,-30,-13,-3,-1,19,27,29,24,6,-15,-1,0,-2,13,-23,-30,14,-20,0,-2,-13,-25,-27,-22,20,-20,-2,-1,-10,-15,-40,-2,5,-18,-5,-1,-7,50,21,6,-24,-12,-5,5
0,-8,-26,-50,18,30,-2,-3,-2,-15,-38,18,29,30,1,-3,-1,-18,13,13,-8,28,-13,-3,-1,-19,-12,-28,4,2,-15,-1,0,-16,-29,-12,15,-27,-20,0,-2,11,4,33,1,-35,-20,-2,127,127,36,29,30,-3,-18,-5,127,95,-7,-39,6,-4,-12,-5,2
0,-8,-26,-39,12,26,5,-3,-2,-15,-15,18,-11,22,15,-3,-1,-18,-17,-20,-16,20,-6,-3,-1,-19,-36,-32,12,-14,-15,-1,0,-16,-25,7,-6,-36,-20,0,-2,51,34,21,-29,-35,-20,-2,-1,57,27,29,7,-27,-18,-5,-1,-7,-26,-34,1,25,6,-5,2
0,-8,-16,-16,6,26,5,-3,-2,-8,16,6,-16,7,28,-3,-1,-18,13,4,-24,-3,39,-3,-1,-19,-24,17,16,26,-15,-1,0,-16,-29,-35,19,26,-13,0,-2,-13,-25,6,-10,-1,9,-2,-1,-10,-32,16,-25,17,-9,-5,-1,-7,-26,5,16,-4,-12,-5,8
0,-8,-26,-61,12,-4,-10,-3,-2,-15,-47,-6,4,-33,-12,-3,-1,-18,-4,21,-24,-30,-13,-3,-1,19,23,-32,-39,-22,11,-1,0,80,-2,-35,-42,18,48,0,-2,106,34,33,32,33,9,-2,-1,30,2,-7,26,5,-18,-5,-1,-7,-26,-50,16,-20,-12,-5,4
0,-8,25,24,23,18,-2,-3,-2,15,25,-6,4,30,8,-3,-1,-11,-4,-25,11,28,-6,-3,-1,-19,-36,-16,24,10,-15,-1,0,-16,-29,-35,-14,26,48,0,-2,-13,-25,-27,-29,-5,71,-2,-1,17,19,-12,-25,21,55,21,-1,-7,26,21,21,33,11,-5,3
0,-8,4,24,23,22,-10,-3,-2,-8,25,-24,-11,30,28,-3,-1,-18,-8,37,27,31,69,-3,-1,-19,-32,-20,-27,10,37,-1,0,-16,-29,-35,-42,1,28,0,-2,-13,-25,-27,-25,25,-14,-2,-1,-10,-15,-12,7,1,-18,-5,-1,-7,17,21,-9,-24,-12,-5,9
0,-8,-1,7,-44,-25,-10,-3,-2,-15,20,12,19,-13,-12,-3,-1,-18,9,0,4,31,-6,-3,-1,-19,-20,17,24,35,-9,-1,0,-16,-29,-35,-42,26,-6,0,-2,-13,-25,-27,-29,25,14,-2,-1,-10,-24,-12,-6,29,1,-5,-1,-7,2,-1,6,13,-12,-5,9
0,18,35,18,23,30,-2,-3,-2,15,25,18,-16,26,15,-3,-1,-18,26,-4,15,28,2,-3,-1,-19,-1,29,20,-14,-15,-1,0,-16,1,26,-10,-36,-20,0,-2,-13,30,29,13,-35,-20,-2,-1,17,36,2,12,-35,-18,-5,-1,44,36,21,-9,-28,-12,-5,8
0,-8,-26,-39,6,43,48,-3,-2,-15,-11,18,-21,-5,83,-3,-1,-4,26,-25,-24,12,62,-3,-1,12,27,25,24,35,24,-1,0,-16,-14,-20,-22,26,-13,0,-2,-13,-25,-27,5,-1,-20,-2,-1,-10,-32,-35,26,-31,-18,-5,-1,-7,-26,-34,-9,-28,-12,-5,9
0,96,55,18,-60,-25,-10,-3,-2,45,16,24,-31,-33,-12,-3,-1,16,-8,37,-12,-30,-13,-3,-1,-19,-36,13,-7,-31,-15,-1,0,-16,-25,23,-14,-36,-20,0,-2,-13,-7,33,-18,-9,31,-2,-1,30,32,25,-6,17,55,-5,-1,95,45,21,21,37,29,-5,2
0,-8,30,24,1,-16,-10,-3,-2,38,25,-36,-1,18,-12,-3,-1,-18,-34,-29,-16,31,-13,-3,-1,-19,-36,-24,8,6,-15,-1,0,-16,-29,3,23,14,-20,0,-2,-13,-14,-27,-18,29,20,-2,-1,30,36,-12,-16,21,21,-5,-1,19,17,16,21,21,-6,-5,3
0,-8,35,24,1,-25,-10,-3,-2,8,25,0,29,-21,-12,-3,-1,-11,-8,-12,35,-19,-13,-3,-1,-19,-36,-7,24,-27,-15,-1,0,-16,-29,3,7,-36,-20,0,-2,-13,-11,33,-22,-35,-20,-2,-1,-10,15,25,-6,-3,-9,-5,-1,-7,31,21,21,21,-6,-5,2
0,-8,-16,18,-33,-25,-10,-3,-2,-15,2,24,-31,-33,-12,-3,-1,2,26,0,-27,-30,-13,-3,-1,12,27,-11,-23,-27,-15,-1,0,25,32,26,15,30,1,0,-2,3,26,6,-29,12,31,-2,-1,-10,10,20,-6,25,6,-5,-1,-7,-12,5,21,5,-12,-5,6
0,-8,-11,18,-16,-25,-10,-3,-2,-15,16,-24,4,-13,-12,-3,-1,2,26,-16,-24,24,2,-3,-1,19,11,-36,-39,18,11,-1,0,-2,17,-35,-42,-11,35,0,-2,3,26,-27,-29,16,9,-2,-1,-10,19,-7,-20,25,-18,-5,-1,-7,-22,5,11,-8,-12,-5,0
0,127,40,18,23,43,48,-3,-2,53,25,24,14,11,22,-3,-1,23,26,21,-27,-30,-13,-3,-1,-11,19,21,-39,-31,-15,-1,0,-16,1,26,-34,-36,-20,0,-2,-13,4,29,-29,-35,-20,-2,-1,30,27,6,-43,-35,-18,-5,-1,127,50,-34,-57,-28,-12,-5,5
0,-8,20,18,23,-16,-10,-3,-2,-15,11,-18,29,-17,-12,-3,-1,-18,-34,-4,35,31,77,-3,-1,-19,19,29,16,2,31,-1,0,-16,-18,19,-6,-36,-20,0,-2,-13,-14,33,-18,-35,-20,-2,-1,-10,10,29,-43,-35,-18,-5,-1,-7,31,-6,-57,-28,-12,-5,7
0,18,35,24,12,9,-10,-3,-2,15,25,-24,-1,26,8,-3,-1,-18,-42,-29,-8,31,9,-3,-1,-19,-36,-32,8,30,-15,-1,0,-16,-29,3,23,-15,-20,0,-2,-13,-7,33,9,-35,-20,-2,-1,4,27,25,-16,5,35,-5,-1,-7,36,21,21,29,35,10,2
0,-8,-6,12,-16,-25,-10,-3,-2,-15,11,24,29,7,-12,-3,-1,9,26,-12,-8,31,32,-3,-1,42,19,-36,-35,30,18,-1,0,25,32,-35,-42,18,8,0,-2,19,30,-23,-3,33,-14,-2,-1,17,32,20,30,-7,-18,-5,-1,-7,-7,5,-14,-28,-12,-5,0
0,-8,-26,1,-10,-25,-10,-3,-2,-15,-29,24,-26,-33,-12,-3,-1,-18,21,0,-20,24,-6,-3,-1,27,27,-28,-3,35,57,-1,0,46,24,0,23,26,21,0,-2,27,34,33,32,-31,-20,-2,-1,-10,-24,6,17,-35,-18,-5,-1,-7,-26,-1,6,-28,-12,-5,4
0,-8,-26,-56,18,-8,-10,-3,-2,-15,-47,-24,24,-29,-12,-3,-1,-18,-38,29,19,-30,-13,-3,-1,-19,-12,29,8,-31,-15,-1,0,-16,21,26,19,-19,-6,0,-2,59,34,33,32,33,42,-2,-1,30,2,-7,30,-23,-18,-5,-1,-7,-26,-50,16,-28,-12,-5,4
0,-8,14,12,23,43,99,21,-2,-15,-20,-36,-26,15,69,26,-1,-18,-42,-20,15,16,9,-3,-1,-19,-16,21,-3,-31,-15,-1,0,-16,5,26,-6,-36,-20,0,-2,-13,-22,14,32,-5,-20,-2,-1,-10,-24,-12,30,-7,-18,-5,-1,-7,17,5,-33,-28,-12,-5,3
0,-8,-26,-16,12,-16,-10,-3,-2,-15,-38,24,9,-33,-12,-3,-1,-18,0,37,0,-30,-13,-3,-1,-19,27,29,24,2,-15,-1,0,12,32,19,-10,26,1,0,-2,-5,30,-5,-29,12,42,-2,-1,-10,10,25,-11,13,60,-5,-1,-7,-22,-17,16,33,47,-5,6
0,70,35,24,-16,-25,-10,-3,-2,83,20,-24,24,-25,-12,-3,-1,56,-17,-29,19,-15,-13,-3,-1,-11,-36,-36,20,-18,-15,-1,0,-16,-29,-20,23,-32,-20,0,-2,-13,-25,18,13,-35,-20,-2,-1,-10,15,29,3,-19,11,21,-1,44,45,21,21,37,82,39,2
0,-8,-16,18,-10,-21,-10,-3,-2,0,11,0,19,3,-12,-3,-1,23,26,-25,-24,24,2,-3,-1,42,27,-36,-39,10,18,-1,0,39,24,-27,-42,-3,35,0,-2,35,26,-27,-29,-1,26,-2,-1,4,27,11,-6,25,11,-5,-1,-7,-12,5,21,5,-6,-5,0
0,18,14,1,23,43,12,-3,-2,23,16,-24,-1,26,-12,-3,-1,-18,-34,-8,27,16,2,-3,-1,4,23,29,20,18,37,-1,0,5,-6,19,-14,-36,-20,0,-2,-13,-18,29,-25,-35,-20,-2,-1,-10,10,-7,-43,-35,-18,-5,-1,-7,40,-45,-57,-28,-12,-5,7
0,-8,4,12,-60,-25,-10,-3,-2,-15,7,-12,-51,-33,-12,-3,-1,2,26,-25,-27,-30,-13,-3,-1,19,19,-36,-23,-22,-15,-1,0,32,32,26,23,30,14,0,-2,19,34,-5,-29,3,42,-2,-1,-10,27,-7,-20,17,26,-5,-1,-7,-2,5,21,21,-6,-5,6
0,-8,9,12,23,-4,-10,-3,-2,-15,25,0,24,15,-12,-3,-1,-18,-29,-29,27,4,-13,-3,-1,-19,-16,13,24,30,51,-1,0,39,32,26,11,-11,-20,0,-2,11,8,33,-6,-35,-20,-2,-1,-10,10,11,-38,-35,-18,-5,-1,-7,31,-39,-57,-28,-12,-5,7
0,-8,-21,1,-16,-25,-10,-3,-2,-15,2,-12,-41,-33,-12,-3,-1,9,17,-29,-27,-30,-13,-3,-1,19,-1,-36,-39,-31,-15,-1,0,39,9,7,23,22,-13,0,-2,3,34,10,-18,-5,42,-2,-1,-10,23,-7,-38,-3,40,-5,-1,-7,-17,-1,21,33,17,-5,6
0,-8,4,24,23,-12,-10,-3,-2,-15,-11,24,29,15,-12,-3,-1,-18,-42,-12,31,12,-13,-3,-1,-19,-12,29,24,35,70,-1,0,-16,13,26,23,-15,-13,0,-2,-13,-25,25,-3,-35,-20,-2,-1,-10,-15,29,-38,-35,-18,-5,-1,-7,26,-6,-57,-28,-12,-5,7
0,70,50,24,18,-12,-10,-3,-2,8,-2,-24,24,15,-12,-3,-1,-18,-42,-29,27,0,-13,-3,-1,-19,7,17,24,35,37,-1,0,-9,28,26,19,-7,-6,0,-2,-13,-7,33,-10,-35,-20,-2,-1,17,36,6,-43,-35,-18,-5,-1,70,50,-39,-57,-28,-12,-5,7
0,-8,14,24,-33,-12,-10,-3,-2,0,11,-42,-1,22,-12,-3,-1,9,17,-25,8,31,-13,-3,-1,-19,11,17,-7,22,-15,-1,0,-16,-29,-23,-42,10,-6,0,-2,-13,-25,-27,-29,16,-8,-2,-1,-10,-15,-40,-43,21,-13,-5,-1,-7,2,16,21,13,-12,-5,9
0,-8,-16,-5,-10,-21,-10,-3,-2,-15,-2,6,19,18,-12,-3,-1,-18,13,-29,-27,24,24,-3,-1,4,-1,-36,-39,6,24,-1,0,18,5,-35,-42,-15,35,0,-2,35,19,-27,-29,-1,3,-2,-1,-10,27,6,-20,21,-13,-5,-1,-7,-12,5,11,-8,-12,-5,0
0,18,35,12,-10,-25,-10,-3,-2,23,25,24,29,-17,-12,-3,-1,-18,-42,-12,35,-15,-13,-3,-1,-19,-36,-7,20,-27,-15,-1,0,-16,-22,23,-6,-36,-20,0,-2,-13,8,29,-22,-35,-20,-2,-1,-10,36,20,-6,-3,-4,-5,-1,-7,21,16,6,9,11,-5,2
0,-8,50,7,6,30,-10,-3,-2,-15,25,24,4,-21,-12,-3,-1,-18,9,25,-27,-30,-13,-3,-1,-19,-16,29,-27,-31,-15,-1,0,-16,-29,7,-1,-36,-20,0,-2,-13,-25,10,24,-35,-20,-2,-1,-10,6,29,3,-35,-18,-5,-1,-7,26,16,-53,-28,-12,-5,5
0,-8,-26,-61,-16,43,56,-3,-2,-15,-42,-6,14,22,69,26,-1,-11,21,25,-12,31,107,127,-1,-4,27,29,24,30,64,-1,0,-16,-2,-4,-26,22,14,0,-2,-13,-25,-27,-10,25,-20,-2,-1,-10,-32,-44,-6,1,-18,-5,-1,-7,-26,-67,1,-4,-12,-5,9
0,-8,25,12,-66,-25,-10,-3,-2,-8,25,-30,-46,-5,-12,-3,-1,-18,21,0,19,31,2,-3,-1,-19,3,29,24,-14,-15,-1,0,-16,-29,0,15,-36,-20,0,-2,-13,-25,25,9,-35,-20,-2,-1,-10,-11,29,-34,-35,-18,-5,-1,-7,26,-1,-57,-28,-12,-5,4
0,-8,-26,12,12,-21,-10,-3,-2,-15,-20,24,9,-33,-12,-3,-1,-18,9,37,-20,-30,-13,-3,-1,-19,27,29,24,6,-15,-1,0,-9,32,23,-10,22,41,0,-2,-13,26,18,-29,16,54,-2,-1,-10,-7,20,-11,29,30,-5,-1,-7,-22,5,21,25,-6,-5,6
0,-8,-11,12,-49,-25,-10,-3,-2,-15,11,6,-51,-33,-12,-3,-1,-18,26,0,-27,-30,-13,-3,-1,19,27,-24,-39,-31,-15,-1,0,5,32,-8,-26,-27,-20,0,-2,19,34,33,32,33,20,-2,-1,4,27,25,-25,9,55,-5,-1,-7,-2,10,21,21,23,-5,6
0,18,40,7,-10,-25,-10,-3,-2,-8,11,24,24,-33,-12,-3,-1,-18,9,37,35,-30,-13,-3,-1,-19,27,29,8,-31,-15,-1,0,-16,28,26,11,-32,-20,0,-2,-13,30,33,13,-35,-20,-2,-1,-10,36,29,30,-15,-18,-5,-1,-7,40,21,16,5,-6,-5,1
0,18,14,-22,-16,30,48,-3,-2,0,25,24,29,22,49,-3,-1,2,26,-20,-27,-30,-13,-3,-1,19,27,29,20,-27,-15,-1,0,18,9,-4,19,-15,-20,0,-2,-13,-25,-27,20,-5,-20,-2,-1,-10,32,11,30,-27,-18,-5,-1,-7,26,21,-14,-28,-12,-5,5
0,-8,25,-27,6,13,-10,-3,-2,-15,-7,-12,9,26,1,-3,-1,-18,-25,17,11,12,-13,-3,-1,-19,-32,29,0,-27,-15,-1,0,-16,17,15,-26,-36,-20,0,-2,-13,19,-23,16,-35,-20,-2,-1,4,10,-35,21,-35,-18,-5,-1,-7,26,10,-33,-28,-12,-5,8
0,18,20,24,18,18,-10,-3,-2,30,25,-24,-16,30,8,-3,-1,-18,4,29,35,12,-6,-3,-1,-11,15,29,-15,-31,-15,-1,0,39,28,26,-30,-36,-20,0,-2,27,26,10,13,-35,-20,-2,-1,-10,32,-12,30,-23,-18,-5,-1,-7,26,21,-18,-28,-12,-5,8
0,127,55,1,18,43,41,-3,-2,83,25,12,-21,-17,-6,-3,-1,63,0,-29,-27,-30,-13,-3,-1,4,27,5,-39,-31,-15,-1,0,-16,-6,23,-6,-36,-20,0,-2,-13,-25,-12,32,-26,-20,-2,-1,4,-15,-17,30,-15,-18,-5,-1,127,50,21,-9,-28,-12,-5,5
0,-8,4,18,-5,-25,-10,-3,-2,30,25,6,29,-33,-12,-3,-1,-4,-13,25,8,-30,-13,-3,-1,-19,-24,29,20,-10,-15,-1,0,-16,-29,-23,3,30,-6,0,-2,-13,-25,-27,-29,33,20,-2,-1,-10,36,6,3,29,16,-5,-1,-7,-2,21,16,9,-12,-5,3
0,-8,-26,7,-16,-25,-10,-3,-2,-15,-11,18,-26,-33,-12,-3,-1,-18,17,4,-27,-30,-13,-3,-1,-4,27,-24,-39,-22,-15,-1,0,-16,32,15,23,30,21,0,-2,-5,34,14,-14,-5,48,-2,-1,-10,15,11,-20,17,26,-5,-1,-7,-22,-1,16,17,0,-5,6
0,-8,9,18,-66,-25,-10,-3,-2,-15,20,18,-51,-33,-12,-3,-1,2,26,21,-12,-27,-13,-3,-1,27,27,29,24,35,18,-1,0,39,32,-8,-38,26,35,0,-2,43,34,-27,-29,33,3,-2,-1,17,36,-12,3,13,-18,-5,-1,-7,-7,16,6,-16,-12,-5,6
0,-8,-26,-44,6,43,99,46,-2,-15,-38,18,14,18,96,127,-1,-18,-13,0,-27,-19,107,127,-1,-19,-36,-20,-23,2,77,-1,0,-16,24,26,23,30,21,0,-2,-13,15,6,9,16,-20,-2,-1,-10,-32,-44,17,-23,-18,-5,-1,-7,-26,-45,-9,-28,-12,-5,7
0,-8,9,24,6,-16,-10,-3,-2,-15,16,18,14,3,-12,-3,-1,-18,17,4,8,8,-13,-3,-1,-19,-32,-28,-3,18,-15,-1,0,-16,-29,-35,11,-3,-20,0,-2,-13,-25,-9,32,-18,-20,-2,-1,-10,-7,25,30,-15,6,122,-1,-7,2,21,21,37,82,127,2
0,-8,-11,1,-21,-12,-10,-3,-2,-15,-15,24,14,18,-6,-3,-1,-18,13,4,-27,4,17,-3,-1,-19,27,-28,-39,-6,24,-1,0,12,17,-35,-42,5,1,0,-2,11,19,-27,-29,20,-8,-2,-1,-10,19,-26,12,5,-18,-5,-1,-7,-2,21,6,-20,-12,-5,0
0,-8,25,18,12,-8,-10,-3,-2,-15,-29,-36,14,30,1,-3,-1,-18,-42,-16,35,4,-13,-3,-1,-19,-36,-32,24,-6,-15,-1,0,-16,-29,-35,-1,14,-20,0,-2,-13,-25,-27,-25,33,3,-2,-1,4,6,-21,-16,29,16,-5,-1,-7,40,-1,16,17,0,-5,3
0,44,35,12,-49,-25,-10,-3,-2,38,25,-65,-51,-17,-6,-3,-1,-18,13,37,35,28,-6,-3,-1,-19,-8,29,16,-27,-15,-1,0,-16,28,19,23,-36,-20,0,-2,3,34,-23,28,-5,-20,-2,-1,57,36,-17,26,-7,-18,-5,-1,19,50,10,-14,-28,-12,-5,8
0,-8,-26,-16,18,26,-2,-3,-2,-8,2,0,-26,26,15,-3,-1,23,17,-29,-27,20,39,-3,-1,19,27,13,8,35,11,-1,0,-16,-18,-4,15,-3,-20,0,-2,-13,-25,-20,28,-31,-20,-2,-1,-10,-32,-3,3,-35,-18,-5,-1,-7,-26,-12,-14,-28,-12,-5,9
0,-8,20,24,23,18,-10,-3,-2,-15,-7,-18,-6,26,-12,-3,-1,-18,-42,-29,-4,24,-13,-3,-1,-19,-36,-28,20,-2,-15,-1,0,-16,-25,19,23,-19,-20,0,-2,-13,-7,33,32,-1,-20,-2,-1,-10,-32,-17,30,-19,-18,-5,-1,-7,26,21,1,-28,-12,-5,3
0,-8,-26,-67,6,22,-10,-3,-2,-15,-47,-24,29,-13,-12,-3,-1,-18,-29,33,35,-15,-13,-3,-1,-19,-5,25,24,10,-9,-1,0,12,32,19,23,30,55,0,-2,43,34,21,28,25,-3,-2,-1,-10,-32,-44,30,9,-18,-5,-1,-7,-26,-67,1,17,-12,-5,4
0,-8,-26,-27,12,-25,-10,-3,-2,-15,-42,12,-11,-33,-6,-3,-1,-18,-8,29,-27,4,69,-3,-1,-11,23,-11,-35,26,51,-1,0,39,28,-35,-10,30,-13,0,-2,67,30,6,28,29,-20,-2,-1,57,32,20,30,-11,-18,-5,-1,-7,-26,-23,16,-20,-12,-5,4
0,44,55,1,1,35,41,-3,-2,8,25,-18,-11,-1,15,-3,-1,-4,26,13,-12,-30,-13,-3,-1,12,27,17,24,-14,-15,-1,0,-16,-18,-35,7,5,-20,0,-2,35,-14,-27,5,12,-20,-2,-1,127,15,-3,30,-23,-18,-5,-1,70,31,16,-23,-28,-12,-5,5
0,44,50,24,23,35,5,-3,-2,8,25,12,-6,7,-6,-3,-1,29,26,-4,-27,-30,-13,-3,-1,4,19,25,-15,-31,-15,-1,0,-16,-25,15,7,-36,-20,0,-2,-13,-25,3,32,-35,-20,-2,-1,-10,6,29,7,-35,-18,-5,-1,70,50,5,-53,-28,-12,-5,5
0,-8,-16,1,23,18,-10,-3,-2,8,20,-12,-16,30,15,-3,-1,43,-8,-29,15,8,-13,-3,-1,4,23,9,16,-27,-15,-1,0,-16,9,26,-6,-36,-20,0,-2,-13,26,-1,20,-18,-20,-2,-1,-10,6,-12,-16,5,-18,-5,-1,-7,-22,-1,21,-8,-12,-5,8
0,-8,-26,-22,18,-25,-10,-3,-2,-15,-24,24,-21,-33,-12,-3,-1,-11,17,13,-27,-3,39,-3,-1,19,27,-24,-35,35,31,-1,0,39,32,7,11,30,1,0,-2,-5,15,29,32,20,-3,-2,-1,-10,-32,-12,30,-31,-18,-5,-1,-7,-26,-1,-9,-28,-12,-5,4
0,-8,40,24,23,43,85,-3,-2,15,25,-18,-11,-13,15,-3,-1,43,21,0,4,-23,-13,-3,-1,65,27,29,16,30,-9,-1,0,-9,-18,-35,-26,30,8,0,-2,-13,-25,-27,1,25,-20,-2,-1,-10,15,-7,30,-11,-18,-5,-1,19,45,21,-9,-28,-12,-5,5
0,-8,14,24,23,22,-10,-3,-2,-15,-29,-24,14,22,-12,-3,-1,-18,-42,-29,23,0,-13,-3,-1,-19,-24,13,24,2,-2,-1,0,-16,-6,26,23,30,41,0,-2,-13,-25,25,1,-26,-20,-2,-1,-10,-19,29,-38,-35,-18,-5,-1,-7,26,-1,-57,-28,-12,-5,7
0,-8,-6,12,23,-8,-10,-3,-2,8,25,24,29,-9,-12,-3,-1,36,26,21,35,-3,-13,-3,-1,4,-16,13,20,-31,-15,-1,0,-16,-29,23,7,-36,-20,0,-2,-13,-3,33,-22,-35,-20,-2,-1,-10,2,29,12,-15,-13,-5,-1,-7,-7,21,21,33,11,-5,2
0,-8,-6,18,-27,-25,-10,-3,-2,-8,11,0,29,-25,1,-3,-1,29,4,-29,15,16,-6,-3,-1,12,-5,-11,12,-18,-15,-1,0,5,32,23,-38,-36,-20,0,-2,3,34,25,-6,-35,-20,-2,-1,30,36,2,21,-23,-18,-5,-1,-7,-17,-17,1,-16,-12,-5,8
0,-8,-11,-5,23,43,19,-3,-2,-15,-7,0,9,30,49,-3,-1,-18,-42,-29,-24,31,47,-3,-1,-19,-36,1,16,35,44,-1,0,-16,-25,26,23,22,14,0,-2,-13,-25,-5,32,-18,-20,-2,-1,-10,-32,6,21,-35,-18,-5,-1,-7,-22,16,-23,-28,-12,-5,7
0,-8,4,12,-16,-4,5,-3,-2,38,20,-36,-41,15,42,-3,-1,16,21,-20,4,28,-6,-3,-1,-11,11,21,24,-14,-15,-1,0,-16,-25,26,3,-36,-20,0,-2,-13,-11,10,32,-22,-20,-2,-1,-10,6,-35,17,-3,-18,-5,-1,-7,-2,10,-4,-16,-12,-5,8
0,96,9,7,23,43,19,-3,-2,68,25,12,-6,-25,-12,-3,-1,76,-21,-29,-27,-30,-13,-3,-1,73,-5,-36,-39,-31,-15,-1,0,46,17,-35,-42,-36,-20,0,-2,3,23,33,5,-35,-20,-2,-1,4,-19,20,30,-23,-18,-5,-1,95,40,21,6,-28,-12,-5,5
0,-8,-26,-10,18,-12,-10,-3,-2,-15,-15,24,4,-33,-12,-3,-1,-18,13,33,-24,-30,-13,-3,-1,-19,23,9,-39,-31,-15,-1,0,-16,32,15,-10,-32,-20,0,-2,-13,30,33,32,29,14,-2,-1,-10,10,29,21,29,50,46,-1,-7,-22,-17,16,37,53,-5,6
0,44,50,18,-49,-25,-10,-3,-2,68,20,-6,9,-33,-12,-3,-1,36,0,-29,35,-30,-13,-3,-1,-11,-24,-28,24,-31,-15,-1,0,-16,-29,-20,7,-36,-20,0,-2,-13,-22,18,5,-35,-20,-2,-1,-10,27,29,17,17,55,71,-1,44,36,10,1,21,35,10,2
0,-8,-11,18,12,-21,-10,-3,-2,-15,11,24,29,-9,-12,-3,-1,-18,-25,-12,35,0,-13,-3,-1,-19,-36,-32,24,10,-9,-1,0,-16,-2,26,23,30,35,0,-2,-13,19,29,32,-9,-20,-2,-1,-10,-32,20,7,-35,-18,-5,-1,-7,-7,-1,-53,-28,-12,-5,7
0,-8,-26,-22,18,-21,-10,-3,-2,-15,-42,12,14,-29,-6,-3,-1,-18,0,33,-16,28,69,-3,-1,34,27,-7,-35,35,37,-1,0,46,32,15,15,30,14,0,-2,-5,12,29,32,25,-20,-2,-1,-10,-32,-40,30,5,-18,-5,-1,-7,-26,-12,16,-12,-12,-5,4
0,-8,9,24,23,43,34,-3,-2,-15,7,6,-26,-29,-12,-3,-1,-18,21,0,-24,-30,-13,-3,-1,4,27,29,12,-31,-15,-1,0,60,28,-16,23,-19,-20,0,-2,27,-14,-23,32,-22,-20,-2,-1,-10,-32,6,12,-35,-18,-5,-1,-7,7,16,-53,-28,-12,-5,5
0,-8,20,24,18,-12,-10,-3,-2,38,20,-30,29,-5,-12,-3,-1,-4,-34,-29,35,-23,-13,-3,-1,-19,-36,-11,20,-31,-15,-1,0,-16,-29,15,-1,-36,-20,0,-2,-13,-14,33,-18,-22,9,-2,-1,-10,15,20,3,29,11,-5,-1,-7,26,21,6,-8,-12,-5,2
0,-8,-26,-27,1,43,106,127,-2,-15,-7,24,-1,-17,96,127,-1,-18,17,37,23,24,77,52,-1,-19,-20,29,24,35,64,-1,0,-16,-29,-35,-42,30,48,0,-2,-13,-25,-27,-3,29,-20,-2,-1,-10,-32,-40,26,-7,-18,-5,-1,-7,-26,-1,-28,-28,-12,-5,9
0,-8,4,24,6,22,-2,-3,-2,-15,25,18,9,30,-6,-3,-1,2,26,0,-27,20,32,-3,-1,12,27,-36,-39,10,37,-1,0,39,32,-35,-42,22,21,0,-2,27,34,-1,5,33,9,-2,-1,4,32,29,30,29,-13,-5,-1,-7,2,21,11,-4,-12,-5,0
0,-8,20,12,12,-12,-10,-3,-2,15,11,-65,-31,11,-12,-3,-1,-11,17,-25,15,-3,32,-3,-1,-19,23,17,-3,18,5,-1,0,-16,-25,19,15,-36,-20,0,-2,-13,-7,25,16,-35,-20,-2,-1,-10,19,-40,-2,-15,-18,-5,-1,-7,26,-1,6,-16,-12,-5,8
0,-8,-26,-27,1,30,-2,-3,-2,-15,-11,-6,-46,7,42,-3,-1,-18,9,-20,-24,12,39,-3,-1,-19,3,5,16,2,-15,-1,0,-9,-2,26,-6,-36,-20,0,-2,43,34,-1,24,-22,-20,-2,-1,-10,-2,16,-20,21,-18,-5,-1,-7,-26,-34,16,29,0,-5,8
0,96,55,18,-60,-25,-10,-3,-2,30,16,24,-31,-33,-12,-3,-1,-18,-42,37,4,-30,-13,-3,-1,-19,-24,29,-15,-31,-15,-1,0,-16,-6,26,-38,-36,-20,0,-2,-13,23,14,-29,-35,-20,-2,-1,30,36,29,12,5,6,-5,-1,70,50,21,21,37,35,-5,2
0,-8,-11,1,1,-16,-10,-3,-2,-15,2,-12,-16,22,1,-3,-1,-18,4,-25,-27,0,17,-3,-1,-4,19,-28,-39,-10,31,-1,0,39,5,-35,-42,-11,35,0,-2,11,23,-27,-29,16,20,-2,-1,-10,32,-17,7,13,-18,-5,-1,-7,-7,16,-4,-24,-12,-5,0
0,-8,25,24,23,-8,-10,-3,-2,-15,-7,-24,14,7,-12,-3,-1,-18,-42,-12,31,-7,-13,-3,-1,-19,-36,17,24,-2,-15,-1,0,-16,-29,-16,11,30,-13,0,-2,-13,-25,-27,-29,33,3,-2,-1,-10,-2,-30,-20,29,-9,-5,-1,-7,26,21,21,13,-12,-5,3
0,-8,-26,-50,18,-4,-10,-3,-2,-15,-42,18,4,-33,-12,-3,-1,-18,0,33,-20,-19,-13,-3,-1,19,27,-20,-15,35,-9,-1,0,53,28,-20,-6,30,-6,0,-2,82,34,33,32,20,-8,-2,-1,4,-15,-12,30,-19,-18,-5,-1,-7,-26,-45,16,-28,-12,-5,4
0,-8,-1,24,1,-16,-10,-3,-2,-15,-29,-6,29,7,-12,-3,-1,-18,-42,-29,27,12,-13,-3,-1,-19,-28,-20,16,26,-2,-1,0,-16,21,26,23,5,8,0,-2,-13,-14,10,24,-35,-20,-2,-1,-10,-32,25,-20,-35,-18,-5,-1,-7,2,-6,-57,-28,-12,-5,7
0,-8,-16,12,18,-4,-10,-3,-2,-15,-2,24,29,26,-6,-3,-1,2,26,13,11,31,17,-3,-1,19,27,-36,-39,26,24,-1,0,18,32,-12,-42,14,28,0,-2,-5,30,21,-14,20,14,-2,-1,-10,15,29,30,25,-18,-5,-1,-7,-17,-6,6,-12,-12,-5,0
0,-8,-6,7,23,43,41,-3,-2,-15,20,-12,-16,30,-6,-3,-1,29,9,-29,19,-3,-13,-3,-1,50,-16,-24,24,-22,-15,-1,0,-2,13,26,23,14,28,0,-2,27,12,33,16,-1,-3,-2,-1,-10,-19,25,-34,-35,-18,-5,-1,-7,2,10,-57,-28,-12,-5,7
0,-8,9,7,-44,-21,-10,-3,-2,-8,20,6,24,11,-12,-3,-1,29,26,-25,23,31,17,-3,-1,4,27,13,24,35,31,-1,0,-16,-14,7,-22,30,35,0,-2,-13,-25,-27,-22,33,9,-2,-1,-10,19,-17,-2,21,-13,-5,-1,-7,2,5,21,-8,-12,-5,9
0,-8,-26,-33,1,-25,-10,-3,-2,-15,-24,24,-16,-33,-12,-3,-1,-18,9,9,-27,-30,-13,-3,-1,-11,27,-16,-39,-31,-15,-1,0,-9,32,3,7,1,-6,0,-2,-13,23,3,-22,-14,54,-2,-1,-10,-7,6,-38,-27,60,71,-1,-7,-26,-23,-4,29,53,24,6
0,18,-1,-5,18,-8,-10,-3,-2,45,25,6,-21,-25,-12,-3,-1,56,-13,-29,-27,-30,-13,-3,-1,65,27,29,4,-22,-15,-1,0,-16,-14,-20,-22,14,1,0,-2,-13,-25,-27,-29,-14,42,-2,-1,-10,-28,-17,-43,5,35,-5,-1,-7,-17,-1,21,33,0,-5,5
0,-8,-1,18,18,-16,-10,-3,-2,8,25,-18,29,-13,-12,-3,-1,16,-4,-25,35,-27,-13,-3,-1,-19,-36,5,-3,-31,-15,-1,0,-16,-25,26,-30,-36,-20,0,-2,-13,8,6,-29,-35,-20,-2,-1,-10,15,20,-11,-11,-9,-5,-1,-7,2,21,21,33,0,-5,2
0,18,35,24,-38,-25,-10,-3,-2,68,25,24,14,-33,-12,-3,-1,29,-17,-8,27,-23,-13,-3,-1,-19,-36,-36,8,-18,-15,-1,0,-16,-29,-20,11,-36,-20,0,-2,-13,-22,21,-10,-35,-20,-2,-1,-10,10,29,3,-3,1,-5,-1,-7,36,16,21,21,29,-5,2
0,-8,-26,-67,-27,30,27,-3,-2,-15,-47,-71,24,30,42,-3,-1,-18,-38,25,35,31,9,-3,-1,-19,11,29,24,35,-15,-1,0,39,32,-23,23,18,-20,0,-2,3,-14,-27,32,16,-20,-2,-1,-10,-32,-44,30,17,-18,-5,-1,-7,-26,-67,-18,21,-12,-5,1
0,-8,-6,7,1,1,-10,-3,-2,15,20,-42,-1,30,-12,-3,-1,9,26,-25,15,31,-13,-3,-1,-11,3,29,12,35,-2,-1,0,-16,-29,-20,-42,26,1,0,-2,-13,-25,-27,-29,16,3,-2,-1,-10,-7,-17,-43,1,21,-5,-1,-7,-2,-1,16,37,29,-5,9
0,18,9,7,23,30,-10,-3,-2,38,25,24,29,22,-12,-3,-1,-11,-13,37,11,-27,-13,-3,-1,-11,27,25,-39,-31,-15,-1,0,-16,1,23,15,-23,-20,0,-2,-13,-25,-23,24,29,-3,-2,-1,-10,-28,-21,17,29,16,-5,-1,-7,12,16,-9,-4,-12,-5,3
0,18,35,24,-10,-25,-10,-3,-2,38,2,-30,19,-29,-12,-3,-1,-4,-34,-16,27,-30,-13,-3,-1,-19,-24,21,-15,-31,-15,-1,0,-16,17,26,23,-11,-20,0,-2,-13,-18,-27,-10,29,14,-2,-1,4,15,-26,-25,17,21,-5,-1,44,40,21,21,25,-6,-5,3
0,-8,-21,-5,1,30,92,119,-2,-15,-15,18,4,7,96,127,-1,-18,0,0,-27,-23,107,106,-1,-11,27,-32,-39,18,37,-1,0,-2,13,-35,-26,22,-13,0,-2,-13,-25,-23,24,-18,-20,-2,-1,-10,-32,-7,21,-35,-18,-5,-1,-7,-26,16,-23,-28,-12,-5,7
0,-8,-26,-67,-38,39,-2,-3,-2,-15,-47,-71,4,30,-6,-3,-1,-18,-42,4,31,31,9,-3,-1,-4,15,25,-19,35,-15,-1,0,39,24,-27,-30,30,-20,0,-2,-13,-25,-27,-14,29,-20,-2,-1,-10,-32,-44,-20,25,-18,-5,-1,-7,-26,-67,-33,37,-6,-5,1
0,-8,-16,1,18,-12,-10,-3,-2,-15,20,18,14,26,-12,-3,-1,-4,17,-16,-24,16,9,-3,-1,12,-5,-36,-39,2,37,-1,0,32,9,-35,-42,1,14,0,-2,-5,23,-9,-18,29,-8,-2,-1,-10,-2,29,21,25,-18,-5,-1,-7,-26,-12,11,-12,-12,-5,0
0,-8,-26,-33,23,1,-10,-3,-2,-15,-47,6,29,7,-12,-3,-1,-18,-4,37,35,-7,-13,-3,-1,4,27,29,24,-14,-15,-1,0,18,32,26,23,-11,-20,0,-2,-13,-25,6,32,8,-20,-2,-1,-10,-32,-7,30,25,-18,-5,-1,-7,-26,-45,6,17,0,-5,1
0,-8,20,7,12,39,85,-3,-2,-15,25,6,9,15,22,-3,-1,9,26,-29,-27,-30,-13,-3,-1,42,27,29,4,-27,-15,-1,0,-9,-2,-4,23,14,-20,0,-2,-13,-25,-27,5,20,-20,-2,-1,-10,19,-7,12,5,-18,-5,-1,-7,21,21,6,-16,-12,-5,5
0,44,50,18,-38,-25,-10,-3,-2,23,25,24,4,-33,-12,-3,-1,43,21,37,19,-30,-13,-3,-1,-19,-20,29,-15,-31,-15,-1,0,-16,1,26,-34,-36,-20,0,-2,-5,26,21,-29,-35,-20,-2,-1,43,36,20,21,29,6,-5,-1,44,40,21,6,9,-6,-5,2
0,-8,9,12,23,22,-10,-3,-2,0,25,-6,4,30,1,-3,-1,-18,-29,-16,31,4,-13,-3,-1,-19,-36,5,24,2,-15,-1,0,-16,-29,-23,15,26,-6,0,-2,-13,-25,-27,-25,33,14,-2,-1,-10,-19,11,17,25,-9,-5,-1,-7,2,21,1,-8,-12,-5,3
0,-8,-16,-5,6,-8,-10,-3,-2,-8,11,-30,-11,26,-12,-3,-1,23,4,-29,-8,20,-13,-3,-1,50,-8,-28,16,26,-15,-1,0,5,24,23,-10,26,-13,0,-2,-13,-25,-27,-29,12,9,-2,-1,-10,15,-12,-43,5,16,-5,-1,-7,-7,-12,16,33,6,-5,9
0,-8,9,1,23,13,-10,-3,-2,15,25,-36,-16,-21,-12,-3,-1,9,26,-20,4,-19,-13,-3,-1,34,27,25,12,35,5,-1,0,18,13,-31,-38,30,35,0,-2,-13,-25,-27,-3,33,-20,-2,-1,-10,-32,2,30,-11,-18,-5,-1,-7,21,-6,-38,-28,-12,-5,5
0,18,40,24,23,26,-10,-3,-2,8,7,-36,4,22,-12,-3,-1,-18,-42,-29,8,16,-13,-3,-1,-11,-1,25,24,35,44,-1,0,-2,17,23,15,-15,14,0,-2,-13,-7,29,-25,-35,-20,-2,-1,-10,15,-3,-43,-35,-18,-5,-1,-7,45,-50,-57,-28,-12,-5,7
0,-8,-6,-22,23,-4,-10,-3,-2,-15,-7,24,-11,11,-12,-3,-1,-18,-21,13,-27,20,2,-3,-1,-19,-36,17,-23,30,-2,-1,0,-16,-29,0,23,-3,-20,0,-2,-13,4,29,24,-14,-20,-2,-1,-10,36,-21,21,-19,-18,-5,-1,-7,2,21,1,-24,-12,-5,8
0,18,20,12,-21,-25,-10,-3,-2,45,2,-54,-16,11,-6,-3,-1,63,-13,-29,-16,31,17,-3,-1,4,15,13,16,26,31,-1,0,-16,-29,-35,-42,-11,28,0,-2,-13,-25,-27,-29,3,31,-2,-1,-10,-32,-44,-34,29,-13,-5,-1,-7,12,5,11,-8,-12,-5,9
0,18,35,7,-44,-25,-10,-3,-2,15,25,24,29,-21,-12,-3,-1,9,26,37,35,8,-13,-3,-1,-19,-12,29,16,35,-15,-1,0,-16,-29,-35,-42,30,8,0,-2,-13,-25,-27,-29,20,20,-2,-1,4,-24,-30,-11,21,30,-5,-1,44,31,21,11,21,6,-5,9
0,18,40,24,1,-21,-10,-3,-2,-8,-7,-42,29,-29,-12,-3,-1,-18,-42,9,-8,-30,-13,-3,-1,-19,-1,5,-39,-31,-15,-1,0,-16,1,23,23,10,-13,0,-2,-13,-25,-27,-22,16,20,-2,-1,-10,-24,-26,-16,25,-4,-5,-1,-7,40,21,-4,-8,-12,-5,3
0,-8,-26,-67,-27,39,-2,-3,-2,-15,-47,-71,4,30,-12,-3,-1,-18,-42,-29,35,24,-13,-3,-1,-19,-36,5,24,30,-15,-1,0,-16,17,26,23,10,-20,0,-2,27,34,-5,28,16,-20,-2,-1,-10,-28,-44,12,29,-18,-5,-1,-7,-26,-67,-38,33,11,-5,1
0,-8,-16,18,23,39,-10,-3,-2,-15,7,-18,4,15,-12,-3,-1,16,21,-29,23,-3,-13,-3,-1,19,-12,-24,16,-10,-2,-1,0,-16,-29,0,23,30,41,0,-2,-13,0,33,5,-26,-20,-2,-1,-10,-28,25,-29,-35,-18,-5,-1,-7,-12,21,-57,-28,-12,-5,7
0,-8,-16,18,6,-12,-10,-3,-2,-15,-2,18,4,26,-12,-3,-1,2,26,-4,-27,8,-13,-3,-1,12,27,-3,-39,-18,37,-1,0,39,24,-23,-42,-19,35,0,-2,11,30,-23,-29,-22,20,-2,-1,-10,27,6,-16,21,6,-5,-1,-7,-7,-1,16,-4,-12,-5,0
0,-8,-6,18,23,26,-10,-3,-2,-15,-20,-18,9,7,-12,-3,-1,-18,-42,-29,11,4,-13,-3,-1,-19,-28,-20,20,10,11,-1,0,-2,28,26,23,26,28,0,-2,-13,4,21,5,-35,-20,-2,-1,-10,-28,29,-25,-35,-18,-5,-1,-7,2,5,-57,-28,-12,-5,7
0,96,55,24,23,39,12,-3,-2,68,25,12,-11,-1,-6,-3,-1,63,17,-16,-27,-30,-13,-3,-1,42,27,-20,-39,-31,-15,-1,0,-2,32,0,-42,-36,-20,0,-2,-13,12,18,-29,-35,-20,-2,-1,4,27,6,-43,-35,-18,-5,-1,121,50,-50,-57,-28,-12,-5,5
0,70,50,24,12,-21,-10,-3,-2,0,7,6,29,-17,-12,-3,-1,-18,-42,-4,35,-19,-13,-3,-1,-19,-32,25,0,-31,-15,-1,0,-16,-6,26,-26,-36,-20,0,-2,3,30,10,-29,-35,-20,-2,-1,43,36,6,-6,9,-4,-5,-1,70,50,21,21,21,6,-5,2
0,-8,-6,-10,18,43,19,-3,-2,-15,11,12,-6,30,8,-3,-1,-18,-34,-25,-8,28,-13,-3,-1,-19,-24,-20,12,26,-2,-1,0,18,32,26,23,30,35,0,-2,19,8,18,24,-31,-20,-2,-1,-10,-11,25,3,-35,-18,-5,-1,-7,2,21,-38,-28,-12,-5,7
0,-8,4,1,6,26,-10,-3,-2,-15,16,0,-16,30,-6,-3,-1,-18,-17,-4,27,4,-13,-3,-1,-19,-36,21,4,-27,-15,-1,0,-16,-29,-16,23,-15,-20,0,-2,-13,-25,-27,-6,25,-14,-2,-1,-10,10,-7,-29,29,-13,-5,-1,-7,-7,10,21,21,-12,-5,3
0,-8,-1,12,12,-16,-10,-3,-2,0,25,24,29,-5,-12,-3,-1,-18,-13,-12,35,16,-13,-3,-1,-19,-32,1,24,35,37,-1,0,5,28,26,23,5,-6,0,-2,19,34,33,13,-35,-20,-2,-1,-10,6,29,-20,-35,-18,-5,-1,-7,17,5,-57,-28,-12,-5,7
0,-8,-26,-50,1,43,99,21,-2,-15,-33,24,-6,7,96,-3,-1,-18,17,25,0,28,62,-3,-1,-4,27,29,24,35,-2,-1,0,-2,17,0,11,-3,-20,0,-2,-13,-25,-27,28,-14,-20,-2,-1,-10,-32,-30,30,-31,-18,-5,-1,-7,-26,-50,11,-24,-12,-5,9
0,-8,30,12,-38,-25,-10,-3,-2,30,7,-48,14,-17,-12,-3,-1,49,0,-29,-12,24,-13,-3,-1,34,15,-16,12,35,-2,-1,0,-9,9,11,7,22,35,0,-2,-13,-25,-27,-29,-5,48,-2,-1,-10,-28,-44,-43,-31,55,-5,-1,-7,26,-23,-38,-8,82,10,9
0,-8,-26,-67,-21,18,-10,-3,-2,-15,-47,-71,14,-9,-12,-3,-1,-18,-42,-8,23,-30,-13,-3,-1,-19,-28,21,-27,10,51,-1,0,-9,24,23,-1,30,21,0,-2,98,26,18,28,33,-8,-2,-1,30,-32,-44,-6,21,-18,-5,-1,-7,-26,-67,-33,13,-12,-5,4
0,-8,-26,7,1,-25,-10,-3,-2,-15,-47,12,29,-29,-12,-3,-1,-18,-38,33,35,-27,-13,-3,-1,-19,-20,29,24,-18,-15,-1,0,-16,-10,23,23,1,-20,0,-2,-13,-25,-27,16,29,-14,-2,-1,-10,-28,6,-2,29,35,46,-1,-7,-26,-6,21,37,82,127,1
0,70,55,18,-33,-25,-10,-3,-2,23,16,12,29,-33,-12,-3,-1,-18,-42,-4,27,-30,-13,-3,-1,-19,-36,17,4,-31,-15,-1,0,-16,-10,26,-30,-36,-20,0,-2,-5,26,10,-29,-35,-20,-2,-1,110,36,-7,-6,5,6,-5,-1,95,50,21,21,29,6,-5,2
0,-8,-26,-10,23,22,-2,-3,-2,-15,-47,18,29,26,1,-3,-1,-18,-38,25,35,24,-13,-3,-1,-19,-32,25,24,18,-15,-1,0,-16,-29,19,23,-3,-20,0,-2,-13,-25,21,32,-14,-20,-2,-1,-10,-28,20,30,-31,-18,-5,-1,-7,-26,-23,16,-24,-12,-5,1
0,-8,50,1,-5,1,5,-3,-2,15,25,18,9,15,56,-3,-1,29,17,-25,-27,-30,-13,-3,-1,57,11,-24,-35,-31,-15,-1,0,39,32,26,15,-27,-20,0,-2,-5,4,3,32,-1,-20,-2,-1,-10,-28,6,26,-27,-18,-5,-1,-7,36,21,-28,-28,-12,-5,5
0,-8,-26,-10,6,-4,-10,-3,-2,8,16,24,9,26,-12,-3,-1,49,26,4,15,31,-13,-3,-1,42,19,-16,16,6,-15,-1,0,-16,-2,19,23,-15,-20,0,-2,-13,-25,14,32,33,-14,-2,-1,-10,-32,20,30,29,1,-5,-1,-7,-26,-6,21,17,-12,-5,8
0,44,50,1,-60,-25,-10,-3,-2,15,25,6,14,-33,-12,-3,-1,-18,17,-16,31,16,24,-3,-1,-19,-16,29,24,14,-15,-1,0,-2,21,15,15,-27,-20,0,-2,27,23,-27,-6,-1,-20,-2,-1,43,15,-44,-38,25,-18,-5,-1,44,31,21,21,1,-12,-5,8
0,-8,-26,-33,12,-12,-10,-3,-2,-15,-38,24,4,-33,-12,-3,-1,-18,4,33,-20,-30,-13,-3,-1,-11,23,17,-31,-31,-15,-1,0,5,32,26,23,-7,-20,0,-2,19,34,25,1,20,20,-2,-1,-10,19,29,-20,13,30,-5,-1,-7,-26,-23,11,25,17,-5,6
0,-8,-21,18,-27,-25,-10,-3,-2,-15,-20,24,-36,-33,-12,-3,-1,-11,26,13,-27,-27,9,-3,-1,19,27,-24,-35,18,83,-1,0,60,32,-4,15,26,1,0,-2,35,34,33,32,-14,-20,-2,-1,-10,-28,20,7,-35,-18,-5,-1,-7,-17,21,1,-28,-12,-5,4
0,-8,9,12,-38,-25,-10,-3,-2,23,25,24,4,-33,-12,-3,-1,-4,17,-20,27,-30,-13,-3,-1,-19,-36,-16,24,-31,-15,-1,0,-16,-29,-4,23,-36,-20,0,-2,-13,-25,14,16,-35,-20,-2,-1,-10,15,29,21,-3,30,-5,-1,-7,7,-1,1,21,76,24,2
0,70,35,18,23,43,12,-3,-2,30,25,-18,-6,30,28,-3,-1,-18,-29,-29,15,28,-6,-3,-1,-19,-36,-20,24,-2,-15,-1,0,-16,-29,-8,23,-19,-20,0,-2,-13,-25,-27,20,12,-20,-2,-1,-10,-15,-21,26,21,-18,-5,-1,70,50,21,16,-4,-12,-5,3
0,-8,35,24,12,-8,-10,-3,-2,-15,-11,12,29,7,-12,-3,-1,-18,-42,-29,27,20,-13,-3,-1,-19,-36,-36,12,10,-15,-1,0,-2,28,26,23,18,1,0,-2,-5,4,18,28,16,3,-2,-1,-10,-24,25,-6,-35,-18,-5,-1,-7,31,5,-57,-28,-12,-5,7
0,-8,20,7,-5,-21,-10,-3,-2,-15,-20,-48,-6,22,-6,-3,-1,-18,-38,-8,-27,12,17,-3,-1,-19,15,21,-39,-2,18,-1,0,5,24,-31,-42,5,8,0,-2,11,26,-27,-22,29,-14,-2,-1,17,23,-7,12,9,-18,-5,-1,-7,12,10,-9,-24,-12,-5,0
0,-8,-1,18,12,-12,-10,-3,-2,0,16,-30,-31,18,-12,-3,-1,-4,21,-8,-8,31,-6,-3,-1,-19,-8,25,24,35,5,-1,0,-16,-29,-31,-30,-7,48,0,-2,-13,-25,-27,-29,-26,59,-2,-1,-10,2,-3,-25,-27,60,21,-1,-7,-7,-6,6,37,53,-5,9
0,-8,-26,1,18,-21,-10,-3,-2,-15,-29,24,14,-29,-12,-3,-1,-11,17,33,-20,-30,-13,-3,-1,12,27,25,0,-2,-15,-1,0,32,32,26,7,30,21,0,-2,11,34,21,-29,33,48,-2,-1,-10,15,29,17,29,40,-5,-1,-7,-22,-17,6,21,11,-5,6
0,-8,-21,-5,-49,-25,-10,-3,-2,-15,-7,24,-51,-33,-12,-3,-1,-11,26,-8,-27,-27,2,-3,-1,27,27,-28,-35,22,51,-1,0,32,32,0,19,18,-20,0,-2,3,8,18,32,-31,-20,-2,-1,-10,-32,20,-2,-35,-18,-5,-1,-7,-17,21,-23,-28,-12,-5,4
0,123,55,18,-49,-25,-10,-3,-2,68,16,-6,4,-33,-12,-3,-1,36,4,-12,35,-30,-13,-3,-1,-19,-36,-20,12,-31,-15,-1,0,-16,-29,-4,7,-36,-20,0,-2,-13,-25,21,5,-14,-14,-2,-1,4,15,29,30,29,30,-5,-1,121,50,10,-18,-4,-6,-5,2
0,-8,-26,-56,12,-21,-10,-3,-2,-15,-47,12,-11,-33,-12,-3,-1,-18,-8,33,-24,-30,-13,-3,-1,-19,15,-11,-39,-10,57,-1,0,5,28,-35,-42,5,41,0,-2,59,23,-12,-3,33,-3,-2,-1,83,36,29,30,17,-18,-5,-1,-7,-12,-56,21,-4,-12,-5,4
0,-8,35,24,23,-4,-10,-3,-2,8,11,-24,19,26,-6,-3,-1,-18,-42,-29,23,31,-13,-3,-1,27,27,29,24,35,70,-1,0,25,5,7,23,1,14,0,-2,-13,-25,25,13,-35,-20,-2,-1,-10,-2,29,-34,-35,-18,-5,-1,-7,36,-12,-57,-28,-12,-5,7
0,-8,-6,12,23,-4,-10,-3,-2,15,25,24,29,-1,-12,-3,-1,49,21,9,35,-15,-13,-3,-1,-11,-28,17,16,-31,-15,-1,0,-16,-22,26,-18,-36,-20,0,-2,-13,0,33,-29,-14,20,-2,-1,-10,2,29,17,29,11,-5,-1,-7,-17,16,21,-4,-12,-5,2
0,-8,-26,7,-49,-25,-10,-3,-2,-15,-20,18,-51,-33,-12,-3,-1,-18,9,0,-27,-30,-13,-3,-1,-19,27,5,-11,-27,-15,-1,0,25,32,11,11,30,21,0,-2,-13,34,-12,-29,-9,48,-2,-1,-10,19,2,-34,9,26,-5,-1,-7,-22,5,21,33,6,-5,6
0,-8,20,-5,-55,-25,-10,-3,-2,45,25,12,9,-33,-12,-3,-1,43,0,-8,31,-30,-13,-3,-1,19,3,-20,24,-27,-15,-1,0,-16,-29,-16,19,-36,-20,0,-2,-13,-18,21,5,-26,-14,-2,-1,-10,10,29,26,21,55,-5,-1,-7,7,-17,-14,21,11,-5,2
0,-8,-26,-33,18,1,-10,-3,-2,-8,2,6,-11,11,-12,-3,-1,43,13,-29,8,8,-13,-3,-1,42,-1,-24,20,-18,-15,-1,0,-16,-29,-16,15,-23,-20,0,-2,-13,-14,-27,-10,20,-8,-2,-1,-10,6,11,-20,5,16,-5,-1,-7,-26,-34,1,33,17,-5,3
0,-8,30,-10,-66,-25,-10,-3,-2,-15,2,18,-51,-33,-12,-3,-1,-18,4,37,-8,-30,-13,-3,-1,-19,15,29,4,-31,-15,-1,0,-16,-22,-8,23,-27,-20,0,-2,-13,-25,-20,24,-9,-20,-2,-1,-10,-7,2,26,17,21,71,-1,-7,12,21,21,37,82,127,1
0,-8,-21,-5,12,-4,-10,-3,-2,-8,25,12,-21,18,-6,-3,-1,43,17,-20,-27,31,17,-3,-1,19,15,-36,-15,35,-9,-1,0,-9,28,26,23,14,-20,0,-2,-13,-7,25,-18,20,3,-2,-1,-10,-19,25,-11,29,-13,-5,-1,-7,-26,-6,21,5,-12,-5,8
0,-8,20,7,-21,-25,-10,-3,-2,-15,11,24,29,15,-12,-3,-1,-4,26,0,-4,28,9,-3,-1,42,19,-36,-39,2,5,-1,0,18,24,-35,-42,-3,35,0,-2,3,34,21,13,25,3,-2,-1,30,36,25,30,-11,-18,-5,-1,-7,2,10,-18,-28,-12,-5,0
0,-8,-1,24,1,-16,-10,-3,-2,-15,11,12,24,11,-12,-3,-1,23,21,-25,-20,31,17,-3,-1,27,19,-36,-39,6,37,-1,0,39,9,-35,-42,18,35,0,-2,19,23,-27,-25,25,26,-2,-1,-10,27,20,26,25,-4,-5,-1,-7,-2,-1,6,5,-12,-5,0
0,-8,-16,1,-16,-25,-10,-3,-2,-15,7,-12,-46,-33,-12,-3,-1,9,17,-29,-27,-30,-13,-3,-1,42,-1,-36,-39,-31,-15,-1,0,39,5,-16,3,-3,-20,0,-2,19,34,25,-6,16,9,-2,-1,-10,23,-12,-43,5,21,-5,-1,-7,-12,10,21,37,17,-5,6
0,18,40,12,-55,-25,-10,-3,-2,38,16,-18,-26,-33,-12,-3,-1,23,13,-16,19,-7,17,-3,-1,-11,19,13,16,35,11,-1,0,-16,-22,26,23,-7,-20,0,-2,-13,15,25,1,20,-20,-2,-1,43,36,-26,-34,21,-9,-5,-1,19,31,10,6,-4,-12,-5,8
0,-8,-21,-10,-66,-25,-10,-3,-2,-15,-15,0,-51,-33,-12,-3,-1,-18,9,0,-27,-30,-13,-3,-1,-19,19,-24,-39,-31,-15,-1,0,-16,28,0,7,5,-6,0,-2,-13,34,21,1,-1,42,-2,-1,-10,23,2,-25,1,55,-5,-1,-7,-12,-12,16,9,0,-5,6
0,-8,-16,12,12,1,-10,-3,-2,-15,-2,18,4,26,1,-3,-1,2,26,-16,-27,16,32,-3,-1,4,-1,-36,-39,6,51,-1,0,53,13,-35,-42,-3,62,0,-2,43,34,-23,-29,12,54,-2,-1,-10,32,20,12,25,30,-5,-1,-7,-12,10,21,25,17,-5,0
0,-8,-16,-10,23,1,-10,-3,-2,-15,-2,24,29,22,-12,-3,-1,-18,21,13,35,31,2,-3,-1,-19,11,29,8,22,37,-1,0,-16,-25,-8,-38,5,55,0,-2,27,-7,-27,-29,-1,48,-2,-1,30,32,2,-34,9,40,-5,-1,-7,-12,-12,21,37,47,-5,9
0,-8,-26,-67,-5,26,-10,-3,-2,-15,-47,-54,24,22,-12,-3,-1,-18,-42,17,35,12,-13,-3,-1,-19,-1,29,24,10,-15,-1,0,12,32,11,23,14,-20,0,-2,11,12,-16,32,12,-20,-2,-1,-10,-32,-44,30,21,-18,-5,-1,-7,-26,-67,-4,17,-12,-5,1
0,-8,9,18,6,-21,-10,-3,-2,45,11,-36,24,-17,-12,-3,-1,-4,-38,25,23,-30,-13,-3,-1,-19,-28,25,4,-27,-15,-1,0,-16,-29,-31,7,14,-13,0,-2,-13,-25,-27,-25,8,26,-2,-1,-10,2,-26,-20,21,26,-5,-1,-7,7,5,6,9,-12,-5,3
0,96,50,12,-5,-16,-10,-3,-2,38,-2,-65,4,11,-12,-3,-1,-11,13,-12,23,31,2,-3,-1,-19,-24,9,-11,6,24,-1,0,-16,-29,-35,-42,-15,35,0,-2,-13,-25,-27,-29,-14,26,-2,-1,30,19,-44,-29,17,6,-5,-1,44,36,21,21,5,-12,-5,9
0,-8,25,24,-16,-25,-10,-3,-2,15,25,24,29,-33,-12,-3,-1,-4,9,9,31,-30,-13,-3,-1,-19,-36,9,4,-31,-15,-1,0,-16,-25,26,-14,-36,-20,0,-2,-13,8,33,-22,-35,-20,-2,-1,-10,32,29,-6,-15,-18,-5,-1,-7,26,21,21,37,0,-5,2
0,-8,9,1,1,-16,-10,-3,-2,23,20,-36,-1,3,-12,-3,-1,56,-25,-29,15,-7,-13,-3,-1,4,-36,-28,20,-22,-15,-1,0,-16,-25,15,-18,-36,-20,0,-2,-13,15,14,-25,-35,-20,-2,-1,4,36,-12,-25,-19,-9,-5,-1,-7,26,-1,6,29,53,-5,2
0,-8,-26,-10,1,-25,-10,-3,-2,-15,-29,24,-26,-21,8,-3,-1,-18,21,0,-27,20,69,-3,-1,34,19,-32,-11,35,37,-1,0,46,21,-16,19,18,-13,0,-2,74,34,33,32,-31,-20,-2,-1,-10,-15,-3,30,-35,-18,-5,-1,-7,-26,-6,16,-28,-12,-5,4
0,-8,4,18,-21,18,77,46,-2,-15,-2,12,-1,15,96,26,-1,-18,-4,13,-24,20,39,-3,-1,-19,-20,-20,-7,18,-9,-1,0,-16,-29,-27,19,-15,-20,0,-2,-13,-25,14,1,-35,-20,-2,-1,-10,-19,29,-43,-35,-18,-5,-1,-7,7,10,-57,-28,-12,-5,7
0,-8,-16,12,-10,-25,-10,-3,-2,-15,7,-12,-51,-33,-12,-3,-1,-4,21,-20,-27,-30,-13,-3,-1,34,11,-32,-23,-6,-15,-1,0,32,32,26,19,26,35,0,-2,-13,34,21,-29,-18,48,-2,-1,-10,10,11,-25,-3,55,-5,-1,-7,-17,-6,21,33,17,-5,6
0,-8,30,24,23,5,-10,-3,-2,0,25,-12,4,26,-12,-3,-1,-18,21,-12,-12,31,9,-3,-1,-19,-24,-24,-19,35,-9,-1,0,-16,-29,-35,-6,18,-20,0,-2,-13,-25,-23,32,-5,-20,-2,-1,-10,-24,11,26,-11,1,21,-1,-7,21,21,21,37,82,127,2
0,-8,30,24,18,-4,-10,-3,-2,45,25,12,29,-1,-12,-3,-1,56,0,-29,35,0,-13,-3,-1,4,-32,-11,24,-22,-15,-1,0,-16,-25,23,-1,-36,-20,0,-2,-13,15,29,-25,-35,-20,-2,-1,-10,36,20,12,13,21,-5,-1,19,45,21,21,29,35,-5,2
0,-8,-1,12,-10,5,-10,-3,-2,-15,25,24,29,30,8,-3,-1,2,26,13,-20,31,39,-3,-1,34,27,-24,-39,18,37,-1,0,39,32,-31,-42,14,35,0,-2,43,34,-9,-22,33,3,-2,-1,17,36,25,21,17,-18,-5,-1,-7,7,16,6,-20,-12,-5,0
0,44,50,7,-66,-25,-10,-3,-2,75,25,24,-36,-33,-12,-3,-1,16,13,37,-12,-30,-13,-3,-1,-19,-5,29,-23,-31,-15,-1,0,-16,1,26,-26,-36,-20,0,-2,-13,19,33,-29,-35,-20,-2,-1,-10,36,29,30,21,11,-5,-1,19,50,21,21,21,29,-5,2
0,-8,-21,-16,18,39,-2,-3,-2,-15,11,12,-11,15,15,-3,-1,16,4,-25,-20,20,-6,-3,-1,-11,-20,-36,4,-6,-15,-1,0,-16,-29,-35,19,22,-13,0,-2,-13,-25,-27,-18,20,14,-2,-1,-10,-32,-26,3,29,-9,-5,-1,-7,-26,-1,6,-12,-12,-5,3
0,-8,-26,-22,18,-12,-10,-3,-2,-15,-42,18,4,-25,-12,-3,-1,-18,13,37,-24,-30,-13,-3,-1,4,27,21,-39,-31,-15,-1,0,5,32,23,-22,-36,-20,0,-2,11,30,33,13,25,20,-2,-1,-10,15,29,-16,-11,55,-5,-1,-7,-26,-12,11,21,35,-5,6
0,-8,50,24,6,1,-10,-3,-2,-15,7,0,19,18,-12,-3,-1,-18,-42,-29,15,4,-13,-3,-1,-19,-32,9,20,-22,-15,-1,0,-16,1,26,23,14,-13,0,-2,-5,4,-12,5,33,-3,-2,-1,57,27,-12,3,25,-13,-5,-1,44,31,21,11,-4,-12,-5,3
0,-8,4,-22,-5,35,92,-3,-2,-8,25,24,14,15,35,-3,-1,-18,26,0,-24,-30,-13,-3,-1,12,27,29,20,-27,-15,-1,0,-9,-10,-12,11,1,-20,0,-2,-13,-3,-27,16,3,-20,-2,-1,-10,19,2,30,-19,-18,-5,-1,-7,21,10,-18,-28,-12,-5,5
0,-8,-1,1,-66,-25,-10,-3,-2,-15,16,-12,19,15,-12,-3,-1,-4,26,37,4,12,2,-3,-1,4,27,9,-39,6,5,-1,0,18,17,-27,-42,14,8,0,-2,-5,19,-27,-29,20,-3,-2,-1,-10,23,-17,-6,17,-18,-5,-1,-7,-12,10,1,-16,-12,-5,0
0,70,35,1,12,39,12,-3,-2,15,20,-48,-31,-17,-12,-3,-1,16,9,-29,-27,-23,-13,-3,-1,19,23,13,20,30,18,-1,0,18,17,-12,-42,-3,35,0,-2,-13,-25,-27,-29,8,20,-2,-1,4,6,-44,-11,21,-13,-5,-1,44,45,21,11,-16,-12,-5,5
0,-8,-26,7,-60,-25,-10,-3,-2,-15,-2,0,-46,-33,-12,-3,-1,-18,17,-16,-27,-30,-13,-3,-1,12,19,-36,-23,-10,-15,-1,0,32,32,-20,-14,22,28,0,-2,11,26,-27,-29,-18,48,-2,-1,-10,10,2,-25,5,40,-5,-1,-7,-22,-17,21,29,0,-5,6
0,-8,4,7,-66,-25,-10,-3,-2,-15,20,0,-51,-33,-12,-3,-1,-18,26,-4,-27,-30,-13,-3,-1,4,27,21,4,-10,-15,-1,0,18,32,11,3,30,21,0,-2,35,34,6,-22,33,31,-2,-1,-10,23,20,-6,29,21,-5,-1,-7,-7,16,21,25,0,-5,6
0,-8,-16,-16,12,26,-10,-3,-2,-15,7,24,-1,26,-6,-3,-1,9,17,-16,-20,-7,32,-3,-1,19,-8,-36,-39,-18,37,-1,0,12,-2,-35,-42,-32,35,0,-2,11,19,-23,-29,-14,26,-2,-1,-10,10,11,-11,21,-4,-5,-1,-7,-22,-1,21,5,-12,-5,0
0,18,30,12,-16,-21,-10,-3,-2,8,25,-24,29,-17,-12,-3,-1,-18,-42,-16,35,-19,-13,-3,-1,-19,-32,21,12,-31,-15,-1,0,-16,-29,-8,15,5,-20,0,-2,-13,-25,-27,-18,33,3,-2,-1,4,-19,-40,-6,29,1,-5,-1,70,21,21,21,5,-12,-5,3
0,-8,-11,-44,-10,-25,-10,-3,-2,8,20,-24,19,-21,-12,-3,-1,36,-13,-29,11,-7,-13,-3,-1,4,7,-3,20,14,-15,-1,0,-16,-25,-8,-30,18,1,0,-2,-13,-25,-27,-29,-9,31,-2,-1,-10,6,-17,-38,-35,60,-5,-1,-7,-26,-50,-4,37,82,39,9
0,-8,-26,-50,23,-16,-10,-3,-2,-15,-47,-12,14,-21,42,-3,-1,-18,-38,37,-8,4,107,-3,-1,-4,11,21,-19,30,44,-1,0,67,32,26,23,30,28,0,-2,27,-7,-5,24,33,-20,-2,-1,-10,-32,-40,17,13,-18,-5,-1,-7,-26,-50,21,-12,-12,-5,4
0,-8,-11,12,-10,-12,-10,-3,-2,-15,-2,12,14,26,-6,-3,-1,-18,9,-12,-12,31,17,-3,-1,-19,-12,25,20,35,37,-1,0,-16,-25,-4,-10,22,35,0,-2,-13,-18,-27,-29,3,42,-2,-1,-10,36,2,-6,13,40,-5,-1,-7,7,-1,11,29,23,-5,9
0,-8,-26,-61,18,26,-10,-3,-2,-15,-47,0,29,18,-12,-3,-1,-18,4,37,35,20,-13,-3,-1,65,27,9,12,22,-15,-1,0,5,-2,-35,7,22,-20,0,-2,-13,-25,-27,13,20,-20,-2,-1,-10,-32,-44,26,17,-18,-5,-1,-7,-26,-56,16,25,-12,-5,1
0,18,30,24,-5,-21,-10,-3,-2,30,2,24,29,-5,-12,-3,-1,-11,-34,9,35,12,-13,-3,-1,-4,19,13,24,18,-15,-1,0,-16,-18,-4,-26,18,8,0,-2,-13,-25,-27,-29,8,26,-2,-1,-10,-15,11,30,21,11,-5,-1,-7,40,-23,-38,-28,-12,-5,9
0,18,50,24,-10,-25,-10,-3,-2,38,20,-12,29,-33,-12,-3,-1,9,9,-25,35,-15,-13,-3,-1,-19,-28,-24,24,-27,-15,-1,0,-16,-29,-20,19,-36,-20,0,-2,-13,-25,14,16,-35,-20,-2,-1,-10,15,29,21,21,55,71,-1,19,45,21,21,37,82,67,2
0,-8,-26,-5,1,-21,-10,-3,-2,-15,-11,24,-6,-17,-12,-3,-1,-18,-29,-12,-27,-30,-13,-3,-1,-11,-36,-28,-7,-22,-15,-1,0,18,32,26,23,22,-6,0,-2,3,34,6,-18,20,20,-2,-1,-10,15,20,-11,29,26,-5,-1,-7,-22,-12,11,13,0,-5,6
0,70,50,12,-38,-25,-10,-3,-2,90,16,12,24,-33,-12,-3,-1,36,-38,-4,35,-23,-13,-3,-1,-19,-36,1,24,-22,-15,-1,0,-16,-25,19,3,-36,-20,0,-2,-13,8,33,-22,-35,-14,-2,-1,43,36,25,-6,1,55,-5,-1,70,50,21,21,33,17,-5,2
0,-8,-21,12,-16,-25,-10,-3,-2,-15,-11,6,-36,-5,-6,-3,-1,-11,26,-4,-8,31,9,-3,-1,34,15,-36,16,14,5,-1,0,67,21,-16,23,30,41,0,-2,90,34,33,28,-9,-20,-2,-1,-10,-19,11,21,-35,-18,-5,-1,-7,-26,16,-9,-28,-12,-5,4
0,-8,-26,7,18,-16,-10,-3,-2,-15,-29,24,4,-29,-12,-3,-1,-18,13,33,-24,-30,-13,-3,-1,-19,23,1,-39,-31,-15,-1,0,12,32,19,19,-3,-20,0,-2,-5,34,29,1,20,31,-2,-1,-10,15,2,-43,9,60,-5,-1,-7,-17,10,21,37,64,-5,6
0,-8,-21,-22,12,35,5,-3,-2,-8,11,24,29,30,22,-3,-1,29,26,13,11,31,17,-3,-1,4,27,21,20,18,-15,-1,0,-16,-18,11,23,5,-20,0,-2,-13,-25,6,32,33,-3,-2,-1,-10,-32,25,30,29,1,-5,-1,-7,-26,-6,21,21,0,-5,8
0,-8,25,24,6,-4,-10,-3,-2,38,11,-42,19,15,-12,-3,-1,43,0,-29,23,24,-13,-3,-1,12,23,17,24,30,5,-1,0,-16,-22,-12,-30,14,35,0,-2,-13,-25,-27,-29,16,26,-2,-1,-10,19,-17,-20,25,1,-5,-1,-7,17,5,21,5,-12,-5,9
0,-8,-11,12,6,-25,-10,-3,-2,0,25,-18,29,-25,-12,-3,-1,9,9,-16,35,-30,-13,-3,-1,-4,-1,25,24,10,-9,-1,0,-16,-29,7,-10,30,21,0,-2,-13,-3,-27,-29,16,26,-2,-1,-10,27,2,-20,29,16,-5,-1,-7,-12,5,21,17,-6,-5,3
0,-8,-11,18,-55,-25,-10,-3,-2,-15,7,0,-46,-5,-12,-3,-1,-4,26,-12,8,20,-13,-3,-1,42,7,-11,24,-27,-2,-1,0,67,9,11,15,14,55,0,-2,74,34,33,24,-5,-14,-2,-1,4,-2,29,-43,-35,-18,-5,-1,-7,-2,21,-53,-28,-12,-5,4
0,-8,-21,7,-44,-25,-10,-3,-2,-15,7,6,-46,-33,-12,-3,-1,-11,26,-20,-27,-30,-13,-3,-1,19,27,-3,-23,-22,-15,-1,0,18,32,19,23,26,1,0,-2,11,23,-23,-29,3,31,-2,-1,-10,15,11,-25,9,35,-5,-1,-7,-17,5,21,25,-6,-5,6
0,-8,-26,1,23,13,-10,-3,-2,-15,-38,24,29,-9,-12,-3,-1,-18,-29,37,35,-23,-13,-3,-1,-19,-5,29,8,-31,-15,-1,0,-16,-6,26,23,-36,-20,0,-2,-13,12,33,28,-31,-20,-2,-1,-10,6,29,7,-35,-18,-5,-1,-7,12,21,-9,-28,-12,-5,1
0,-8,4,24,23,5,-10,-3,-2,-15,11,0,24,7,-12,-3,-1,-18,-29,-4,23,4,-13,-3,-1,-19,-5,29,24,30,24,-1,0,-16,-25,0,15,-3,14,0,-2,-13,-25,14,5,-35,-20,-2,-1,-10,-15,29,-29,-35,-18,-5,-1,-7,21,-12,-57,-28,-12,-5,7
0,96,40,24,23,5,-10,-3,-2,45,7,24,29,18,-12,-3,-1,-18,-4,37,35,-19,-13,-3,-1,-19,23,29,-15,-31,-15,-1,0,-16,9,7,-6,-27,-20,0,-2,-13,-22,-1,28,20,-8,-2,-1,-10,-19,-26,-11,29,30,-5,-1,44,26,16,-4,5,0,-5,3
0,123,55,24,23,43,63,-3,-2,15,-2,-48,-31,-17,-12,-3,-1,49,0,-29,-27,-30,-13,-3,-1,12,27,17,-11,-27,-15,-1,0,-16,-22,-4,15,22,-6,0,-2,-13,-25,-27,-25,33,20,-2,-1,30,-19,-35,7,25,-18,-5,-1,121,50,21,1,-24,-12,-5,5
0,-8,14,24,23,26,-10,-3,-2,-15,16,0,-1,22,-12,-3,-1,-18,-29,-16,11,8,-13,-3,-1,-19,-36,-3,24,-10,-15,-1,0,-16,-29,-8,23,-11,-20,0,-2,-13,-11,-27,-3,25,-20,-2,-1,17,36,-21,3,29,-18,-5,-1,-7,7,21,21,1,-12,-5,3
0,-8,35,-22,-21,5,-10,-3,-2,8,25,24,4,-5,-12,-3,-1,-4,17,-25,-27,-30,-13,-3,-1,19,19,-16,-39,-31,-15,-1,0,-2,28,26,-6,-36,-20,0,-2,-13,-25,-20,32,-26,-20,-2,-1,-10,-15,-7,30,-19,-18,-5,-1,-7,26,10,-14,-28,-12,-5,5
0,-8,14,12,23,30,-2,-3,-2,60,-7,-48,-21,30,8,-3,-1,-18,-42,-25,11,20,-13,-3,-1,-19,-36,-7,16,-22,-15,-1,0,-16,-29,-8,11,-32,-20,0,-2,-13,-25,-27,1,20,-14,-2,-1,-10,-32,-44,-29,29,1,-5,-1,-7,40,21,6,9,-12,-5,3
0,44,14,18,23,18,-10,-3,-2,68,25,-12,-31,26,-6,-3,-1,63,13,-29,-27,20,24,-3,-1,65,15,-36,-39,30,31,-1,0,39,32,-35,-42,26,21,0,-2,35,34,-23,-10,33,-8,-2,-1,17,36,-17,26,13,-18,-5,-1,-7,7,21,11,-24,-12,-5,0
0,-8,-6,7,12,43,12,-3,-2,-15,-20,-6,-1,30,-6,-3,-1,-18,-42,-29,0,24,-13,-3,-1,-19,-1,29,24,35,64,-1,0,-16,28,15,23,-7,-6,0,-2,-13,-25,3,16,-35,-20,-2,-1,-10,-24,20,-16,-35,-18,-5,-1,-7,12,5,-53,-28,-12,-5,7
0,-8,14,1,-5,1,-10,-3,-2,-15,-11,24,29,18,1,-3,-1,-4,17,37,35,24,2,-3,-1,-4,15,29,24,2,-15,-1,0,12,32,26,23,-3,-20,0,-2,19,34,33,32,8,-20,-2,-1,4,15,29,30,-3,-18,-5,-1,-7,-7,-6,1,1,-12,-5,1
0,-8,-26,-16,-21,-25,-10,-3,-2,-15,-42,24,-41,-33,-12,-3,-1,-18,-17,29,-27,-30,-13,-3,-1,-19,-1,9,-39,-18,-15,-1,0,-16,21,-4,11,18,48,0,-2,-13,19,33,1,-35,54,79,-1,-10,-7,29,-20,1,45,-5,-1,-7,-26,-23,16,29,11,-5,6
0,-8,-21,-5,-10,-25,-10,-3,-2,-15,11,-12,-51,-33,-12,-3,-1,2,13,-29,-27,-30,-13,-3,-1,19,7,-36,-39,-31,-15,-1,0,18,24,11,7,-7,-20,0,-2,-13,34,18,-10,12,37,-2,-1,-10,10,6,-25,5,40,-5,-1,-7,-22,-1,21,21,6,-5,6
0,-8,25,24,6,-12,-10,-3,-2,-15,-20,18,9,18,-12,-3,-1,-18,-42,-4,-4,31,-13,-3,-1,-19,-36,-36,-27,35,-9,-1,0,-16,-29,-35,-14,22,-20,0,-2,-13,-25,-27,20,-1,-20,-2,-1,-10,-15,25,30,17,21,122,-1,-7,2,21,-9,9,59,127,2
0,-8,-11,-5,18,9,-10,-3,-2,8,16,-12,-26,26,1,-3,-1,36,0,-29,-16,31,17,-3,-1,42,-1,-32,0,35,31,-1,0,-9,28,26,-6,1,28,0,-2,-13,-25,-27,-29,-14,26,-2,-1,-10,-15,-17,-20,17,16,-5,-1,-7,-12,21,16,5,-6,-5,9
0,-8,-16,12,6,-21,-10,-3,-2,-15,16,24,14,11,-12,-3,-1,9,26,17,-24,20,9,-3,-1,19,27,-24,-39,10,44,-1,0,25,21,-35,-42,1,55,0,-2,3,30,-27,-25,29,26,-2,-1,-10,15,11,26,25,-13,-5,-1,-7,-17,5,21,-8,-12,-5,0
0,18,25,24,23,9,-10,-3,-2,60,25,6,29,15,-12,-3,-1,-11,-29,-16,35,4,-13,-3,-1,-19,-36,17,16,-27,-15,-1,0,-16,-22,26,23,14,1,0,-2,-13,-25,-9,13,33,42,-2,-1,-10,-24,-12,21,29,11,-5,-1,-7,26,21,6,-8,-12,-5,3
0,-8,-16,1,18,26,-2,-3,-2,-8,16,12,19,11,42,-3,-1,16,26,-16,-27,-23,47,-3,-1,42,19,-36,-39,-6,37,-1,0,12,17,-35,-42,1,8,0,-2,-5,34,-23,-25,25,-14,-2,-1,-10,15,-3,7,-3,-18,-5,-1,-7,-17,5,11,-24,-12,-5,0
0,44,20,-5,1,39,34,-3,-2,30,25,-18,-11,-1,-6,-3,-1,9,13,-29,-27,-30,-13,-3,-1,12,27,13,4,-10,-15,-1,0,-9,-10,-20,-10,22,14,0,-2,-13,-25,-27,-29,-1,26,-2,-1,4,-7,-26,-20,25,-4,-5,-1,70,50,21,21,5,-12,-5,5
0,-8,-21,12,18,-8,-10,-3,-2,-15,-7,24,-1,-13,-12,-3,-1,-11,26,13,-27,-30,-13,-3,-1,4,27,13,-19,-31,-15,-1,0,12,32,26,23,-3,-20,0,-2,-5,30,-1,-14,33,3,-2,-1,-10,15,16,-25,29,26,-5,-1,-7,-22,-1,21,37,41,-5,6
0,-8,9,12,-5,-25,-10,-3,-2,-8,25,6,-41,-25,-6,-3,-1,2,26,9,-12,20,17,-3,-1,-19,-8,29,24,26,-15,-1,0,-16,13,26,23,1,-20,0,-2,-13,34,6,9,29,-20,-2,-1,4,36,-35,-20,29,1,-5,-1,-7,7,16,21,37,6,-5,8
0,-8,-21,-5,12,-25,-10,-3,-2,-15,-7,24,9,-33,-12,-3,-1,-11,26,0,-27,-30,-13,-3,-1,34,27,-16,-19,-14,-15,-1,0,32,32,26,23,30,14,0,-2,-13,34,21,-14,20,20,-2,-1,-10,6,29,21,29,1,-5,-1,-7,-22,-6,11,9,-12,-5,6
0,-8,-11,1,23,43,12,-3,-2,0,25,24,4,30,15,-3,-1,36,17,-20,11,31,-6,-3,-1,19,-16,-24,24,-14,-15,-1,0,-16,-29,7,7,-36,-20,0,-2,-13,-14,33,-10,-26,-3,-2,-1,-10,-19,29,12,25,11,-5,-1,-7,-26,16,21,5,-12,-5,2
0,-8,-26,-16,-5,-25,-10,-3,-2,-15,-38,18,-11,-33,-12,-3,-1,-18,4,33,-24,-19,47,-3,-1,27,27,-20,-39,26,64,-1,0,67,32,-20,3,30,14,0,-2,59,34,33,32,12,-20,-2,-1,-10,-7,6,30,-7,-18,-5,-1,-7,-26,-12,21,-12,-12,-5,4
0,-8,-26,-22,12,-25,-10,-3,-2,-15,-38,24,-1,-33,-12,-3,-1,-18,9,37,-24,-19,24,-3,-1,19,27,-11,-31,35,44,-1,0,60,32,-35,-10,30,28,0,-2,67,34,33,32,12,-14,-2,-1,4,-2,-3,30,-19,-18,-5,-1,-7,-26,-12,-4,-28,-12,-5,4
0,-8,-21,7,-49,-25,-10,-3,-2,-15,-15,12,-41,-33,-12,-3,-1,-18,13,25,4,-11,-13,-3,-1,-4,23,25,8,30,18,-1,0,32,32,-20,-42,14,35,0,-2,3,30,-1,-29,16,14,-2,-1,-10,-11,25,-20,25,6,-5,-1,-7,-26,5,21,9,-12,-5,6
0,70,50,18,-55,-25,-10,-3,-2,38,25,24,-21,-33,-12,-3,-1,-11,-4,37,-4,-30,-13,-3,-1,-19,-12,29,-35,-31,-15,-1,0,-16,9,11,-42,-36,-20,0,-2,11,30,3,-29,-35,-20,-2,-1,96,36,16,26,25,6,-5,-1,95,50,21,21,25,6,-5,2
0,-8,-11,-5,6,-21,-10,-3,-2,30,25,-6,14,-9,-12,-3,127,89,-8,-29,15,-15,-13,-3,-1,12,-20,-36,24,-31,-15,-1,0,-16,-29,-16,3,-36,-20,0,-2,-13,-25,3,5,-35,-20,-2,-1,-10,-32,11,-2,-19,6,-5,-1,-7,-22,10,6,21,76,67,2
0,-8,30,24,23,22,-10,-3,-2,-15,-2,24,-16,-25,-12,-3,-1,-11,26,9,-27,-30,-13,-3,-1,-19,15,29,-7,-31,-15,-1,0,-16,-29,-20,19,-19,-20,0,-2,-13,-25,-27,24,-1,-20,-2,-1,-10,-19,-7,30,-19,-18,-5,-1,-7,40,21,-14,-28,-12,-5,5
0,44,50,24,1,-25,-10,-3,-2,45,2,-24,29,-33,-12,-3,-1,2,-38,0,23,-30,-13,-3,-1,-19,-36,5,-7,-31,-15,-1,0,-16,-29,23,-22,-36,-20,0,-2,-13,0,29,-29,-35,-20,-2,-1,-10,27,6,-16,-15,-9,-5,-1,19,50,21,21,37,41,-5,2
0,-8,20,1,1,26,34,-3,-2,-8,16,-36,-31,-17,1,-3,-1,9,21,21,8,-27,-13,-3,-1,12,23,-3,4,14,-15,-1,0,-16,-25,-35,-42,22,8,0,-2,-13,-25,-27,-29,8,26,-2,-1,-10,10,-40,-43,-3,21,-5,-1,-7,17,21,21,33,11,-5,5
0,-8,14,18,23,43,34,-3,-2,0,25,-6,-26,-33,-12,-3,-1,2,26,-8,-27,-30,-13,-3,-1,19,27,29,12,-31,-15,-1,0,53,21,-12,19,-15,-20,0,-2,11,-22,-27,13,-1,-20,-2,-1,-10,-32,-17,30,-19,-18,-5,-1,-7,17,21,-18,-28,-12,-5,5
0,-8,4,18,6,-12,-10,-3,-2,-15,11,12,24,15,-12,-3,-1,-18,17,17,23,28,24,-3,-1,-19,-1,29,20,2,-15,-1,0,-2,32,26,23,-27,-20,0,-2,51,34,-20,24,8,-20,-2,-1,57,36,-3,21,9,-18,-5,-1,-7,12,10,6,-20,-12,-5,8
0,-8,-6,18,-21,-25,-10,-3,-2,-15,20,12,24,-13,-12,-3,-1,36,26,-8,-16,24,-13,-3,-1,19,7,-36,-39,10,18,-1,0,18,5,-35,-42,-3,35,0,-2,-13,26,-27,-29,8,26,-2,-1,-10,27,16,17,29,-13,-5,-1,-7,-17,10,11,1,-12,-5,0
0,-8,25,-22,-21,-8,-10,-3,-2,45,20,0,19,22,-12,-3,-1,43,4,-29,11,31,17,-3,-1,-11,-1,13,0,18,37,-1,0,-16,-29,-35,-42,-3,35,0,-2,-13,-25,-27,-29,8,20,-2,-1,-10,15,-17,-25,25,1,-5,-1,-7,36,21,21,1,-12,-5,9
0,-8,-16,12,-38,-25,-10,-3,-2,-15,-7,0,-51,-33,-12,-3,-1,-11,21,-25,-27,-30,-13,-3,-1,4,23,-36,-39,-31,-15,-1,0,25,32,26,23,18,-13,0,-2,3,34,3,-14,-5,42,-2,-1,-10,19,6,-38,-3,35,-5,-1,-7,-12,-1,21,33,11,-5,6
0,-8,-1,18,1,9,-10,-3,-2,-15,11,24,-1,18,8,-3,-1,16,26,9,-27,0,17,-3,-1,12,15,-32,-39,-14,37,-1,0,12,1,-35,-42,-3,8,0,-2,-5,26,-27,-29,12,-3,-2,-1,-10,19,-3,-2,25,-18,-5,-1,-7,-7,10,16,-12,-12,-5,0
0,-8,25,24,-38,-25,-10,-3,-2,-8,-2,12,9,-33,-12,-3,-1,-18,-42,9,15,-30,-13,-3,-1,-19,-28,9,12,-18,-15,-1,0,-16,13,26,23,30,28,0,-2,-13,-14,33,-14,-14,-14,-2,-1,-10,-2,16,-43,-35,-18,-5,-1,-7,36,-34,-57,-28,-12,-5,7
0,-8,20,18,18,-16,-10,-3,-2,8,2,-48,24,-9,-12,-3,-1,-18,-42,-29,35,-23,-13,-3,-1,-4,11,17,24,35,57,-1,0,-2,17,23,3,-11,-13,0,-2,-13,-14,33,-29,-35,-20,-2,-1,-10,-11,20,-43,-35,-18,-5,-1,-7,26,-28,-57,-28,-12,-5,7
0,-8,-21,-16,23,43,12,-3,-2,-15,16,-6,-11,30,42,-3,-1,-18,-25,-29,-27,28,32,-3,-1,-19,-36,-36,-11,35,5,-1,0,-16,-6,11,23,30,41,0,-2,-5,34,25,32,-14,-20,-2,-1,-10,-24,-7,30,-35,-18,-5,-1,-7,-26,-1,-23,-28,-12,-5,7
0,-8,-21,-5,23,43,63,-3,-2,-15,11,12,-11,15,62,-3,-1,-18,-25,-29,-27,20,17,-3,-1,-19,-36,-36,-27,30,-15,-1,0,-16,-22,23,23,30,41,0,-2,-13,-14,21,32,-1,-14,-2,-1,-10,-32,-12,3,-35,-18,-5,-1,-7,-26,5,-43,-28,-12,-5,7
0,-8,-16,-10,18,5,-10,-3,-2,-15,16,18,-16,26,1,-3,-1,9,26,-16,-27,12,17,-3,-1,12,19,-36,-39,-2,37,-1,0,32,17,-35,-42,-11,28,0,-2,19,34,-23,-29,16,3,-2,-1,4,27,11,3,29,-13,-5,-1,-7,-22,10,6,-8,-12,-5,0
0,-8,-21,1,-33,-25,-10,-3,-2,-15,7,18,-51,-33,-12,-3,-1,9,26,13,-27,-30,-13,-3,-1,34,27,5,-35,-31,-15,-1,0,39,32,26,19,-7,-20,0,-2,35,34,6,5,33,-3,-2,-1,-10,2,29,17,25,35,-5,-1,-7,-22,-12,16,29,11,-5,6
0,44,35,7,23,39,-2,-3,-2,45,25,12,4,-5,-12,-3,-1,36,26,0,-27,-30,-13,-3,-1,34,27,29,4,-27,-15,-1,0,-16,-22,-12,19,1,-20,0,-2,-13,-25,-27,5,29,-20,-2,-1,-10,-28,-12,30,9,-18,-5,-1,19,50,21,6,-24,-12,-5,5
0,-8,9,7,-5,-21,-10,-3,-2,30,16,0,19,3,-12,-3,-1,16,17,-16,11,4,-13,-3,-1,-19,-5,25,16,-22,-15,-1,0,-16,-25,19,23,-11,-20,0,-2,-13,8,6,-18,29,3,-2,-1,-10,19,-21,-38,9,21,-5,-1,-7,7,21,21,9,-6,-5,8
0,18,40,24,23,26,-2,-3,-2,75,20,-36,9,30,8,-3,-1,69,0,13,35,4,-13,-3,-1,-19,-16,29,20,-14,-15,-1,0,-16,-29,-27,-1,22,-13,0,-2,-13,-25,-27,-25,33,20,-2,-1,-10,-19,-40,-20,29,26,-5,-1,19,40,21,21,17,-6,-5,3
0,-8,-26,-5,23,1,-10,-3,-2,-15,-7,24,4,-25,-12,-3,-1,2,26,17,-27,-30,-13,-3,-1,27,27,13,-23,-31,-15,-1,0,32,32,15,19,10,-20,0,-2,-5,30,3,-18,33,9,-2,-1,-10,6,20,-20,29,30,-5,-1,-7,-26,-17,21,37,47,-5,6
0,18,25,18,23,22,-10,-3,-2,45,2,-48,-16,22,-12,-3,-1,29,-38,-20,23,-3,-13,-3,-1,-19,-36,5,24,-6,-15,-1,0,-16,-29,-35,-38,22,14,0,-2,-13,-25,-27,-29,-5,31,-2,-1,-10,-24,-44,-29,9,16,-5,-1,-7,45,21,21,1,-12,-5,3
0,-8,20,24,18,35,-2,-3,-2,-8,20,18,-26,7,35,-3,-1,23,26,-25,-27,-27,47,-3,-1,42,15,-36,-39,-14,37,-1,0,32,-6,-35,-42,-11,21,0,-2,27,8,-27,-29,20,-14,-2,-1,-10,36,-21,12,13,-18,-5,-1,-7,12,16,-9,-24,-12,-5,0
0,-8,-26,-39,-5,-21,-10,-3,-2,-15,-47,12,19,-25,-12,-3,-1,-18,-21,37,-8,-30,-13,-3,-1,-19,-5,25,-31,-31,-15,-1,0,-16,9,15,-42,-36,-20,0,-2,-13,26,33,32,-1,-20,-2,-1,-10,-7,29,-2,25,11,-5,-1,-7,-26,-34,11,37,35,-5,6
0,-8,-26,-67,-27,35,41,-3,-2,-15,-47,-54,29,30,49,-3,-1,-18,-17,33,35,31,32,-3,-1,19,27,29,24,35,-2,-1,0,12,1,-4,23,30,-20,0,-2,-13,-25,-16,32,33,-3,-2,-1,-10,-32,-40,17,29,-18,-5,-1,-7,-26,-67,-18,33,-12,-5,1
0,-8,-21,7,-10,-21,-10,-3,-2,-15,7,-36,-16,7,-12,-3,-1,-18,0,13,15,28,-13,-3,-1,-19,-32,21,24,35,18,-1,0,-16,-29,-35,-42,5,48,0,-2,-13,-25,-27,-29,-14,42,-2,-1,-10,-24,-26,-25,21,35,-5,-1,-7,-17,-6,16,37,17,-5,9
0,-8,-26,-33,18,26,-2,-3,-2,15,7,24,9,30,8,-3,-1,83,26,-4,-12,31,9,-3,-1,12,-16,-32,20,18,-15,-1,0,-16,-29,-8,23,5,-13,0,-2,-13,-14,-20,-14,29,20,-2,-1,-10,19,25,-6,9,50,-5,-1,-7,-22,-23,16,37,53,-5,3
0,-8,9,-39,12,30,-10,-3,-2,-15,25,18,-21,3,1,-3,-1,9,26,0,-27,-15,17,-3,-1,27,11,-32,-39,-10,31,-1,0,39,-2,-35,-42,14,1,0,-2,19,4,-27,-14,16,-20,-2,-1,17,19,-21,26,-19,-18,-5,-1,-7,2,16,-28,-28,-12,-5,0
0,44,55,-10,-66,-25,-10,-3,-2,38,25,24,-36,-33,-12,-3,-1,2,0,21,4,-30,-13,-3,-1,-19,-36,-7,0,-31,-15,-1,0,-16,-29,3,7,-36,-20,0,-2,-13,4,29,28,16,9,-2,-1,17,36,29,30,29,55,46,-1,44,45,10,1,21,29,-5,2
0,-8,-26,-39,18,30,-2,-3,-2,-15,-38,12,29,30,15,-3,-1,-18,-8,37,35,31,17,-3,-1,27,23,29,24,35,-9,-1,0,5,-2,3,23,30,8,0,-2,-13,-25,14,32,33,-14,-2,-1,-10,-32,11,30,29,-13,-5,-1,-7,-26,-34,11,21,-6,-5,1
0,-8,-16,1,-27,-25,-10,-3,-2,-15,20,12,24,-9,-12,-3,-1,23,0,-12,-20,24,-6,-3,-1,42,-5,-36,-39,2,18,-1,0,32,1,-35,-42,-19,35,0,-2,3,26,-27,-29,-14,14,-2,-1,-10,6,11,-25,21,-4,-5,-1,-7,-22,5,16,9,-12,-5,0
0,-8,-21,-27,6,18,-10,-3,-2,0,11,12,19,30,15,-3,-1,9,26,-8,19,31,2,-3,-1,-19,-12,9,8,35,18,-1,0,-16,-29,-35,-42,26,35,0,-2,-5,-22,-27,-29,20,42,-2,-1,-10,19,-7,-25,17,21,-5,-1,-7,-26,-28,16,37,47,-5,9
0,-8,-11,12,6,-21,-10,-3,-2,-15,-7,24,29,3,-12,-3,-1,-18,-8,37,15,28,-6,-3,-1,-19,-28,21,24,30,-2,-1,0,-16,-6,26,23,-11,-20,0,-2,-13,30,14,9,16,-20,-2,-1,4,36,6,7,25,-18,-5,-1,-7,-2,5,16,1,-12,-5,8
0,-8,9,12,-10,-25,-10,-3,-2,38,20,-48,-6,11,-12,-3,-1,43,13,-29,0,31,-13,-3,-1,4,23,29,24,35,5,-1,0,-16,-29,-20,-26,14,35,0,-2,-13,-25,-27,-29,-18,48,-2,-1,-10,15,-21,-43,-7,45,-5,-1,-7,-2,5,21,29,23,-5,9
